Что,Когда,Кто,Тип,Оценка,Откуда,Тэги,Жанр,Фича
Heart — Alone,,,,,,,,
Kenshi Yonezu — Unbelievers {Неверующие / アンビリーバーズ},,,,,,,,
Mai Yamane — The Real Folk Blues [1 Ending Cowboy Bebop / Ковбой Бибоп],,,,,,,,
Hollywood Undead — Lump Your Head,,,,,,,,
Veil of Maya — Dark Passenger,,,,,,,,
Lorien Testard feat. Alice Duport-Percier — Spring Meadows - Beneath the Blue Tree [OST; Clair Obscur: Expedition 33],,,,,,,,
Masaki Kurokawa & Kenichi Tsuchiya — Opening [OST; Persona 2: Innocent Sin],,,,,,,,
Kenichi Tsuchiya — Opening {オープニング} [OST; Persona 2: Eternal Punishment],,,,,,,,
Kotaro Nakagawa — All Hail Britannia!!! [OST; Code Geass: Lelouch of the Rebellion / Код Гиас: Восставший Лелуш],,,,,,,,
Sawano Hiroyuki — CURTSY ,,,,,,,,
СТРИМ №271 (22.08.26),, ,,,,,,
1) Dr. Dre & Ice Cube — Natural Born Killaz [OST; Murder Was the Case / Убийство было делом],13:30,Rtur,донат,атлична+,Фильм,,рэп,
"2) Frederic — Nonsense Nonsense {Бессмыслица, бессмыслица / Nonsense Nonsense / ナンセンスナンセンス} [11 Ending Aware! Meisaku-kun / Всезнайка Мэйсаку!]",27:00,Svd_bb,долг Х7🥀,атлична - -,Аниме,,поп / инди / поп-рок,
"3) Flёur — Эйфория {Euphoria} (Live; ЦДХ, Москва 2011)",35:55,Чай который святой,донат,нормас,,live,фолк / поп,ЭСТЕТИКА ЛЮБИТЕЛЬСКОЙ ЗАПИСИ ЛАЙВА
4) MYTH & ROID — ANGER/ANGER [1 Ending Bubuki Buranki / Бубуки Буранки],51:45,DzenDish,заказ,хорошечно++,Аниме,,метал / электронное,
5) Giant Claw & galen tipton & diana starshine — CRASH + Котик Боня,1:05:20,Matumbafan89,долг Х6👻,атлична+,,progressive,электронное / инди,
6) Sou — Chocolate Town {Шоколадный город / Chocolate Town / チョコレートタウン},1:38:35,kumashisan,заказ,хорошечно++,,,поп-рок,
7) Bloody Cumshot — Vaginal Fluid Harvester,1:48:10,MeinJurer,донат,нормас+,,,метал,
8) Intervals — I'm Awake,2:03:40,Hantrik,долг Х5⚰️,хорошечно++,,progressive,метал / инструментал,
9) ROOKiEZ is PUNK'D — Complication {Сложность / Complication / コンプリケイション} [2 Opening Durarara!! / Дюрарара!!],2:14:55,Aleks kun,донат,нормас++,Аниме,,поп-рок,
10) JUNNA — Here ～New version～ [1 Opening Mahoutsukai no Yome / Невеста чародея],2:28:55,Максим Киберспорт,долг Х4☠️,гениально - -,,,фолк / инди,плохое сведение
11) Masayoshi Soken feat. Amanda Achen — Flow [Final Fantasy XIV: Endwalker OST],2:43:50,Lazycat,донат,атлична+,Игра,,оркестровое / баллада,
12) New Trolls — III Tempo: Cadenza - Andante con moto [OST; La vittima designata / Заказанная жертва],3:05:05,Веля Моря,долг Х3💀,атлична+,Фильм,,оркестровое / баллада / поп-рок,
13) HIM — Join Me in Death,3:14:15,Gryryfytygy,донат,хорошечно++,,,рок,
14) Magdalena Bay — Second Sleep,,Matumbafan89,долг Х2,гениально,,,инди / оркестровое ,
15) Masayoshi Soken feat. Jason Charles Miller — Close in the Distance [FINAL FANTASY XIV: Endwalker OST],,Lazycat,донат,хорошечно,Игра,,поп-рок / баллада,бесконечный трек
16) Aoi Rose — JOKI-JOKI (Official Music Video),,wend1g,долг,гениально - -,,,поп / электронное,
17) Clarion — Lotus,,Indie Anthems,донат,нормас++,,,инди / поп-рок,хороший вокал
18) BleylockBeatz — Wunschpunsch Intro Old (Michel Dax - Wunschpunsch Intro; Remix) [OST; Wunschpunsch / Вуншпунш],,Rtur,долг Х7🥀,кринж-контент++,Фильм,remix,электронное / инструментал,
19) Masayoshi Soken — Civilizations {LAHEE} (FINAL FANTASY XIV DIGITAL FAN FESTIVAL 2021 - Day1; Live) [Final Fantasy XIV: Shadowbringers],,Lazycat,донат,нормас,,"meme, live, remix",оркестровое / баллада / ,
20) ZUTOMAYO — Fig Smoke {Ichijiku Kemuri / イチジク煙} [1 Opening Smoking Behind the Supermarket with You / История о перекуре за супермаркетом],,kumashisan; Svd_bb,заказ,атлична - -,Аниме,,инди / поп-рок,
21) Yasunori Mitsuda — Shadow Forest {影切りの森} [Chrono Cross OST],,SinWarlock,долг Х6👻,атлична-,Игра,,инструментал / оркестровое / электронное,
22) Tommy heavenly6 — Unlimited Sky [OST; Mobile Suit Gundam 00 / Мобильный воин Гандам 00],,kittycassio,донат,хорошечно - -,Аниме,,поп-рок,
23) MYTH & ROID — Why? RED induction [1/2 Opening Saga of Tanya the Evil II / Военная хроника маленькой девочки 2],,DzenDish,долг Х5⚰️,атлична - -,Аниме,,электронное / рок,
24) A Lot Like Birds — Shaking of the Frame,,Indie Anthems,донат,гениально - -,,,инди / метал,
СТРИМ №270 (20.08.26),, ,,,,,,
ДОЛГОВОЙ,, ,,,,,,
"1) Aina Suzuki — Love is all, I sing love is all! (Сейю: Mari Ohara) [OST; Love Live! Sunshine!! / Живая любовь! Сияние!!]",12:00,Ivan_Vitalyevich; Napporaivo,заказ,хорошечно-,Аниме,,поп-рок,
2) Linkin Park — CASTLE OF GLASS [OST; Medal of Honor: Warfighter / Медаль за отвагу: Боец],29:45,Enotishche,долг Х7🥀,атлична - -,Игра,,поп-рок,
"3) MAN WITH A MISSION & ‌milet — Koi Kogare {コイコガレ} [1/4 Ending Demon Slayer: Kimetsu no Yaiba Swordsmith Village Arc / Клинок, рассекающий демонов: Деревня кузнецов]",41:40,DzenDish,долг Х6👻,хорошечно,Аниме,,рок / поп-рок,
4) James Primate — Threat - Garbage Wastes [Rain World OST],54:20,UnknownSekorsky,долг Х5⚰️,нормас++,Игра,,инди / инструментал,
5) Yutaka Yamada — Das zweite Kapitel {Вторая глава / The Second Chapter} [OST; Tokyo Ghoul √A / Tokyo Ghoul 2nd Season / Токийский гуль √A],1:02:20,Meleis,долг Х4☠️,атлична - -,Аниме,,инди / инструментал,
6) Takanori Arisawa — Protect The Stars #1 [OST; Sailor Moon / Красавица-воин Сейлор Мун],1:11:40,Rtur,долг Х3💀,хорошечно+,Аниме,,оркестровое / инструментал / поп,
7) Tokyo Philharmonic Orchestra — Doctor Funk Beat(2021 Live) (nyanyannya feat. KAITO — Doctor=Funk Beat; Cover),1:20:50,RussiChan,долг Х2,хорошечно - -,,,оркестровое / инструментал,
8) Mastodon — Quintessence,1:32:15,Derpy_0,долг,атлична+,,progressive,метал,
8.5) Faryma.composer проходит тест на деменцию,2:02:55,Faryma.composer,,,,,,
9) Minami Shinoda — DANCE! DANCE! 'ROMAN' (Сейю: Tap Dance City) [OST; Uma Musume: Pretty Derby / Девушки-пони: Славное дерби],2:38:25,Svd_bb,заказ,хорошечно+,,,джаз,
9.5) Faryma.composer говорит о сочинении музыки,2:48:35,Faryma.composer,,,,,,
10) mothy feat. Kagamine Rin & Len — Aku no Meshitsukai {Слуга зла / His Significance of Existence / The Servant of Evil / 悪ノ召使} (Live),2:53:30,Meleis,долг Х6👻,ну такое++,,live,поп / баллада,
11) Rhapsody of Fire — Dawn of Victory,3:03:45,@Masyanyechka,заказ,хорошечно++,,,метал,
"12) Jorge Rivera-Herrans, Armando Julián & Teagan Earley — Remember Them [OST; EPIC: The Musical / ЭПИК: Мюзикл]",3:18:00,Triple_AI,долг Х4☠️,хорошечно - -,Фильм,,рок / мюзикл/опера,
13) Rachel Ann Weiss — Rivermoon Romance,3:42:35,DOUBLEYU,долг Х3💀,хорошечно,,,фолк / поп,
"14) DADAROMA — Oboreru Sakana {Рыба, которая утонула / The Fish That Drowned / 溺れる魚}",3:58:35,kumashisan,заказ,хорошечно++,,,метал,хороший вокал
15) Yuki Kajiura — El Cazador [OST; El Cazador de la Bruja / Эль Касадор],4:09:40,Rtur,долг Х2,атлична - -,Аниме,,инди / рок,
15.5) Faryma.composer разыгрывает трек за простаивание работы над сайтом #4,4:20:55,Faryma.composer,,,,,,
СТРИМ №269 (19.08.26),, ,,,,,,
1) Yui Tsukada — ZOKZOK (Сейю: Transcend) [OST; Uma Musume: Pretty Derby / Девушки-пони: Славное дерби],9:50,Svd_bb,заказ,хорошечно-,Игра,,рэп / поп / электронное,
2) Rish feat. Choko — Tanaka {Танака / Tanaka / 田中} (BOFXVII),23:20,wend1g,донат,хорошечно++,,,электронное,
"3) King Crimson — Larks' Tongues in Aspic, Part Two {Языки жаворонков в желе, часть вторая}",37:05,@sergogaimer,долг Х5⚰️,гениально,,progressive,рок,
4) Cynic — Veil of Maya,57:15,Derpy_0,донат,гениально - -,,progressive,метал / инди,
5) Михаил Щербаков — Баб-эль-Мандебский пролив {Bab-el-Mandeb Strait},1:12:05,Alan008,долг Х4☠️,атлична+,,,инди ,
6) Snail's House — Hot Milk,1:24:40,Максим Киберспорт,донат,нормас++,,,электронное / инструментал / поп,
"7) Tony Britten, Academy of St. Martin in the Fields & Royal Philharmonic Orchestra — UEFA Champions League Anthem {Гимн Лиги чемпионов УЕФА} (George Frideric Handel - Zadok the Priest; Original)",1:34:05,Константин Бах,долг Х3💀,атлична,,remix,оркестровое / инструментал,задок
8) XXXTENTACION feat. Kanye West & Travis Barker — One Minute,1:46:15,Мишура,донат,хорошечно,,,рэп / метал,
9) Dimrain47 — Operation: Evolution,1:57:50,Тот который святой чай,долг Х2,хорошечно - -,,,электронное / инструментал,
10) Kishida Kyoudan & The Akeboshi Rockets — Locked Girl (ZUN — Locked Girl ~ The Girl's Secret Room; Touhou Arrange; Cover) [OST; Touhou 06: The Embodiment of Scarlet Devil / Воплощение Алой Дьяволицы],2:19:10,wend1g,заказ,хорошечно+,Игра,,рок,
11) Thelonious Monk — 'Round Midnight,2:30:25,Derpy_0,донат,гениально,,,джаз / инструментал,
12) HOYO-MiX — Deadly Interrogation (Jane Doe Theme) [Zenless Zone Zero OST],2:40:05,enchi__i,долг,хорошечно++,Игра,,электронное / поп / ,ФЕТИШ
13) Hercules & Love Affair feat. Aerea Negrot — Painted Eyes(Moonlight Matters Remix),2:54:20,Rtur,донат,хорошечно,,,электронное / инди / фанк,
СТРИМ №268 (15.08.26),, ,,,,,,
1) Paco de Lucía — Entre dos aguas {Между двумя водами / Entre dos aguas} (1976),21:00,Gryryfytygy,донат,атлична+,,,фолк / инструментал,
2) Akina Homoto — Queendom (Сейю: Lanzhu Zhong) [OST; Love Live! Nijigasaki High School Idol Club / Живая любовь! Клуб идолов старшей школы Нидзигасаки],33:50,Ivan_Vitalyevich,заказ,ну такое+,Аниме,,поп / электронное,
"3) Technopop Yuuki Synthesizer Chan — Zaisoubou, Zairoudou {Повтор, перезагрузка / rebloud / Saihousou, Sairoudo / 再放送、再ロウド。}",55:15,wend1g,донат,атлична+,,,электронное ,
4) Akina Nakamori — Cancel! {Отмена! / キャンセル！},1:29:05,Максим Киберспорт,долг Х8🌋,атлична,,,поп / электронное,
5) Sam Westphalen — Killing Is My Business (Megadeth — Killing Is My Business... and Business Is Good!; Guitar Percussion; Cover),1:40:00,MeinJurer,донат,атлична,,cover,инди / метал,
5.5) Топ донатеров Июня и Июля + ОЧЕНЬ МНОГО КРУТОК DonationAlerts,1:52:15,Faryma.composer,,,,,,
6) MOSAIC.WAV — Love Cheat!,2:17:00,wend1g,заказ,атлична,,,поп / электронное,
7) Magdalena Bay — Death & Romance (Official Video),2:30:30,Matumbafan89,долг Х6👻,атлична++,,,поп / электронное / инди,
8) Ramin Djawadi — The Winds of Winter [OST; Game of Thrones / Игра престолов],2:51:45,cptkooperman,донат,хорошечно - -,Фильм,,оркестровое / инструментал,НАНЕСИТЕ ГЕЛЬ
"9) Andrew Samonsky, Patrick Page & Cast of The Hunchback of Notre Dame — Rest and Recreation [OST; The Hunchback of Notre Dame / Горбун из Нотр-Дама]",3:01:50,Alan008,долг Х5⚰️,атлична,Фильм,,мюзикл/опера,
10) Tommy february6 — Strawberry Cream Soda Pop {○Strawberry●Cream●Soda●Pop○},3:27:10,kittycassio,донат,хорошечно+,,,поп / электронное,стилизация
11) A Lot Like Birds — No Nature,3:42:10,Indie Anthems,заказ,атлична+,,progressive,рок / метал,
11.5) Domitori Taranofu — I Know,3:57:50,Domitori Taranofu,,,,,,
12) Caroline Polachek — Door,4:03:15,Matumbafan89,долг Х4☠️,гениально - -,,,электронное / поп / баллада,
13) Domitori Taranofu — I Know,4:16:20,Domitori Taranofu,заказ,хорошечно-,,,поп / электронное / инструментал,ЗЕФИИИИИР
14) Animals as Leaders — Monomyth (Official Music Video),4:26:55,Hantrik,донат,гениально - -,,progressive,метал / инструментал,
15) Abingdon Boys School — HOWLING -INCH UP- [1 Opening Darker than Black: Kuro no Keiyakusha / Темнее чёрного],4:38:45,meganekka,заказ,атлична+,Аниме,,метал,
16) Lizard Smoothie — Night Sky [Shape of Dreams OST],5:08:05,wend1g,донат,атлична - -,Игра,,электронное / инструментал,
17) Muse — Stockholm Syndrome,5:17:55,Indie Anthems,заказ,гениально - -,,,рок ,
18) Alexandra Căpitănescu — Choke Me (Eurovision 2026; Romania),5:30:25,Napporaivo; SinWarlock,долг Х2,хорошечно+,,,метал / электронное,
19) Electric Light Orchestra — Tightrope,5:41:50,Alan008,донат,атлична,,,электронное/ поп-рок / оркестровое,
20) Razerek — HumanityGoesCrazyAtTheBeginningOfTimeSpaceSuperUltraBullshjit (Chiptune),5:58:45,gougou,долг,атлична,,,электронное / инструментал,
21) Dysmn — Suicide Note II,6:17:15,Derpy_0,донат,ну такое,,ai,метал / электронное,
22) TetraCalyx — Shiguang Tuya {Граффити времени / 时光涂鸦} [Muse Dash OST],6:41:25,Максим Киберспорт,долг Х8🌋,нормас-,Игра,,поп-рок,
23) UVERworld — ROB THE FRONTIER [1/5 Opening The Seven Deadly Sins: Imperial Wrath of the Gods / Семь смертных грехов: Гнев богов],6:52:30,Aleks kun,донат,нормас++,Аниме,,,
СТРИМ №267 (13.08.26),, ,,,,,,
ДОЛГОВОЙ,, ,,,,,,
1) Dirt Poor Robins — Enchanté (Official Audio and Lyrics),14:05,Максим Киберспорт,долг Х9🌑,хорошечно,,,джаз / поп / инди,
2) Graeme Cornies — The War Still Rages Within [Metal Gear Rising: Revengeance OST],28:50,saltees_,долг Х8🌋,нормас,Игра,,электронное / поп-рок,
3) iwamizu — Renka {Песня любви / Renka / 戀歌},42:10,Максим Киберспорт,долг Х7🥀,нормас,,,джаз / инструментал / поп,
4) HOYO-MiX — Selenic Ascension [Genshin Impact OST],53:05,EpicFire,долг Х6👻,хорошечно-,Игра,,оркестровое / инструментал,
"5) Alina Gingertail — Floating Across Water (Paul Romero, Rob King & Steve Baca — Floating Across Water; Cover) [OST; Heroes Of Might And Magic IV / Герои меча и магии IV]",1:02:25,SinWarlock,долг Х5⚰️,хорошечно,Игра,,фолк / инструментал,
6) Iron Maiden — Fear of the Dark(2015 Remaster),1:08:45,Phyz,долг Х4☠️,атлична+,,,метал,
7) Kae Hanazawa — Sailor Star Song {Песня звёздных воинов / Sailor Star Song / セーラースターソング} [1 Opening Pretty Soldier Sailor Moon: Sailor Stars / Красавица-воин Сейлор Мун: Сейлор-звёзды],1:50:20,Rtur,долг Х3💀,атлична - -,Аниме,,поп-рок,
8) Queen — Ogre Battle (Live; Hammersmith Odeon 1975),1:55:15,TRISSAR; Static_Streams_,долг Х2,атлична+,,"live, progressive",рок,
9) Jesus-P feat. Kagamine Rin & Kagamine Len — Remote Control {Пульт / Remote Controller / Rimokon / リモコン} (WONDERFUL★OPPORTUNITY!; Live) + Котик Боня,2:10:40,Meleis,долг,хорошечно,,,электронное / поп,
"10) Jun Maeda — Negai ga Kanau Basho II {Место, где сбываются желания / The Place Where Wishes Come True II / Negai ga Kanau Basho II / 願いが叶う場所II} [VN; OST; Clannad / Кланнад]",2:22:50,ziksp,заказ,нормас+,Игра,,оркестровое / инструментал,
11) Isaak Wolf — Debate,2:32:20,Максим Киберспорт,долг Х8🌋,нормас+,,,метал,
12) Yoann Laulan — Prisoner's Awakening [Dead Cells OST],2:42:00,SinWarlock,долг Х6👻,нормас++,Игра,,инструментал / фолк,
13) Calogero feat. Passi — Face à la mer (Clip officiel),2:50:35,Rtur,долг Х5⚰️,хорошечно+,,,рэп / рок,
14) The Dear Hunter — Waves,3:01:10,Hantrik,долг Х4☠️,атлична-,,,инди / поп-рок,
15) Rhapsody of Fire — The Dark Tower of Abyss,3:10:55,Масянечка,долг Х3💀,атлична - -,,,метал / оркестровое,
16) King Gnu — GO GHOST [1 Opening Koukaku Kidoutai / The Ghost in the Shell / Призрак в доспехах (2026)],3:28:50,Remix,долг Х2,атлична+,Аниме,,,
16.5) Faryma.composer крутит рулетку с чатом на наряд горничной,3:39:45,Faryma.composer,,,,,,
17) Architects — Royal Beggars,3:41:30,sxowlen,донат,хорошечно,,,метал,
17.5) Faryma.composer разыгрывает трек за простаивание работы над сайтом #3,3:53:05,Faryma.composer,,,,,,
СТРИМ №266 (12.08.26),, ,,,,,,
1) Yumiko Mochizuki — O-Light-O {O Light O} (Сейю: Calstone Light O) [OST; Uma Musume: Pretty Derby / Девушки-пони: Славное дерби],13:35,Svd_bb,долг Х5⚰️,атлична,Игра,,рок / оркестровое ,
2) Official HIGE DANdism — White Noise {Белый шум / White Noise / ホワイトノイズ} [1/2 Opening Tokyo Revengers: Christmas Showdown / Токийские мстители: Рождественская битва],27:05,AndrLord,донат,хорошечно-,Аниме,,поп-рок ,
3) EXO-K — MAMA {마마} (Korean ver.),41:30,Meleis,долг Х4☠️,атлична,,,поп / электронное / рок,
4) Tatsuro Yamashita — LOVE SPACE,56:25,Sheruka,донат,гениально - -,,,фанк / поп ,
"5) Takanori Arisawa — The Four Phantom Sisters (Koan, Berthier, Calaveras, Petz) #2 [OST; Bishoujo Senshi Sailor Moon R / Красавица-воин Сейлор Мун Эр]",1:08:15,Rtur,долг Х3💀,нормас++,Аниме,,поп-рок,
6) Shiori Novella — Monsters and Men (ORIGINAL SONG),1:15:50,PoTapkam,донат,нормас,,,метал / электронное / поп,
7) Shinsei Kamattechan — Ikareta Neet {Чокнутый нит / Ikareta Neet / いかれたNeet},1:29:20,Shmatok,долг Х2,атлична-,,,инди / поп-рок,
8) Dysmn — Monster,1:42:55,Derpy_0,донат,нормас - -,,,метал,
8.5) Faryma.composer крутит рулетку с чатом на корм Боне,2:01:25,Faryma.composer,,,,,,
СТРИМ №265 (8.08.26),, ,,,,,,
1) Aiobahn +81 feat. Sana Natori — Taiyou no Rakuen ~Promised Land~ {Солнечный рай / Sunny Paradise / 太陽の楽園} (Miyuki Kanbe — Taiyou no Rakuen ~Promised Land~; Cover) [1 Opening Mermaid Melody: Pichi Pichi Pitch / Мелодия Русалки: Пити Пити Питч],23:30,wend1g,донат,хорошечно-,Аниме,"cover, remix",электронное / поп ,
2) Dionysis Savvopoulos — Thalassografia {Морской пейзаж / Seascape / Thalassographia / Θαλασσογραφία},35:30,Napporaivo,долг Х8🌋,атлична,,,фолк / баллада / инди,
3) Ludwig Göransson — Odysseus [OST; The Odyssey / Одиссея],46:00,Alan008,донат,хорошечно++,Фильм,,инструментал / баллада / фолк,СПАСИБО ЗА ГРЕЦИЮ ДЯДЯ
4) ityo feat. KAFU — Zenbu Kimi no Sei da {Это всё из-за тебя / It's all because of you. / It's All Your Fault / 全部君のせいだ},1:00:25,Максим Киберспорт,долг Х7🥀,нормас-,,,поп ,
5) Neru feat. Kagamine Rin — Lost One no Goukoku {Плач потерянного / Lost One's Weeping / Rosuto Wan no Goukoku / ロストワンの号哭},1:09:20,Aleks kun,донат,хорошечно,,,поп-рок,
6) Kareki Kashiwagi feat. Kasane Teto & Chis-A — Mitsukannai! {Не могу найти! / Missing! / 見つかんない！},1:20:25,Максим Киберспорт,долг Х6👻,хорошечно - -,,,поп-рок / поп,
7) Seiryu — Critical Crystal(BD MIX) [OST; beatmania IIDX 21 SPADA],1:29:55,egorkasprigorca,донат,нормас,Игра,,электронное / инструментал,
8) T.M.Revolution — HOT LIMIT (Live; THE FIRST TAKE),1:58:00,Meleis; kumashisan,долг Х5⚰️,хорошечно,,live,поп-рок ,
9) Kenichiro Suehiro — a hollow shadow [1 Opening Shadows House / Дом теней],2:09:00,Максим Киберспорт,донат,хорошечно+,Аниме,,оркестровое / инди,
10) Haruka Terui — Uzumibi no Eiyuu {Герой тлеющих углей / Smoldering Hero's Soul / 埋火の英雄} (Сейю: Zenno Rob Roy) [OST; Uma Musume: Pretty Derby / Девушки-пони: Славное дерби],2:16:00,Svd_bb,долг Х4☠️,атлична - -,Игра,,метал / оркестровое ,
11) penoreri — Monochrome and Vivid,2:28:20,Gryryfytygy,донат,хорошечно - -,,,электронное / метал / инструментал,
12) Animals as Leaders — Song of Solomon,2:44:20,Hantrik,долг Х3💀,гениально-,,progressive,метал,
13) Peach Hips — Moon Revenge {Лунная месть / Moon Revenge / ムーン・レヴェンジ} [OST; Sailor Moon R: The Movie - The Promise of the Rose / Красавица-воин Сейлор Мун Эр: Опасные цветы],2:54:25,Rtur,донат,атлична - -,Аниме,,поп-рок / окрестровое,
14) Ethel Cain — For Sure (American Football - For Sure; Cover),3:08:15,Matumbafan89,долг Х2,атлична-,,cover,баллада / инди ,
15) Dunik — Запахло весной {Smells of Spring} (Бутырка - Запахло весной; Metal version; Cover),3:24:30,MeinJurer,донат,нормас,,cover,метал ,
15.5) Faryma.composer крутит рулетку с чатом на разные темы,3:54:40,Faryma.composer,,,,,,
16) Chihiro Aoki — Unwavering Belief (boss themes for Jin Kuwana) [Lost Judgment OST],4:00:05,Kami_Samura,долг,хорошечно - -,Игра,,оркестровое / метал / электронное,
"17) RichaadEB, Tre Watson & Lacey Johnson — Une vie à t'aimer (Lorien Testard, Alice Duport-Percier & Victor Borba — Une vie à t'aimer; Metal; Cover) [OST; Clair Obscur: Expedition 33]",4:20:15,Гудвин,донат,хорошечно - -,Игра,cover,метал,скучный гитарист
18) The RAH Band — Messages from the Stars (Starstruck Animation),4:41:35,Максим Киберспорт,долг Х8🌋,атлична++,,,электронное / фанк,
19) False Noise — Space Angel,4:53:05,Hantrik,донат,атлична,,,электронное / инструментал,
"20) Yuna Shinohara & Eriko Kawachi — Violin Sonata No 9 Kreutzer First Movement (Ludwig van Beethoven — Violin Sonata No. 9 'Kreutzer', Op. 47: I; Original) [OST; Your Lie in April / Твоя апрельская ложь]",5:02:55,red_chajek,заказ,гениально - -,Аниме,,оркестровое / инструментал,
21) Tommy heavenly6 & Shunsaku Okuda — LIVING DEAD DINER GIRLS HALLOWEEN (2026 год; remix),5:16:50,kittycassio,донат,хорошечно,,remix,метал ,
22) Ebony Loren & Jason LaPierre — Meet You Again(Reimagined),5:29:35,Максим Киберспорт,долг Х6👻,хорошечно++,,remix,поп / джаз,
23) Deftones feat. Maynard James Keenan — Passenger,5:37:40,trivia_holic,донат,атлична,,,метал,
СТРИМ №264 (07.08.26),, ,,,,,,
ДОЛГОВОЙ,, ,,,,,,
1) VISUAL ARTS / Key — Baka Futari {Два дурака / Baka Futari / バカふたり} [VN; OST; Clannad / Кланнад],,ziksp,долг Х10☄️,хорошечно++,Игра,,электронное / фанк / инструментал,
"2) Minori Suzuki — Dame wa Dame {Нельзя значит нельзя / If it's not allowed, it's not allowed. / ダメハダメ} [1 Ending Magical Sempai / Фокусница-старшеклассница]",,Максим Киберспорт,долг Х8🌋,атлична-,,,поп / поп-рок,
3) Michihiko Ohta — SLASH!! [OST; Digimon Tamers / Укротители Дигимонов],,DzenDish,долг Х7🥀,хорошечно,Аниме,,рок / поп-рок,
4) tomatoism — Someone Special,,Максим Киберспорт,долг Х6👻,хорошечно - -,,,электронное,насилие
5) Ado — Monstruo {Монстр / Monstruo / モンストロ} [OST; Blue Lock / Синяя тюрьма: Блю Лок],,AnonymousAdomin,долг Х5⚰️,атлична,Фильм,,электронное ,
6) DIGITAL DESCENDANT feat. hongmika — IT DOESN'T END HERE [Roblox: Nullscape OST],,Реалм,долг Х4☠️,ну такое+,Игра,,рок / инди / электронное,
7) Magdalena Bay — You Lose!,,Matumbafan89,долг Х3💀,атлична,,,поп-рок / электронное / инди,
8) Alec Holowka — Worship [Aquaria OST],,SinWarlock,долг Х2,нормас-,,,электронное / ,ГЛУБОКО
9) Ludwig Göransson — Sirens [OST; The Odyssey / Одиссея],,Alan008,долг,атлична,Фильм,,инди / фолк / баллада,
10) Ichiro Araki — Hateshinaki Yami no Kanata ni {За гранью бесконечной тьмы / Hateshinaki Yami no Kanata ni / 果てしなき闇の彼方に} [2 Ending Tomorrow's Joe 2 / Завтрашний Джо 2],,lacew8i8ng,заказ,атлична-,,,поп / джаз,
"11) Hayato Sumino — Eight Concert Etudes, Op. 40: No. 3, Toccatina (Nikolai Kapustin - Eight Concert Etudes, Op. 40: No. 3, Toccatina; Original)",,Triple_AI,долг Х7🥀,атлична+,,,джаз / оркестровое,
12) Yui Ogura — Fightin★Pose {Fightin Pose} [1 Opening The Great Jahy Will Not Be Defeated! / Джахи не будет отчаиваться!],,AndrLord; Ivan_Vitalyevich,долг Х6👻,хорошечно,Аниме,,поп / электронное / поп-рок,
13) Mary Halvorson — Night Shift,,Matumbafan89,долг Х5⚰️,гениально - -,,progressive,джаз,так она и попала в этот мир
14) UNISON SQUARE GARDEN — Hatch I Need (20th Anniversary LIVE 'ROCK BAND is fun' 2024.7.24),,Meleis; kumashisan,долг Х4☠️,хорошечно+,,live,рок / инди,
15) Judas Priest — Painkiller,,Gryryfytygy,долг Х3💀,гениально - -,,,метал,
СТРИМ №263 (4.08.26),, ,,,,,,
1) Alfa Bell — Tabi no Tochuu {В пути / Tabi no Tochuu / 旅の途中} (Natsumi Kiyoura - Tabi no Tochuu; UKR Cover) [1 Opening Spice and Wolf / Волчица и пряности],,ziksp,долг Х9🌑,хорошечно-,Аниме,cover,поп / фолк,
2) Billy Joel — Honesty (Official Video),,TRISSAR,донат,атлична-,,,поп-рок / баллада,
3) Huey Lewis & The News — Back in Time [OST; Back to the Future / Назад в будущее],,meganekka,заказ,атлична - -,Фильм,,джаз / фанк / поп,
4) hide — BACTERIA,,kumashisan,донат,атлична - -,,,метал / инди,
5) Ado — Mayonaka no Door {Дверь в полночь / Mayonaka no Door / 真夜中のドア} (Miki Matsubara — Mayonaka no Door ~Stay With Me; Live; Cover),,AnonymousAdomin,долг Х6👻,хорошечно-,,"cover, live",поп / фанк,
6) Taylor Swift — Mean,,Yuri Lukiantsev ,донат,нормас++,,,поп / фолк / инди,
7) My Bloody Valentine — When You Sleep,,Mapperino,долг Х5⚰️,атлична-,,,инди / рок,
8) Led Zeppelin — No Quarter (Remaster),,astro1812,донат,гениально-,,,рок / инди / электронное,
СТРИМ №262 (2.08.26),, ,,,,,,
БЛАГОТВОРИТЕЛЬНЫЙ,, ,,,,,,
1) Oxxxymiron — Жук в муравейнике {Beetle In An Anthill},,@Fuuggaaa,очередь,хорошечно-,,,рэп,
2) Studio EIM — Canto IX Boss 10 Battle Theme (Muga Ryoshu) [Limbus Company OST],,ArtOkno_LG,очередь,атлична - -,Игра,,инструментал / электронное / оркестровое,
3) Blue Stahli — Armageddon (Official Lyric Video),,@the4pekus,очередь,хорошечно-,,,метал / электронное,
4) The Chalkeaters feat. Kyle Wright — It Just Works (BETHESDA Parody),,brizzy_wow,очередь,хорошечно++,,meme,мюзикл/опера,кайфово
5) STED.D — Ты Понял? {You Got It? / You Understand?},,@quericad99,очередь,хорошечно++,,,рэп,
6) MALICE MIZER — Au Revoir {До свидания / Au Revoir / オルヴォワール},,@pierre_lunaire119,очередь,атлична-,,,поп-рок,
7) Surf Curse — Freaks,,@mayner07,очередь,хорошечно-,,,рок / инди,
8) Матросская тишина — Satisfucktion I,,@orange_plus_me,очередь,хорошечно+,,,инди / рок,
9) riya — Chiisana Tenohira(new seasons mix) {Маленькие ладони / Chiisana Tenohira / 小さなてのひら} [VN; OST; Clannad / Кланнад],,ziksp,очередь,атлична - -,Игра,,инди / баллада,
10) MellSher — На краю обрыва {On the Edge of a Cliff},,@Reedvee,очередь,ну такое+,,,метал,
"11) mzlff — айзек {Isaac} (lyric video, 2026; The Binding of Isaac)",,@Vacator06,очередь,ну такое++,,,рок / рэп,
12) Falcom Sound Team jdk — Unfathomed Force [OST; The Legend of Heroes: Trails to Azure / Ao no Kiseki],,@sensationqq,очередь,ну такое++,Игра,,оркестровое / инструментал / рок,
13) Rhapsody of Fire — Agony Is My Name,,@Masyanyechka,очередь,хорошечно+,,,метал,
14) Shiro Sagisu — The Ultra Metallic Symphony [OST; Dragon Raja II: The Mourner's Eyes / Дракон Раджа 2],,@pavel_artf,очередь,нормас+,Аниме,,оркестровое / метал,
15) TiDE — Dawn,,Krasavshik1,очередь,хорошечно+,,,фанк ,
16) ALN — anime openings be like,,Best™,очередь,нормас+,,,поп-рок,
17) Kanako Itou — Uncontrollable [1 Opening ChaoS;Child / Дитя хаоса],,staruhhha,очередь,хорошечно-,Аниме,,метал / электронное,
18) James Primate — Black Moonlight [Rain World OST],,UnknownSekorsky,очередь,хорошечно - -,Игра,,электронное / инструментал,
19) Scizzie — aquatic ambience (David Wise - Aquatic Ambience; Cover) [Donkey Kong Country OST],,Sendy Polaris,очередь,нормас++,Игра,,инструментал / электронное / баллада,
20) Crywolf & YMIR — Alleikhreos Boss Theme (ACHERON / REAPER) [Arknights: Endfield OST],,@BreadSoldat,очередь,атлична-,Игра,,электронное / инструментал / инди,
21) Andreas Waldetoft & Nina Åkerblom Nielsen — Knights Of Jerusalem [OST; Crusader Kings 3 / Crusader Kings III],,Kuhulinl,очередь,хорошечно - -,,,оркестровое / инструментал / фолк,
22) Hedningarna — Tuuli {Ветер / Tuuli / Wind},,lacew8i8ng,очередь,гениально- ,,,фолк / инди,
23) Xdinary Heroes — Beautiful Life,,@p0ma6,очередь,хорошечно++,,,рок,
24) Oingo Boingo — When The Lights Go Out,,@solringo,очередь,атлична - -,,,инди / поп-рок,
25) Heaven Pierce Her — Event Horizon(Reach for the Sun and Burn! Burn! Burn!) (Act III: Godfist Suicide; LAYER 8: FRAUD) [Ultrakill OST],,@courtofthe,очередь,хорошечно++,Игра,,метал / инструментал / электронное,
СТРИМ №261 (1.08.26),, ,,,,,,
1) Taylor Swift — tolerate it,14:45,саб без доминанты,донат,атлична,,,инди / поп / баллада,
"2) Ho-kago Tea Time feat. Aki Toyosaki, Yoko Hikasa, Satomi Satou, Minako Kotobuki & Ayana Taketatsu — Go! Go! Maniac (Сейю: Yui Hirasawa, Mio Akiyama, Ritsu Tainaka, Tsumugi Kotobuki, Azusa Nakano) [1/2 Opening K-On!! 2nd Season / Кэйон!!]",26:35,ziksp,заказ,атлична - -,Аниме,,рок / поп-рок,
3) Blue Stahli — ULTRAnumb,44:15,Максим Киберспорт,донат,хорошечно-,,,метал / электронное,
4) Kroi — Juden (Daihatsu ROCKY e:SMART; CM Song),55:10,Sheruka,заказ,хорошечно++,,,фанк / поп,
5) Clarion — Cover Me,1:07:10,Indie Anthems,донат,атлична - -,,,инди / рок,
6) Rie Takahashi — Stay Alive ~Regain~ (Сейю: Emilia; 2026 Version; Live; Remix) [ep 11; Ending Re:Zero - Starting Life in Another World 4th Season / Re:Zero. Жизнь с нуля в альтернативном мире 4],1:17:20,DzenDish,долг Х6👻,нормас+,Аниме,"remix, live",поп-рок / баллада,
7) Taylor Swift — The Smallest Man Who Ever Lived,1:32:25,саб без доминанты,донат,хорошечно,,,поп / инди / баллада,
8) Toby Fox feat. Camellia — Cutie Mew Mew Magic (Chapter 5) [Deltarune OST],2:05:40,Eagler,долг Х5⚰️,хорошечно+,Игра,,электронное / поп-рок,
9) Bill Evans Trio — Waltz for Debby (Live in London 1965),2:18:05,Gryryfytygy ,донат,атлична+,,,джаз / инструментал,
9.5) Faryma.composer о количестве зрителей на стриме,2:32:05,Faryma.composer,,,,,,
10) N+ — len {Плавка / Forge / len / 錬},2:36:50,morpheus,заказ,нормас-,,,рок / баллада,плохое сведение
11) Shin — Si Le Dou Yao Ai {Любить даже после смерти / I’ll Love Even in Death / Si Le Dou Yao Ai / 死了都要爱} (Park Wan-kyu — Love Over A Thousand Years; Live; Cover),2:51:30,eu_gor,заказ,нормас,,cover; live,поп-рок / баллада,
11.5) Faryma.composer о поездке в Японию и Китай,3:02:50,Faryma.composer,,,,,,
12) 311 — Beautiful Disaster,3:05:25,MeinJurer,донат,хорошечно++,,,метал / инди,
12.5) Делаем зарядку с Faryma.composer + о энергетиках,3:21:00,Faryma.composer,,,,,,
13) Sān-Z & HOYO-MiX feat. E1and — Two to Tango (Remielle EP) [Zenless Zone Zero OST],3:25:00,wend1g,заказ,нормас,Игра,,джаз / поп ,дрочибельно
14) Official HIGE DANdism — I LOVE... (Official Video) [OST; An Incurable Case of Love / Koi wa Tsuzuku yo Dokomademo],3:45:50,AndrLord,долг Х3💀,хорошечно++,Фильм,,поп,
15) The Be Good Tanyas — Waiting Around to Die (Townes Van Zandt — Waitin’ Around to Die; Cover),3:58:50,Мишура,донат,атлична - -,,cover,фолк ,
16) Takanori Arisawa — Moon Crystal Power Make Up!(long version) {April to Super Sailor Libra} [OST; Bishoujo Senshi Sailor Moon R / Красавица-воин Сейлор Мун Эр],4:20:40,Rtur,донат,хорошечно,Аниме,,поп / инструментал,
17) hide — Genkai Haretsu {限界破裂},4:28:05,kumashisan,заказ,атлична+,,,рок / инди,
17.5) Faryma.composer о разных эпохах в музыке + о 'разносе адвокат',4:43:15,Faryma.composer,,,,,,
18) Native Construct — Chromatic Aberration (ПОВТОР: СТРИМ №113; 1 трек от Hantrik),4:49:25,Hantrik,повтор,атлична - -,,progressive,метал / разное,
19) HOYO-MiX — Snezhnaya (Live Symphony Performance) [Genshin Impact OST],5:06:15,laitsberg,долг,хорошечно++,Игра,live,оркестровое / инструментал,
20) HOYO-MiX — Triumph on the Ice (Live Symphony Performance) [Genshin Impact OST],5:20:15,laitsberg,долг,хорошечно++,Игра,live,оркестровое / инструментал,
21) Vaundy — Kagerou {Марево / Heat Shimmer / Kagerou / かげろう} (ABC Summer High School Baseball 2026; Netto Koshien Theme),5:38:05,AndrLord,донат,хорошечно++,,,рок,
СТРИМ №260 (30.07.26),, ,,,,,,
ДОЛГОВОЙ,, ,,,,,,
1) Yuji Nomi & Hiroki Kamata — Staff Roll {Ending} (gougou midislap) [Wondrous Magic OST],19:20,gougou,заказ,хорошечно,Игра,,оркестровое / инструментал ,
2) DIR EN GREY — Child Prey [1 Opening Baki the Grappler / Боец Баки],38:55,DzenAko,заказ,хорошечно,Аниме,,метал,
3) Kairi The Maid — Before a Forest Fire/The Last Song of Sleepy Owl,51:05,usernamein,заказ,нормас+,,,инди / рок / баллада,
4) Kouji Wada — The Biggest Dreamer [1 Opening Digimon Tamers / Укротители дигимонов],1:01:35,DzenDish,долг Х6👻,хорошечно+,,,рок / поп-рок,
5) The Carpenters — (They Long to Be) Close to You (Richard Chamberlain — (They Long to Be) Close to You; Cover),1:14:50,upucka18,заказ,атлична++,,cover,поп / баллада,
6) Elwood — Deadlock,1:32:30,gougou,долг Х3💀,атлична,,,электронное / инструментал,
6.5) Faryma.composer качает новый чат,2:06:40,Faryma.composer,,,,,,
"7) Guilty Kiss feat. Rikako Aida, Aika Kobayashi & Aina Suzuki — Phantom Rocket Adventure (Сейю: Riko Sakurauchi, Yoshiko Tsushima, Mari Ohara) [OST; Love Live! School idol festival]",2:16:40,enchi__i; Ivan_Vitalyevich,долг Х4☠️,хорошечно,Игра,,электронное / поп,
"8) Alexei Aigui & Ensemble 4'33"" — Halla-Balla",2:25:25,Alan008,долг Х2,атлична - -,,,инди / джаз / фолк,
9) Juice WRLD — Legends,2:34:50,Мишура,долг,хорошечно-,,,рэп / баллада,
10) Mili & Yamato Kasai feat. Cassie Wei — Dignity [Ender Magnolia: Bloom in the Mist OST],2:50:05,vovazavr89,долг Х9🌑,хорошечно+,Игра,,инди / поп,
11) Ling tosite sigure — Sadistic Summer,2:56:55,IldanLf,заказ,атлична+,,,инди / рок,
12) Yurina Hirate — Kakegae no Nai Sekai {Незаменимый мир / Kakegae no Nai Sekai / かけがえのない世界},3:09:00,Sheruka,долг Х6👻,хорошечно++,,,поп / электронное,
13) Ling tosite sigure — DIE meets HARD,3:21:50,kumashisan,заказ,атлична+,,,инди / рок,
14) Toby Fox & insaneintherainmusic — Garden of Hopes and Dreams (Official Performance Video; Chapter 5) [Deltarune OST],3:58:20,Eagler,долг Х5⚰️,хорошечно,Игра,cover,джаз / поп,
15) Motionless In White — Another Life (Official video),4:19:15,KenrosMG,долг Х4☠️,хорошечно-,,,рок,
16) Low — No Comprende,4:33:45,Shmatok,долг Х3💀,атлична+,,,инди / баллада / поп-рок,
"17) Vaundy — Idea ga Afurete Nemurenai {Идеи переполняют — не могу уснуть / Idea ga Afurete Nemurenai / イデアが溢れて眠れない} [OST; Sabakan, Uchu e Iku / Консервированная скумбрия отправляется в космос]",4:46:45,AndrLord,долг Х2,атлична,Фильм,,поп-рок / ,
18) Kenshi Yonezu — Unbelievers {Неверующие / アンビリーバーズ} (Mizuno's Wave Enigma 5; CM Song),4:56:40,Sendy Polaris,заказ,хорошечно,,,поп / поп-рок,
"19) Shoi Miyazawa — Libra, Creature of Night [Elden Ring Nightreign OST]",5:08:50,pakpakss,долг,гениально - -,Игра,,оркестровое / инструментал,
19.5) Faryma.composer разыгрывает трек за простаивание работы над сайтом #1,5:23:00,Faryma.composer,,,,,,
СТРИМ №259 (28.07.26),, ,,,,,,
1) Beastie Boys — Sabotage (Official Music Video),18:05,Gryryfytygy,долг Х5⚰️,гениально - -,,,рок / инди,
"2) Rokudenashi — Shooting Star {Комета / Comet / Houkiboshi / ホウキボシ} (Composer: Eve) [1 Ending Though I Am an Inept Villainess / Хоть я и бездарная злодейка: Сказка о том, как бабочка и крыса поменялись местами в девичьем дворе]",26:15,AndrLord,донат,хорошечно++,Аниме,,поп,хороший вокал
3) Takeshi Terauchi & The Blue Jeans — Rashoumon {Расёмон / Rashoumon / 羅生門},39:40,Sheruka,долг Х4☠️,атлична++,,,инди / поп-рок / фолк,
4) Elizabeth Rose Bloodflame — Love-song {Любовная песня / Love-song / ラブソング} (natori — Love-song; Cover),55:05,Wodyetio,донат,хорошечно+,,cover,поп-рок / поп,
5) Anya Nami — Sadistic,1:07:40,morpheus,заказ,хорошечно - -,,,поп ,
5.5) Смотрим статистику стримов + Любимый аккорд Faryma.composer,1:17:45,Faryma.composer,,,,,,
6) Minami Kuribayashi & Miyuki Hashimoto & Faylan & Aki Misato & yozuca* & rino — Super☆Affection {Супер☆Привязанность / Super Affection / Suupaa ☆ Afekushon / すーぱー☆あふぇくしょん} [1 Opening Carnival Phantasm / Карнавальный фантазм],1:25:00,laitsberg,донат,нормас+,Аниме,,поп-рок / поп,
7) СЕРЕГА ПИРАТ — ну где моя нога {Where's My Leg},1:34:35,Ян О'Дристалл,долг Х2,нормас++,,,поп-рок,
8) Rebecca Black — Hot Wet Delirious,1:44:05,Matumbafan89,донат,атлична-,,,поп / электронное,
9) James Primate — Threat - Heavy Industrial [Rain World OST],1:56:10,UnknownSekorsky,долг,хорошечно - -,Игра,,электронное / инструментал,
10) F.O.O.L — Damage,2:01:50,Flwwlesss,донат,хорошечно-,,,электронное / инструментал,
10.5) Faryma.composer выкладывает новое видео от Ани,2:13:55,Faryma.composer,,,,,,
СТРИМ №258 (25.07.26),, ,,,,,,
1) Артур Пирожков — Пэрэдайс {Paradise},22:10,laitsberg,заказ,хорошечно+,,meme,поп / баллада,
2) 3301 — The Instar Emergence,37:25,red_chajek,заказ,хорошечно+,,,инди / инструментал / фолк,
3) Intensive Evening — Фит {Feat},44:05,Static_Streams_,заказ,нормас-,,,поп-рок / рок,плохой вокал
4) Aiobahn feat. Kana Hanazawa — fade into blue (Official Music Video),1:15:55,wend1g,заказ,атлична - -,,,поп / электронное,
5) Capistrano — Гудхарт {Goodheart},1:25:00,Максим Киберспорт,донат,нормас++,,,рэп,
6) Sonu Nigam & Swanand Kirkire & Shaan — Aal Izz Well [OST; 3 Idiots / Три идиота],1:57:30,Triple_AI; Napporaivo,заказ,хорошечно+,Фильм,,фолк / поп,
7) Tsunku — Remix 5 [Rhythm Heaven Groove OST],2:09:00,sodamin_,заказ,нормас,Игра,,метал,
8) Green Day — Misery,2:15:10,Мишура,донат,атлична,,,поп / фолк / инди,
9) Kaori Fukuhara — Valentine Kiss {バレンタイン・キッス} (Sayuri Kokusho with Onyanko Club — Valentine Kiss; Сейю: Tsukasa Hiiragi; Cover) [OST; Lucky Star / Счастливая звезда],2:26:55,@Denis_e_87,заказ,хорошечно+,Аниме,"meme, cover",поп,ЖЁСТКОЕ КАРАОКЕ
10) KOTOKO — Fatally [Duel Savior OST],2:35:55,egorkasprigorca,донат,нормас++,Игра,,электронное / поп ,трусы
11) Amber — FINISHING WHAT YOU STARTED II [DUSTTRUST OST],2:50:10,Дмитрий баобаб,долг Х5⚰️,хорошечно-,,,метал / инструментал,
12) Billie Eilish — Happier Than Ever,3:04:20,Мишура,донат,гениально - -,,,поп / инди / поп-рок,
13) Король и Шут — Король вечного сна {King of Eternal Sleep},3:16:50,SinWarlock,долг Х4☠️,хорошечно++,,,поп-рок / инди,
14) Ludicin — Blossom of Ashes (osu!mania Long Note Tournament 4 Theme; dressurf vs butanic),3:29:00,egorkasprigorca,донат,хорошечно - -,,,электронное / инструментал,
15) Led Zeppelin — Immigrant Song (Remaster),3:51:15,Sammy Willbur,долг Х3💀,гениально,,,рок,
16) Takanori Arisawa — Haruka and Michiru's Love {Haruka and Michiru} [OST; Bishoujo Senshi Sailor Moon S / Красавица-воин Сейлор Мун Эс],4:03:40,Rtur,донат,хорошечно+,Аниме,cover,оркестровое / инструментал,
17) The Prodigy — Charly (Official Video),4:13:50,Meleis,долг Х2,хорошечно++,,,электронное / инструментал / инди,
18) Mr. Bungle — The Air-Conditioned Nightmare,4:24:15,Веля Моря,донат,гениально-,,,инди / джаз / рок,
19) Panic! At The Disco — Death of a Bachelor (Live; Conan),4:35:55,TRISSAR,долг,атлична+,,live,поп / электронное / джаз,
20) A Lot Like Birds — Recluse,4:45:15,Indie Anthems,донат,атлична++,,progressive,метал / инди,
21) Nobuo Uematsu — Freya's Theme [OST; Final Fantasy IX],4:58:15,SinWarlock,долг Х8🌋,хорошечно,Игра,,фолк / инструментал,
"22) Godspeed You! Black Emperor — Broken Windows, Locks of Love Pt. III",5:05:05,Веля Моря,донат,гениально - -,,progressive,инди / рок ,
23) Taylor Swift — The Story of Us,5:19:25,саб без доминанты,долг Х6👻,хорошечно++,,,поп-рок,
24) The Reign of Kindo — The Mystery of Our Day,5:34:10,Indie Anthems,донат,атлична-,,,инди / поп-рок / джаз,
24.5) Faryma.composer говорит с чатом о всяком,5:48:45,Faryma.composer,,,,,,
СТРИМ №257 (23.07.26),, ,,,,,,
Часть Субботы + ДОЛГОВОЙ,, ,,,,,,
1) Sneaker Pimps — Loretta Young Silks,13:35,50 50,долг,атлична,,,электронное / инди / рок,
1.5) Faryma.composer о своём начале пути стримерства,27:05,Faryma.composer,,,,,,
2) Yoko Ishida — Ai no Senshi {Воин любви / Ai no Senshi / 愛の戦士} [OST; Bishoujo Senshi Sailor Moon R / Bishoujo Senshi Sailor Moon S],37:05,Rtur,донат,хорошечно - -,Аниме,,поп-рок / поп ,
2.5) Faryma.composer и Аня о красоте,46:50,Faryma.composer,,,,,,
3) Dennis Chambers & The Buddy Rich Big Band — Dancing Men (Buddy Rich - Dancing Men; Live Memorial Concert 1989; Cover) + Котик Боня,1:05:25,oleg_mongolll,долг Х7🥀,гениально - -,,"cover, live",джаз / инструментал,барабанер топ
4) Tokoyami Towa — U.F.O. - U Feel Overjoyed! (official),1:19:50,Алконавт,донат,хорошечно - -,,,метал,
5) Ado — Kira {Блеск / Kira / 綺羅} (Live; Zipangu Japanese Music Event 2026),2:00:10,AnonymousAdomin,долг Х8🌋,атлична - -,,,рок / поп-рок,
6) Matt Hawkins & Jorge Rivera-Herrans — Won't Give Up [OST; My Heart Says Go],2:10:45,Triple_AI,долг Х6👻,нормас++,Фильм,,поп / мюзикл/опера,плохое сведение
7) Kalafina — Kyrie,2:27:35,DzenDish,долг Х5⚰️,атлична,,,инди / электронное / поп-рок,
"8) Lorien Testard, Alice Duport-Percier & Curieux — Renoir [OST; Clair Obscur: Expedition 33]",2:37:35,Alan008,долг Х4☠️,атлична - -,Игра,,оркестровое / баллада,
9) Year of the Cobra — At the Edge,2:46:00,50 50,долг Х2,хорошечно-,,,инди / рок / баллада,
10) G Jones — Maybe,2:55:55,Pyssell; Matumbafan89,долг Х3💀,атлична - -,,progressive,электронное / инструментал,
11) Moona Hoshinova — Who’s Toxic ? It’s You! (Original Song; 3DMV),3:08:45,Алконавт,долг,хорошечно,,,рок / поп-рок,
12) After Dinner — Ironclad Mermaid,3:19:35,Sheruka,заказ,гениально - -,,progressive,фолк / инди / поп,
13) Kalafina — Ashita no Keshiki {Пейзаж завтрашнего дня / 明日の景色},3:32:55,DzenDish,долг Х6👻,атлична - -,,,поп / баллада / оркестровая,
13.5) Faryma.composer о вводе штрафа за сайт + показывает плейлист Гениально от laitsberg,3:45:40,Faryma.composer,,,,,,
СТРИМ №256 (18.07.26),, ,,,,,,
1) Keiichi Okabe — Mourning [NieR: Automata OST],15:45,@Magzymka,заказ,хорошечно++,Игра,,оркестровое / баллада,
2) Quazar of Sanxion — Hybrid song 2:20(Funky stars) {external.xm},26:05,MeinJurer,донат,нормас++,,,электронное / инструментал,гениально за визуализацию
3) Iris Official — Dimetrix,42:55,Krugan_Isct,заказ,нормас-,,,,плохое сведение
4) Yuka Kitamura — Slave Knight Gael [OST; Dark Souls III / Dark Souls 3],57:40,Аза,донат,атлична,Игра,,оркестровое / инструментал,
5) The Veronicas — Untouched (Live; Like A Version),1:09:10,RoriPotato,долг Х5⚰️,хорошечно++,,live,поп-рок,
6) Sayaka Sasaki — Atlantico Blue,1:21:10,egorkasprigorca,донат,хорошечно - -,,,поп-рок ,плохое сведение
7) Egor Fedotov — Elenium Cave - Mechanic Fight [Royal Quest OST],1:32:30,agaton006,заказ,нормас,Игра,,фанк / метал / инструментал,ЛУПЧИКИ
7.5) Смотрим нарезку со стримов от Svd_bb,1:55:00,Faryma.composer,,,,,,
8) Wasureranneyo — Nannmonee {Ничего нет / なんもねえ} [1 Opening Chainsmoker Cat / Табакошка],1:59:40,wend1g,донат,атлична - -,Аниме,,поп-рок ,
9) Nyxen — E A T E R,2:16:20,AnonymousAdomin,долг Х3💀,ну такое+,,ai,рок,
10) Пневмослон — Ёбу дал {Fuck Gave},2:36:05,egorkasprigorca,донат,нормас++,,,поп-рок / рок,
11) Magdalena Bay — Secrets(Your Fire),2:45:50,Matumbafan89,долг Х2,гениально - -,,,поп / электронное / фанк,
12) Korn — Daddy,3:01:15,Мишура,донат,атлична,,,разное / метал,НЕ ДЛЯ СЛАБОНЕРВНЫХ (МЫ СЕРЬЕЗНО)
12.5) Смотрим UNUSUAL MEMES COMPILATION,3:17:25,Faryma.composer,,,,,,
13) Behave Yourself! — сады {Gardens} (v1.0),3:38:10,Артём Анисимов,долг,хорошечно-,,,инди / поп-рок,
14) Kamil Orman-Janowski — Count Geonor(Early Access Preview) [OST; Path of Exile 2],4:06:00,General PunisheR,донат,нормас++,Игра,,оркестровое / инструментал,
"15) Yoko Hikasa — Ika, Chokumei {Далее — высочайший указ / Ika, Chokumei / 以下、勅命} (Сейю: Orfevre) [OST; Uma Musume: Pretty Derby / Девушки-пони: Славное дерби]",4:20:05,Svd_bb,долг Х7🥀,хорошечно-,Игра,,оркестровое / рок,
16) Александров Парк — Стоят девчонки {Girls Are Standing} (Мария Пахоменко — Стоят девчонки; Pablo Beltrán Ruiz — Sway; Mashup; Cover),4:31:05,ZagitariusEd,донат,нормас+,,mashup,поп / джаз,
17) Steam Powered Giraffe — Faring in the Ocean [OST; SteamWorld Heist II],4:42:25,SinWarlock,долг Х5⚰️,хорошечно-,Игра,,поп-рок / поп ,
18) FrostBorne — FUK CORE,4:52:20,Максим Киберспорт,донат,нормас,,ai,метал,
19) Steam Powered Giraffe — New Hat [OST; SteamWorld Heist II],5:08:35,SinWarlock,долг Х4☠️,хорошечно,Игра,,фолк / поп,
20) Domitori Taranofu — Trees in the Rain (Cut),5:15:00,Domitori Taranofu,донат,нормас,,,инди / джаз / инструментал,
"21) I.Y.F.F.E., & Auratic & Au5 — Sweet",5:48:45,Verzweiflung12,заказ,хорошечно++,,,электронное / инструментал,
22) Джоконда — Совершенные числа {Perfect Numbers},6:01:30,ZagitariusEd,донат,нормас,,,метал / электронное,плохое сведение
22.5) Faryma.composer показывает свою работу с конкурса,6:22:05,Faryma.composer,,,,,,
23) Queen — It's Late (Remastered 2011),6:28:00,TRISSAR; Static_Streams_,долг Х2,атлична,,progressive,рок ,
"24) hololive English feat. Mori Calliope, Takanashi Kiara, Ninomae Ina'nis, IRyS, Hakos Baelz, Ouro Kronii, Shiori Novella, Nerissa Ravencroft, Koseki Bijou, FUWAMOCO, Elizabeth Rose Bloodflame, Raora Panthera, Cecilia Immergreen & Gigi Murin — All for One (Live; COUNTDOWN LIVE 2025▷2026)",6:42:20,Алконавт,донат,нормас+,,live,электронное / поп,
СТРИМ №255 (16.07.26),, ,,,,,,
ДОЛГОВОЙ,, ,,,,,,
1) Satyr — Levitator,18:05,Hantrik,долг Х7🥀,атлична-,,progressive,метал ,
2) Carla Vallet — Alfa and Omega (Composer: Yoko Kanno) [OST; Turn A Gundam / Гандам: Объединение],27:10,Meleis,долг Х5⚰️,атлична,Аниме,,инди / джаз / поп,
"3) Алексей Айги & Ensemble 4'33"" — Last Day Before School {Последний день перед школой}",39:15,Alan008,долг Х4☠️,хорошечно++,,,оркестровое / инди / инструментал,
4) Die Antwoord — We Have Candy,48:50,Rtur,долг Х3💀,хорошечно-,,,разное / рэп / инди,
"5) Yuka Kitamura — Malenia, Blade of Miquella [Elden Ring OST]",1:00:30,Gagabu,заказ,хорошечно+,Игра,,оркестровое / инструментал,
6) Sneaker Pimps — Bloodsport,1:10:35,50 50,долг,атлична - -,,,электронное / инди,
7) Yurina Amami — Yume Hayate {Dream Gale / 夢疾風} (Сейю: Mr. C.B.) [OST; Uma Musume: Pretty Derby / Девушки-пони: Славное дерби],1:21:40,Svd_bb,долг Х7🥀,атлична,Игра,,оркестровое / поп / поп-рок,
8) Perfume — Electro World {Электронный мир / Electro World / エレクトロ・ワールド},1:55:20,@tikkimik; kumashisan,заказ,атлична-,,,электронное / поп,
"9) Ado — E? Aa, Sou. {Hm? Ah, Yes. / What? Ah, Yes. / え？あぁ、そう。} (Chouchou-P feat. Hatsune Miku — E? Aa, Sou.; Cover)",2:07:40,PoTapkam,долг Х4☠️,нормас-,,cover,поп-рок,
10) Olegunned — Darkness 99%,2:19:40,oleg,заказ,нормас++,,,инди / инструментал,
11) Lady Gaga — Americano,2:31:45,Sammy Willbur,долг Х3💀,атлична-,,,поп / электронное / фолк,
12) Minami — Lilac {Сирень / ライラック} (MV),2:41:45,AndrLord,долг Х2,атлична - -,,,поп-рок,
13) Ekcle — Pearl Jigsaw,2:54:00,Matumbafan89,долг,атлична,,progressive,электронное / инди ,
14) Radiohead — Jigsaw Falling Into Place,3:08:30,FiLiUM; Shinnouz19,долг Х7🥀,атлична+,,,инди / поп-рок,
15) Reina Nishi — Odoreba Dance! {踊ればDance！} [Rhythm Heaven Groove OST],3:17:45,sodamin_,заказ,ну такое++,Игра,,поп ,
16) The Weeknd feat. Daft Punk — Starboy (Official Video),3:27:55,Летта,долг Х4☠️,атлична - -,,,поп,
СТРИМ №254 (14.07.26),, ,,,,,,
1) Shiro Sagisu — My Brother (Extended; Definitive Version) [OST; Berserk 2016 / Берсерк 2016],13:10,Rtur,донат,хорошечно+,Аниме,,метал / электронное,
2) Ridiculon feat. Zoe Lewis — Them Kitty Bones (Official Lyric Video) [Mewgenics OST],27:15,AnonymousAdomin; kumashisan,заказ,атлична-,Игра,,джаз / инди,
3) The Prodigy — Breathe(The Glitch Mob Remix),45:55,cptkooperman,донат,хорошечно-,,remix,электронное / инструментал,
4) Noisestorm — Crab Rave (ПОВТОР: СТРИМ №17; 25 трек от 50 50),1:01:40,50 50,повтор,хорошечно,,,электронное / поп / инструментал,
5) LMYK — 0(zero) (Japanese ver.) [1 Ending The Case Study of Vanitas / Мемуары Ванитаса],1:12:45,Максим Киберспорт,долг Х4☠️,атлична-,Аниме,,электронное / поп / инди,
6) Хаски — Ветром Снегом Зноем {Wind Snow Heat},1:23:05,ayl1es,донат,атлична,,,рэп / поп,
7) Edwyn Collins — A Girl Like You (Official Video),1:51:10,Rtur,долг Х3💀,атлична+,,,рок / инди / баллада,bad apple здорового человека
8) XXXTENTACION — SAD! (Official Music Video),2:07:05,Мишура,донат,хорошечно-,,,рэп,
9) James Primate — Threat - Outskirts [Rain World OST],2:19:25,UnknownSekorsky,заказ,хорошечно,Игра,,электронное / инструментал,
10) Cellar Darling — Freeze (OFFICIAL VIDEO),2:25:00,50 50,донат,хорошечно,,,метал / баллада,
11) Ron Wasserman — Go Go Power Rangers (Full Version) [OST; Mighty Morphin Power Rangers: The Movie / Могучие морфы: Рейнджеры силы],2:36:10,Rtur,долг,хорошечно+,Фильм,,метал,миди гитары
12) Forgotten Melody — Yami no Sekai {Мир тьмы / Yami no Sekai / 闇の世界},2:58:30,Максим Киберспорт,донат,хорошечно - -,,,метал / мюзикл/опера / оркестровое,
13) Ne Obliviscaris — Equus (Official Music Video),3:23:55,Hantrik,долг Х6👻,атлична+,,progressive,метал / инди,
14) Aoi Yuki — Los! Los! Los! (Сейю: Tanya Degurechaff) [1 Ending Saga of Tanya the Evil / Военная хроника маленькой девочки],4:13:45,wend1g,донат,атлична - -,Аниме,,метал,
15) Kishida Kyoudan & The Akeboshi Rockets — HIGHSCHOOL OF THE DEAD (2021 Version) [1 Opening Highschool of the Dead / Школа мертвецов],4:22:55,AndrLord,долг Х5⚰️,хорошечно,Аниме,,рок,
16) HOYO-MiX feat. Tanaka Rie & Ishii Takayuki — The Morning Star Falls Tonight (Himeko Nova Character Trailer) [Honkai: Star Rail OST],4:30:00,RoriPotato,донат,атлична - -,Игра,,оркестровое / рок / инструментал,
"17) Strafe für Rebellion — Mosche Bildt Njet (Pure Freude, 1983)",4:40:45,Napporaivo,долг Х4☠️,хорошечно,,,инди / поп-рок,
18) Mindless Self Indulgence — What Do They Know?,4:48:15,50 50,донат,атлична,,,электронное / рок / инди,
19) OutKast — My Favorite Things,4:56:30,Gryryfytygy,долг Х3💀,атлична,,progressive,джаз / электронное / инструментал,
20) Tokoyami Towa — Palette,5:09:00,Алконавт,донат,хорошечно,,,рок / поп-рок / баллада,
20.5) Faryma.composer рекламирует канал Ани,5:19:15,Faryma.composer,,,,,,
СТРИМ №253 (10.07.26),, ,,,,,,
1) That Handsome Devil — Charlie's Inferno,19:00,Svd_bb; kumashisan,заказ,атлична - -,,,инди / джаз,
2) малх — dumb,31:05,малх,донат,хорошечно+,,,рэп / инди,
3) semmmyq & shinra — untitled,50:15,кундалини,заказ,нормас-,,,поп / электронное,
4) the GazettE — HEADACHE MAN,57:15,kumashisan,донат,хорошечно++,,,метал ,
5) Marina and the Diamonds — Electra Heart (Official Music Video),1:08:20,Rtur,долг Х6👻,хорошечно-,,,поп / электронное,
6) Queen — Bicycle Race (Remastered 2011),1:15:55,Alan008,донат,атлична+,,progressive,поп-рок / инди,
7) ALI feat. ZORN — FUNKIN' BEAUTIFUL [1 Opening Eren the Southpaw / Левша Эрен],1:23:10,Sheruka,долг Х5⚰️,атлична-,Аниме,,джаз / фанк / рэп,
"8) A Lot Like Birds — Tantrum(Far from the Tree, The Apple Grew Rotten)",1:36:15,Indie Anthems,донат,атлична - -,,,метал / инди,
9) Yugo Kanno — Fire Shaman {炎の呪術師} (Avdol Theme) [OST; JoJo's Bizarre Adventure: Stardust Crusaders / Невероятное приключение ДжоДжо: Рыцари звёздной пыли],2:04:55,Meleis,долг Х4☠️,атлична - -,Аниме,,оркестровое / фолк / инструментал,
10) The Toxic Avenger — My Only Chance [Furi OST],2:18:50,wend1g,донат,нормас++,Игра,,электронное / инструментал / поп,
11) John Coltrane — Giant Steps,2:33:25,Gryryfytygy,долг Х3💀,атлична++,,,джаз / инструментал,бедный пианист
12) ТЕППО — ДОЛИНА ЦВЕТОВ(Remastered 2025) {Valley of Flowers},2:53:10,UnknownSekorsky,заказ,нормас+,,,метал / рэп,какагонь
13) Daisuke Ishiwatari feat. Naoki Hashimoto — Breath (Robo-Ky's Theme) [Guilty Gear Strive OST],3:06:20,Holy_Sun,донат,атлична-,Игра,progressive,метал / разное,
14) EXO — Crown (MV),3:46:25,Sadierre,долг Х2,нормас,,,поп,
15) Blonde Redhead — Misery Is a Butterfly,3:58:05,Indie Anthems,донат,атлична+,,,инди / поп-рок,
16) Tokoyami Towa — -ERROR (niki feat. Lily — -ERROR; Cover),4:11:30,Алконавт,долг,нормас++,,cover,рок / поп-рок,
17) MsBigSausage — ВЗАПРАВДУ,4:24:05,wend1g,донат,кринж-контент+,,,инди,
18) Ильфак Смаков — Бер kайтаhы ине тыуған яkтарға {Бер ҡайтаһы ине тыуған яҡтарға},4:31:25,Napporaivo,долг Х7🥀,хорошечно-,,,фолк / поп,
"19) hololive English feat. Mori Calliope, Takanashi Kiara, Ninomae Ina'nis, Gawr Gura, Watson Amelia, IRyS, Ceres Fauna, Ouro Kronii, Nanashi Mumei, Hakos Baelz, Shiori Novella, Nerissa Ravencroft, Koseki Bijou, FUWAMOCO, Elizabeth Rose Bloodflame, Cecilia Immergreen, Gigi Murin & Raora Panthera — Odyssey (ru sub)",4:45:30,Алконавт,донат,нормас++,,,фолк / поп,
"20) Король и Шут — Домой, в Париж… {To Paris, to home…}",5:04:00,SinWarlock,долг Х6👻,хорошечно - -,,,рок / поп-рок,
СТРИМ №252 (9.07.26),, ,,,,,,
Альбом d4vd от Мишуры + ДОЛГОВОЙ,, ,,,,,,
0.1) Faryma.composer зачитывает информацию о исполнителе и альбоме,8:20,Мишура,,,,,,
1) d4vd — Sleep Well,14:40,Мишура,заказ,хорошечно++,,,поп,
2) d4vd — Here With Me (Official Music Video),24:10,Мишура,заказ,хорошечно,,,поп,
3) d4vd — Don't Forget About Me,33:05,Мишура,заказ,хорошечно+,,,поп,
4) d4vd — WORTHLESS,43:25,Мишура,заказ,хорошечно-,,,поп,
5) d4vd — Backstreet Girl,51:50,Мишура,заказ,хорошечно-,,,поп / баллада,
6) d4vd — You and I,1:01:40,Мишура,заказ,хорошечно,,,поп / поп-рок,
7) d4vd — Romantic Homicide,1:09:40,Мишура,заказ,нормас++,,,поп / баллада,
8) d4vd — The Bridge,1:20:00,Мишура,заказ,нормас++,,,поп / баллада / поп-рок,
9) d4vd feat. Laufey — This Is How It Feels,1:29:00,Мишура,заказ,атлична,,,поп / оркестровое / баллада,
10) Stereopony — Tsukiakari no Michishirube {Путеводный лунный свет / ツキアカリのミチシルベ} [1/3 Opening Darker than Black: Gemini of the Meteor / Темнее чёрного: Близнецы и падающая звезда],1:56:10,zermonsilver,заказ,хорошечно - -,Аниме,,поп-рок,
11) Raon — Ameotome {Дева дождя / 雨乙女},2:06:40,Dmi_anna_dsgn,заказ,атлична - -,,,поп / электронное,жена
12) Kalafina — Mata Kaze ga Tsuyoku Natta {Снова подул сильный ветер / Wind Blew Strong Again / また風が強くなった},2:17:55,DzenDish,долг Х7🥀,атлична-,,,рок / инди,
13) CAGMO — Дорога(хор русского рока) {The Road} (АукцЫон — Дорога; Cover),2:30:00,Alan008,долг Х6👻,хорошечно,,cover,оркестровое / разное,
14) The Prodigy — More Girls (The Prodigy - Girls; Remix),2:39:45,Meleis,долг Х5⚰️,хорошечно++,,remix,электронное / инструментал,
15) Little Big — WE ARE LITTLE BIG (Official Music Video),2:50:40,Rtur,долг Х4☠️,нормас+,,,метал / электронное,
16) DECO*27 feat. Hatsune Miku — Telepathy {Terepashi / テレパシ} (ru sub),2:59:10,Акума,долг Х3💀,хорошечно++,,,электронное / поп / инди,
16.5) Faryma.composer о Инфоцыганстве,3:26:30,Faryma.composer,,,,,,
17) King Gnu — Stardom (2022; NHK's FIFA World Cup broadcast),3:36:00,AndrLord,долг Х2,хорошечно++,,,поп / электронное / поп-рок,
18) Post Malone & Swae Lee — Sunflower [OST; Spider-Man: Into the Spider-Verse / Человек-паук: Через вселенные],3:47:10,Мишура,долг,хорошечно,Фильм,,поп ,
"19) Sérgio Mendes feat. Brasil '66 — Mas Que Nada (Jorge Ben Jor — Mas, Que Nada!; Cover)",3:55:20,Napporaivo,долг Х7🥀,атлична-,,cover,поп / фолк,
20) The Chalkeaters feat. Chi-Chi & Alex Walker Smith — Ready Player Two (Mario & Sonic Song),4:05:15,AShibaT,долг Х6👻,хорошечно,,,метал / мюзикл/опера,
"21) AiM — Itsumo Itsudemo {Всегда, в любой момент / いつもいつでも} [2 Ending Digimon Adventure 02 / Приключения Дигимонов 02]",4:12:45,DzenDish,долг Х5⚰️,хорошечно-,Аниме,,поп / поп-рок / электронное,
22) Masafumi Takada — Trigger Happy Havoc(DR Version) [Danganronpa: Trigger Happy Havoc OST],4:21:20,Sammy Willbur,долг Х4☠️,атлична - -,,,электронное / инди / инструментал,
23) UNISON SQUARE GARDEN — Invisible Sensation [2 Opening Welcome to the Ballroom / Сквозь бальный зал],4:29:50,Ivan_Vitalyevich; kumashisan,долг Х3💀,атлична,Аниме,,рок,
24) Todoroki Hajime — Deep Dive,4:40:35,Алконавт,долг Х2,хорошечно,,,поп / электронное,
25) ROSALÍA feat. Björk & The Heritage Orchestra — Berghain (Live at The BRIT Awards 2026),4:51:20,Kirilicus,долг,атлична+,,live,оркестровое / поп,
26) Kevin Penkin — Echos [OST; Made in Abyss: Dawn of the Deep Soul / Созданный в Бездне: Рассвет глубокой души],5:04:15,lacew8i8ng,долг Х7🥀,атлична,Аниме,ost,оркестровое / электронное,
27) Николай Басков — Зараза {Infection} (видеоклип),5:12:40,Monstrrro,заказ,ну такое+,,,поп,
"28) Shinsei Kamattechan — Tou wo Noboru Neko {Кот, взбирающийся на башню / Tower-Climbing Cat / 塔を登るネコ}",5:26:00,Shmatok,долг Х6👻,атлична - -,,,метал,
СТРИМ №251 (7.07.26),, ,,,,,,
1) Minami — main actor,21:50,AndrLord,заказ,хорошечно++,,,поп-рок,хороший вокал
1.5) Faryma.composer о аниме + о пересмотре чего-либо + о планах на новые наушники,36:05,Faryma.composer,,,,,,
2) Tsumikusa feat. Hatsune Miku — Kore de Oshimai {🔪 / This is the End / これでおしまい},46:30,wend1g,донат,нормас++,,,электронное / джаз,🔪🔪🔪
3) Official HIGE DANdism — Subtitle [OST; Silent / Безмолвный],57:45,AndrLord,долг Х2,атлична-,Фильм,,инди / поп / поп-рок,
3.5) Faryma.composer узнаёт праздник в этот день,1:14:40,Faryma.composer,,,,,,
4) Justice & Tame Impala — Neverender,1:17:05,cptkooperman,донат,хорошечно++,,,электронное / поп,
5) Tokoyami Towa — -ERROR (niki feat. Lily — -ERROR; 3D Live; Cover),1:33:00,Алконавт,долг,кринж-контент++,,"cover, live",поп / поп-рок,
СТРИМ №250 (4.07.26),, ,,,,,,
1) Yyrkoon — Temple of Infinity,16:55,MeinJurer,донат,хорошечно++,,,баллада / метал,
2) TK from Ling tosite sigure — Secret Sensation,29:00,IldanLf,заказ,атлична,,,инди / поп-рок / электронное,
3) Tokoyami Towa — ANEMONE,43:50,Алконавт,донат,хорошечно++,,,метал ,
4) The Stooges — I Wanna Be Your Dog {Я хочу быть твоим псом},56:05,salazaralasav,заказ,гениально - -,,,рок / инди,
5) Kalafina — Love Come Down,1:05:45,DzenDish,долг Х6👻,атлична+,,,электронное / рок / инди,
6) Justice feat. Morgan Phalen — On'n'On,1:14:30,cptkooperman,донат,атлична - -,,,инди / электронное,
7) Moona Hoshinova — High Tide,1:26:30,Wodyetio,долг Х5⚰️,хорошечно-,,,электронное / поп,
"8) On-lyne, Keith Power, Matthew Chalmers, Juvon Taylor, Randy Jaemin Kim, Jacob Critch & Arnold Tongol — PARTY OF YOUR LIFETIME [OST; Warframe: 1999]",1:38:20,KartuzArbuz,донат,хорошечно+,Игра,,поп,
9) AiM — Ashita wa Atashi no Kaze ga Fuku {Завтра подует мой ветер / tomorrow is another day / アシタハアタシノカゼガフク} [1 Ending Digimon Adventure 02 / Приключения Дигимонов 02],2:07:30,DzenDish,долг Х4☠️,хорошечно-,Аниме,,электронное / поп,
10) Azari feat. Rosu — Scapegoat (Zenless Zone Zero Promotion),2:19:10,wend1g,донат,атлична,,,поп / электронное,
11) Culprate & Frequent — Drifting,2:35:35,Matumbafan89,долг Х3💀,гениально - -,,progressive,электронное / инди,
12) TetraCalyx feat. allen7shen — Breaking Dawn [OST; Arcaea x Muse Dash / Light of Arcadia],2:52:00,Максим Киберспорт,донат,нормас+,Игра,,рок / поп-рок,
"13) Panic! At The Disco — Build God, Then We'll Talk (Live in Denver)",3:06:00,TRISSAR,долг Х2,атлична+,,"live, progressive ",инди / рок / поп-рок,
14) defsharp — offense mechanism,3:19:45,Indie Anthems,донат,атлична,,,инди / рок / поп-рок,
15) Justice & Tame Impala — One Night/All Night,3:32:55,cptkooperman,донат,атлична - -,,,электронное / фанк,
16) The Mars Volta — Televators,3:46:25,Веля Моря,долг,гениально-,,,инди / баллада / рок,
17) Eve feat. suis from Yorushika — Wind's Anthem {Гимн ветра / Kaze no Anthem / 風のアンセム} [1 Opening Witch Hat Atelier / Ателье колдовских колпаков],4:16:50,AndrLord,долг Х8🌋,атлична - -,Аниме,,фолк / поп / оркестровое,
18) Nautilus Pompilius — Дыхание {Breath},4:30:20,ayl1es,донат,хорошечно++,,,поп-рок,
19) Loren & Mash — Thanatos -If I Can't Be Yours- [OST; Евангелион нового поколения: Конец Евангелиона / Neon Genesis Evangelion: The End of Evangelion],4:41:40,Sheruka,долг Х6👻,атлична+,Аниме,progressive,джаз / инди,
20) Space Laces — This Way,4:54:35,Pyssell; Matumbafan89,донат,атлична+,,,электронное / инструментал / инди,
21) Francesco Gabbani — Tra Le Granite E Le Granate {Between the slushes and the grenades} (Official Music Video),5:11:35,Alan008,долг Х5⚰️,хорошечно - -,,,поп,
22) Justice — Incognito,5:22:10,cptkooperman,донат,атлична - -,,,электронное / инди / инструментал,
23) Ado — Love me forever! (Official Audio) [OST; Rhythm Heaven: Miracle Stars / Rhythm Heaven Groove],5:37:35,AnonymousAdomin,долг Х4☠️,нормас+,Игра,,поп,
24) ROSALÍA feat. Björk & Yves Tumor — Berghain,5:54:45,Kirilicus,заказ,хорошечно++,,,инди / оркестровое,сломали композера
25) Аноним Незнакомов — Тот день {That Day} (соч. 47; посвящается Виктории К.),6:11:10,Alan008,донат,нормас,,solo instrument,,
СТРИМ №249 (2.07.26),, ,,,,,,
ДОЛГОВОЙ,, ,,,,,,
1) Alkaline Trio — Fall Victim [OST; FlatOut 2],13:15,GameCloser,долг Х8🌋,хорошечно- ,Игра,,рок / поп-рок,
"2) Wuthering Waves, baitian, Victor Borba & Casey Lee Williams — Heart of Lahai-Roi [Wuthering Waves OST]",22:05,Madao,долг Х7🥀,хорошечно,Игра,,поп-рок / электронное / поп,
3) Ayumi Miyazaki — Break Up! (Evolution Theme) [OST; Digimon Adventure 02 / Приключения Дигимонов 02],34:25,DzenDish,долг Х6👻,хорошечно-,Аниме,,поп-рок / поп,РЕБЕККА
"4) Pavel Chesnokov — To Thee We Sing {Тебе поём} (St. Petersburg Chamber Choir, dir. Nikolai Korniev; Op. 27 No. 6)",46:15,Веля Моря,долг Х5⚰️,хорошечно+,,,разное,
5) Nazo² Suzuki — South Town's Theme {Тема Южного города} [Dynamite Headdy OST],56:35,MacTepOk,долг Х4☠️,хорошечно,Игра,,электронное / инструментал / инди,
6) Аноним Незнакомов — Радуга {Rainbow} (соч. 45; посвящается Алёне Рыбак),1:08:45,Alan008,долг Х3💀,хорошечно-,,solo instrument,оркестровое ,
7) hide — Tell Me,1:28:20,kumashisan,долг Х2,хорошечно+,,,поп-рок / рок,
8) Original Cast of A Killer Party feat. Drew Gehling & Jeremy Jordan — Big Cat [OST; A Killer Party: A Murder Mystery Musical],1:52:35,Triple_AI,заказ,хорошечно - -,Фильм,,мюзикл/опера / поп-рок,гепардики
9) Sergey Starostin & Mario Kaldararu — Zalivochka {Заливочка},2:05:15,ayl1es,долг,атлична - -,,cover,фолк,
10) Ho-kago Tea Time feat. Yoko Hikasa — Fuwa Fuwa Time {Fluffy Time / ふわふわ時間} (Сейю: Mio Akiyama) [OST; K-On! / Кэйон!],2:20:15,ziksp; Ivan_Vitalyevich,заказ,атлична - -,Аниме,,поп-рок,
11) Carbon Based Lifeforms — Nattväsen {Nattva sen / Ночные существа},2:39:25,hoyobes,долг Х7🥀,хорошечно++,,ambient,электронное / инструментал / инди,
12) UVERworld — ODD FUTURE (Full Version) [1/4 Opening Boku no Hero Academia 3rd Season / Моя геройская академия 3],2:54:40,AndrLord,долг Х6👻,нормас++,Аниме,,рок / электронное,
13) Hellzapoppin' — Ambiguous (Electroswing),3:09:25,AShibaT,долг Х5⚰️,хорошечно,,,электронное / поп,
14) Inori Minase — Sentimental Gokko {Игра в сентиментальность / Sentimental Gokko / センチメンタルごっこ} (Сейю: Chino Kafuu) [OST; Is the Order a Rabbit? / Заказывали кролика?],3:22:40,Ivan_Vitalyevich,долг Х4☠️,хорошечно,Аниме,,джаз / поп / электронное,АНТИКОМПОЗЕР
15) soundTeMP — adios [Ragnarok Online OST],3:42:05,MacTepOk,долг Х3💀,атлична - -,Игра,,фолк / электронное / поп,
16) Heart & The Royal Philharmonic Orchestra — Alone (i-Ten — Alone; Live; Cover),3:56:20,Rtur,долг Х2,хорошечно,,"live, cover",поп-рок / баллада,хороший вокал
17) System of a Down — Soil,4:09:35,Meleis,долг,атлична - -,,,метал / инди,
СТРИМ №248 (28.06.26),, ,,,,,,
1) Видеокассета твоих родителей — Рассвет {Dawn},15:15,MKRE45KY,очередь,нормас,,,поп-рок / инди,
"2) 9mice, Егор Крид, тёмный принц & madk1d — Jealous",26:00,@themikkka,очередь,нормас-,,,поп-рок / рэп,
3) Bloodywood — Tadka,37:45,@seeaweedfish,очередь,атлична - -,,,метал / фолк,бабуля is cooking
4) natori — Love-song {ラブソング},48:35,@Orylpi,очередь,атлична-,,,инди / поп-рок,
5) Terry Scott Taylor — The Neverhood Theme [The Neverhood OST],58:40,Toxexex,очередь,гениально - -,Игра,,инди / фолк,текст
6) The Animals — The House of the Rising Sun (Music Video),1:08:15,@Slazaralasav,очередь,гениально-,,,фолк / поп-рок ,
7) Созвездие Отрезок — Хот-дог {Hot-Dog},1:17:10,vovazavr89,очередь,атлична+,,,инди / электронное / поп,
8) The Вепри — Памяти Алексея Навального {In memory of Alexei Navalny},1:27:30,Александра,очередь,ну такое++,,meme,метал,
9) Punishing Gray Raven — Resounding Storm (Official Music Video) [Punishing: Gray Raven OST],1:36:35,@VovaF1nt,очередь,ну такое,Игра,,рок / электронное,
10) Aoi Tada — Hoshi no merry-go-round [OST; You and Me and Her: A Love Story / Kimi to Kanojo to Kanojo no Koi],2:01:10,Keras174,очередь,хорошечно,Игра,,инди / поп-рок,
11) League of Legends & Against The Current — Legends Never Die (Worlds 2017) [League of Legends OST],2:09:05,@Diart421,очередь,хорошечно-,Игра,,поп / электронное,
12) Kisida Kyodan & The Akebosi Rockets — Shoujo Kisou Kyoku {Песня о девичьих грёзах / Shoujo Kisoukyoku / 少女綺想曲~syoujo kisou kyoku-},2:17:05,@BA9lHA,очередь,хорошечно-,,,рок,
13) Spawn of Possession — Apparition,2:26:25,@HUn1erRE,очередь,атлична,,,метал / оркестровое,
14) See-Saw — Obsession [1 Opening .hack//Sign / .хак//ЗНАК],2:40:20,@lena_lenash,очередь,гениально - -,Аниме,,инди / электронное / фолк,
15) Crywolf — Somniomancer(Null Set) [Arknights OST],2:52:35,randerban,очередь,хорошечно+,Игра,,электронное / инди / оркестровое,
16) Sheena Ringo — TOKYO,3:02:25,@vdlas2,очередь,атлична,,,джаз / поп,
17) Taylor Swift — Labyrinth,3:14:25,DOUBLEYU,очередь,хорошечно,,,инди / поп,
18) CYaRon! — Genki Zenkai DAY! DAY! DAY! {Full Speed Energetically DAY! DAY! DAY! / 元気全開DAY! DAY! DAY!} [OST; Love Live! Sunshine!! / Живая любовь! Сияние!!],3:23:55,Ivan_Vitalyevich,очередь,нормас++,Аниме,,поп-рок,
19) Bossfight — Starship Showdown,3:41:35,@JHUYT17,очередь,хорошечно+,,,электронное / рок / инструментал,
20) Банд’Эрос — Про красивую жизнь {About a Beautiful Life},3:51:30,Monstrrro,очередь,хорошечно-,,,поп,
21) synkrotron — SEVEN (Eurorack Modular live performance),4:04:05,hoyobes,очередь,хорошечно,,,электронное / разное / инструментал,
22) mzlff — почему космос не пишет про нас {why space doesn’t write about us},4:12:20,@gigabyte_137,очередь,хорошечно - -,,,рэп / поп-рок,
23) *NSYNC — Bye Bye Bye (Official Video),4:21:25,@validolchik20,очередь,хорошечно++,,,поп,
24) DEXCORE — P.O.M (Official Music Video),4:34:20,НеАноним(фанат декскора),очередь,хорошечно-,,,метал,
25) The Long Faces — Jane! (Jujutsu Kaisen AMV),4:46:30,кундалини,очередь,атлична-,,,инди / рок,
26) (K)NoW_NAME — Zettai MUST Danmen {ゼッタイMUST断面} [1/2 Opening Dorohedoro Season 2 / Дорохедоро 2],4:58:35,mx14,очередь,хорошечно - -,Аниме,,,
26.5) Faryma.composer сватует чат на стриме #11,5:09:15,Faryma.composer,,,,,,
СТРИМ №247 (27.06.26),, ,,,,,,
1) Block B — Nillili Mambo {닐리리맘보},10:45,Sadierre,заказ,хорошечно++,,,рэп / поп / оркестровое,
"2) TRAP CHICK feat. Kasane Teto & Otomachi Una — Approve please, Genie! {승인해주세요지니님!}",24:50,wend1g,заказ,хорошечно,,,поп / электронное,
3) Wiggavisceration — Lavender(Druidess) (Druidess - Lavender; Cover),31:45,MeinJurer,донат,нормас+,,cover,метал / инди,жабки
3.5) Открываем рандомный стрим и ищем свою судьбу,46:50,Faryma.composer,,,,,,
"4) BlackY, Yooh & siromaru — Infinite Strife, [Arcaea OST]",49:10,skaylet342,заказ,хорошечно-,Игра,,электронное / инструментал,
5) Kole Audio Solutions — Scorching Wind (More Extended) [Kenshi OST],1:01:05,PXcell2098,донат,нормас++,Игра,remix,оркестровое / инструментал / инди,загадка дыры
"6) Aoi Yuuki — Gudafuwa Everyday {ぐだふわエブリデー / Lazy Relaxation Everyday} (Сейю: Azusa) [1 Opening I've Been Killing Slimes for 300 Years and Maxed Out My Level / Убивая слизней триста лет, сама того не заметив, я достигла максимального уровня]",1:12:55,AndrLord; Ivan_Vitalyevich,долг Х6👻,хорошечно-,Аниме,,поп / джаз,
"7) ALI PROJECT — Hi no Tsuki {緋ノ月} [1 Opening Irina: The Vampire Cosmonaut / Луна, Лайка и Носферату]",1:43:35,Максим Киберспорт,донат,нормас++,Аниме,,оркестровое / инди / электронное,
8) Anju Inami — OKAWARI Happy life! {おかわりだっ My happy life! / A Second Helping of a Happy Life!} (Cейю: Chika Takami) [OST; Love Live! Sunshine!! / Живая любовь! Сияние!!],1:56:55,Ivan_Vitalyevich,долг Х5⚰️,хорошечно+,Аниме,,поп / джаз,
9) Весёлые Ребята — В последний раз {For the last time} (Jeanette - Porque te vas; Cover),2:13:35,ayl1es,донат,атлична,,cover,поп / фанк,
"10) Le Cri du Caire, Abdullah Miniawy, Erik Truffaz & Peter Corser — Pearls for Orphans",2:26:40,Napporaivo; Matumbafan89,долг Х4☠️,атлична,,,фолк / инди,
"11) Justice — D.A.N.C.E. x Fire x Safe and Sound(WWW) (Justice — D.A.N.C.E., Justice — Fire, Justice — Safe and Sound; Mashup)",2:41:50,cptkooperman,донат,хорошечно+,,mashup,электронное / фанк / поп,
12) Wang Shunhe — Shadow Assassin {暗影刺客} [Opening Scissor Seven: Xuanwu Kingdom Chapter / Killer Seven 3 / Седьмой киллер 3],3:09:40,Sammy Willbur,долг Х3💀,хорошечно - -,Аниме,,рок,
13) Kaoma — Lambada (Los Kjarkas - Llorando se fue; Original),3:41:45,ayl1es; Napporaivo,донат,атлична-,,,фолк / поп,
14) Kenji Kawai — Hyakkin {Hyakkin / 百禽 ~時を渡る~} [OST; Open Your Mind / Раскрой свой разум],3:53:20,oppux,долг Х2,атлична,Аниме,,оркестровое / фолк / электронное,
15) HOYO-MiX — Sudden Snow {Внезапная метель / Fubuki / 吹雪} [Genshin Impact OST],4:09:10,laitsberg,донат,хорошечно,Игра,,оркестровое / инструментал / рок,
16) Blonde Redhead — Elephant Woman,4:26:20,Indie Anthems,долг,гениально - -,,,инди ,
17) Noize MC feat. Atlantida Project — Иордан {Jordan},4:37:35,ayl1es,донат,атлична,,,рэп / поп-рок / фолк,
18) Chevon — Roku no Wa {六ノ輪} [Opening Baki-dou: The Invincible Samurai / Путь Баки],4:50:05,AndrLord,долг Х7🥀,атлична - -,Аниме,,метал / инди,
19) Tokyo Manaka feat. Kasane Teto — Brain Rot {ブレインロット},5:01:35,wend1g,донат,атлична - -,,,поп / фанк / электронное,высокоуровневый брейнрот
"20) Madonna — Like a Prayer(7"" Version)",5:09:25,upucka18,заказ,гениально - -,,,поп / фанк / рок,
21) ATL — Подснежник {Snowdrop},5:21:50,ayl1es,донат,атлична+,,,рэп,
22) 9Lana — BLUE MOON,5:32:20,AndrLord,долг Х5⚰️,атлична - -,,,фолк / электронное / поп,
23) Electric Callboy — Hey Mrs. Dramaqueen (live),5:43:15,Rtur,донат,ну такое++,,live,метал,почти кал в граале
СТРИМ №246 (25.06.26),, ,,,,,,
Часть Субботы + ДОЛГОВОЙ + Слушаем субъективный польский культурпросвет,,,,,,,,
1) Utsu-P feat. GUMI — IAMAI (rus sub),10:30,WalkingSpeed,долг,хорошечно - -,,,метал / инди,
2) Tainaka Sachi — disillusion [1 Opening Fate/stay night / Судьба/Ночь схватки],22:15,Gagabu,заказ,атлична - -,Аниме,,поп / инди / баллада,мистер пропер
3) Carpenter Brut — Turbo Killer,34:00,cptkooperman,донат,атлична - -,,,электронное / инструментал,
4) Juice WRLD & Marshmello — Come & Go,44:55,Мишура,донат,нормас+,,,поп / поп-рок / рэп,
5) System of a Down — Sugar (Official HD Video),59:45,meganekka,заказ,атлична+,,,метал / инди,батин суп
6) Hiroyuki Sawano feat. Honoka Takahashi — LilaS (Collaboration Movie) [ep 23; 2/4 Ending 86 / Eighty-Six / Восемьдесят шесть],1:09:50,DzenDish,долг Х5⚰️,хорошечно+,Аниме,,баллада / поп ,
7) Alistair Lindsay — Rough Trail [RimWorld OST],1:21:10,SinWarlock,долг Х6👻,хорошечно,Игра,,фолк / электронное / инструментал,
8) Alba Sera — Messiah {Meshi / メシア},1:28:45,trivia_holic,долг Х4☠️,атлична,,,метал / электронное,
9) Takanori Arisawa — Yuugure Toki wa Youma no Yokan {Вечернее ощущение призраков / Evening Sense of Ghosts / Evening is the Witching Time / 夕暮れ時は妖魔の予感} [OST; Sailor Moon / Красавица-воин Сейлор Мун],1:40:15,Rtur,долг Х3💀,хорошечно-,Аниме,,оркестровое / инструментал,
10) Utsu-P feat. Hatsune Miku — Cocho Cocho,2:06:20,WalkingSpeed,долг Х2,хорошечно++,,,электронное / метал,
11) The Fall of Troy — F.C.P.R.E.M.I.X. (The Fall of Troy – F.C.P.S.I.T.S.G.E.P.G.E.P.G.E.P.; Remix),2:21:40,RoriPotato,долг,гениально - -,,"progressive, remix",метал / инди,
12) Ai Furihata — Cotton Candy Ei-Ei-Oh! {コットンキャンディえいえいおー！} (Сейю: Ruby Kurosawa) [OST; Love Live! Sunshine!! / Живая любовь! Сияние!!],2:32:20,Ivan_Vitalyevich; Napporaivo,заказ,хорошечно - -,Аниме,,поп / электронное,
13) Akiko Yano — It's for You,2:48:20,Sheruka,долг Х6👻,гениально - -,,,джаз / инди ,
14) Ado — Kuchibashi ni Cherry {くちばしにチェリー} (Ego-Wrappin' — Kuchibashi ni Cherry; Cover),3:06:40,AnonymousAdomin,долг Х5⚰️,хорошечно-,,cover,поп,
15) Ryota Kozuka — Battle B2 (Boss Battle Theme) [OST; Shin Megami Tensei IV / Истинное перерождение Богини 4],3:17:50,Веля Моря,долг Х4☠️,хорошечно,Игра,,метал / электронное,
16) Donatan & Cleo — My Słowianie {Мы славяне} (Eurovision Song 2014),3:36:10,Kirilicus,заказ,нормас++,,,фолк / рэп / поп,
17) Sławomir — Miłość w Zakopanem (Official Video Clip HIT 2017),3:46:00,Kirilicus,заказ,нормас,,,поп-рок ,
18) sanah — Szampan (Official Video),3:54:30,Kirilicus,заказ,нормас++,,,поп,
19) Akcent — Przez Twe Oczy Zielone,4:04:50,Kirilicus,заказ,ну такое++,,,поп,
20) Komodo feat. Michael Shynes — (I Just) Died In Your Arms (Cutting Crew - (I Just) Died In Your Arms; Cover),4:14:40,Kirilicus,заказ,нормас-,,cover,поп,
21) Cypis — Gdzie jest biały węgorz?(Zejście),4:23:55,Kirilicus,заказ,хорошечно - -,,,рэп,
22) Pan Savyan — W Kolorku Amaretto (NAJBARDZIEJ OFFICIAL VIDEO),4:32:40,Kirilicus,заказ,нормас++,,,поп,
23) Sw@da & Niczos — Lusterka (Live Performance),4:38:20,Kirilicus,заказ,хорошечно+,,live,поп / электронное,
СТРИМ №245 (24.06.26),, ,,,,,,
1) Kenshi Yonezu — Eine Kleine,16:05,AndrLord,долг Х3💀,хорошечно+,,,поп-рок,
2) SebastiAn feat. Bakar — Sober,34:15,cptkooperman,донат,хорошечно,,,электронное / рэп / инди,
3) A Lot Like Birds — Truly Random Code,43:20,Indie Anthems,заказ,атлична-,,,инди / метал,
4) Peter Crowley's Fantasy Dream — Eternal Ice of Winter (Symphonic Metal),54:00,eluneprist,долг Х2,кринж-контент+,,,метал / оркестровое,
5) LadyMonsters. feat. flower — Doll's Fall {Dooruzu Fooru / ドールズフォール} (Vocaloid),1:22:25,wend1g,донат,хорошечно - -,,,электронное / поп,
5.5) Начали Utsu-P feat. GUMI — IAMAI и СТРИМ - ВСЁ!,1:31:50,Faryma.composer,,,,,,
СТРИМ №244 (20.06.26),, ,,,,,,
1) MARON feat. KOTOKO — Denpa-Tic Imaginary Girl 'Q' {Radio Delusion Beautiful Girl Q / 電波的妄想美少女Q} [OST; Yunyun Syndrome!? Rhythm Psychosis],13:05,wend1g,заказ,хорошечно,Игра,,электронное / рок,
2) USA for Africa — We Are The World {Мы — это мир} (HQ official Video),30:25,J82Cerber31,заказ,хорошечно,,,поп-рок / баллада,
3) Amane Kanata — Tokusya-Seizon Wonder-la-der!! {Tokusha Seizon Wonder-La-Der!! / 特者生存ワンダラダー!!},44:25,Максим Киберспорт,донат,атлична - -,,,поп-рок / поп,
4) Король и Шут — В гостях у соседа {Visiting a Neighbor},58:00,SinWarlock,долг Х6👻,хорошечно,,,рок,
5) Bear McCreary — Prelude to War [OST; Battlestar Galactica: Season 2 / Звёздный крейсер 'Галактика' 2 сезон],1:07:25,Маслина,донат,нормас++,Фильм,,оркестровое / инструментал,утилитарненько
6) Wada Kouji — Target ~Akai Shougeki~ {ターゲット～赤い衝撃～} [1 Opening Digimon Adventure 02 / Приключения Дигимонов 02],1:22:05,DzenDish,долг Х5⚰️,хорошечно-,Аниме,,поп-рок,
"7) Justice — Waters of Nazareth x We Are your Friends x Phantom 2(WWW) (Justice — Waters of Nazareth, Justice — We Are your Friends,  Justice — Phantom 2; Remix)",1:30:30,cptkooperman,донат,нормас+,,remix,электронное,КАМОООООН
8) Perfume Genius — On The Floor (Official Lyric Video),1:45:45,Matumbafan89,долг Х4☠️,атлична-,,,поп / инди,
9) ASA-CHANG & Junray — Hana {花},2:15:20,Indie Anthems,донат,атлична-,,,инди / разное,
10) Queen — Radio Ga Ga (Remastered 2011),2:27:20,TRISSAR; Static_Streams_,долг Х3💀,хорошечно++,,,электронное / поп-рок,
11) NONEP feat. Kasane Teto SV — Pixel Down,2:39:00,wend1g,донат,хорошечно++,,,электронное / поп,
12) Syzy & Olswel — DOPE1,2:47:05,Matumbafan89,долг Х2,атлична,,,электронное / инди,
13) Mulletprideworldwide420 — Careless Whisper (George Michael - Careless Whisper; Cover),2:59:25,MeinJurer,донат,кринж-контент+,,meme,метал,чавкающий рот
14) Akai Ko-en — Toumei,3:16:15,Indie Anthems,долг,атлична,,,инди / поп-рок,
15) DECO*27 feat. Hatsune Miku — Kaiko {Stuckmoth / カイコ},3:24:10,Aleks kun,донат,атлична-,,,электронное,
16) Mayu Maeshima — BEAUTIFUL [1 Opening The Warrior Princess and the Barbaric King / Принцесса-рыцарь — невеста варвара],3:31:55,DzenDish,долг Х6👻,хорошечно,Аниме,,рок / электронное,
17) ТУРБОПАЦАНЫ — Rave on Your Grave,3:41:35,MeinJurer,донат,нормас,,,электронное / рок,
18) Rhapsody — Wisdom of the Kings,4:10:50,Масянечка,долг Х5⚰️,хорошечно,,,метал,
19) Ayumi Nakamura feat. Koichi Yamadera — Asia no Kaizoku {Asian Pirates} (Ayumi Nakamura feat. Fuyumi Sakamoto — Asia no Kaizoku; Cover) [The Japan Animator Expo Short Films #10 - Yamadeloid],4:20:40,cptkooperman,донат,хорошечно+,,,метал / фолк,
20) Film Symphony Orchestra — El yunque de Crom (Basil Poledouris — Conan the Barbarian Main Theme; Live; Cover) [OST; Conan the Barbarian / Конан-варвар],4:32:15,SinWarlock,долг Х4☠️,хорошечно,Фильм,cover,оркестровая / инструментал,
21) Nekromantix — Alive (2024 Remaster),4:38:55,MeinJurer,донат,хорошечно,,,метал / поп-рок,
СТРИМ №243 (18.06.26),, ,,,,,,
ДОЛГОВОЙ,, ,,,,,,
1) Kristofer Maddigan — One Hell of a Time [Cuphead OST],10:25,Летта,долг Х8🌋,атлична - -,Игра,,джаз / инструментал,
2) Avantasia — Farewell,21:25,Rtur,долг Х6👻,хорошечно-,,,метал / мюзикл/опера,
"3) Toby Fox, Tensei, Clark Powell & Malcolm Brown — Cascade [OST; webcomic Homestuck]",34:20,Napporaivo,долг Х5⚰️,нормас-,,,метал / электронное / разное,всё сложно
4) Static-X — The Only (ПОВТОР: СТРИМ №153; 10 трек от SinWarlock) [Need for Speed: Underground OST],1:05:45,Маслина,повтор,хорошечно-,Игра,,метал,
4.5) Faryma.composer о фанбазах,1:16:20,Faryma.composer,,,,,,
5) Metallica — (Anesthesia) Pulling Teeth (Remastered),1:21:35,Krugan_Isct,заказ,хорошечно,,,метал / разное,басист импостер
6) Skindred — Nobody [OST; Need for Speed: Underground 2],1:30:45,Маслина,долг Х3💀,атлична+,Игра,,метал,рэгги метал
6.5) Faryma.composer о своём ютуб канале + о новом ролике от Ани,1:56:50,Faryma.composer,,,,,,
7) Brutus — Brave,1:59:45,Matumbafan89,долг Х2,атлична - -,,,метал,хороший вокал
8) Charles Mingus — Track C-Group Dancers,2:12:50,Gryryfytygy,долг,гениально-,,progressive,джаз ,
9) Megadeth — Holy Wars...The Punishment Due,2:28:20,Phyz,долг Х6👻,атлична - -,,,метал,
10) Grigory Sokolov — Les Cyclopes (Jean-Philippe Rameau – Les Cyclopes; Piano Cover; Live),2:44:30,Triple_AI,долг Х5⚰️,атлична+,,"solo instrument, cover, live",оркестровое,
11) Within Temptation — Our Solemn Hour,2:57:25,Rtur,долг Х4☠️,хорошечно - -,,,метал / оркестровое,
12) KILLT MELT LAND — Maid In Nyappon {Meido in NYAPPON / めいどいん☆NYAPPON},3:10:00,eu_gor,заказ,нормас++,,,метал / электронное,няняня
13) NateWantsToBattle — No More (FNAF RE-ANIMATED LYRIC VIDEO),3:22:25,Faralon,долг Х3💀,хорошечно,,,рок ,
14) Король и Шут — Танец злобного гения {Dance of the Evil Genius},3:32:15,SinWarlock,долг Х2,хорошечно++,,,поп-рок,мало слов
СТРИМ №242 (17.06.26),, ,,,,,,
1) UNISON SQUARE GARDEN — BUSTER DICE MISERY,16:15,kumashisan; Triple_AI,заказ,атлична - -,,,рок,
2) Ирина Кайратовна — 5000 [MV],30:40,Rtur,донат,хорошечно - -,,,рэп,клип
3) Король и Шут — Невеста палача {The Executioner's Bride / The Hangman’s Bride},41:40,кундалини,долг Х7🥀,нормас++,,,рок,ранетки
4) SERAPHINE NOIR & Alexandra Rotmann feat. Mauricesax & .akshay — Cyberbird (Yoko Kanno — Cyberbird; Remix),56:35,Gryryfytygy ,донат,атлична-,,remix,джаз / электронное / инди,
5) Yuriy Leontiev — Subtle Forms,1:09:40,red_chajek,заказ,хорошечно - -,Игра,,инди / инструментал,дальше меньше
6) BURNOUT SYNDROMES — Good Morning World! [1 Opening Dr. Stone / Доктор Стоун],1:17:20,AndrLord,донат,хорошечно,Аниме,,поп-рок,
6.1) Faryma.composer импровизирует на бас-гитаре + после перерыва Котик Боня,1:33:10,Faryma.composer,,,,,,
6.2) Слушаем OST's из игры Chrono Cross два часа + Котик Боня,2:33:35,Faryma.composer,,,Игра,,,
СТРИМ №241 (13.06.26),, ,,,,,,
1) Tynado — Bury Me in Metal (FNAF Springtrap Song),26:50,Faralon,донат,нормас,,,поп ,
2) Daichi Miura — Polytope [OST; Death Stranding 2: On the Beach],45:45,iromzy1337,заказ,атлична+,Игра,,электронное / инди / поп,
3) Bill Kiley — Sneaky Driver [Katana ZERO OST],58:40,PXcell2098,донат,хорошечно++,Игра,,электронное / инструментал / поп,
4) LAMA — Fantasy [1 Ending Un-Go / Ан-го],1:07:05,Sadierre,заказ,хорошечно+,Аниме,,инди / поп,
5) Yuki Aoi — PAUSING SHUTTER (Сейю: Monika) [ep 5; 2 Ending Spy Classroom Season 2 / Класс шпионов Сезон 2],1:18:40,BA9IHA,заказ,нормас++,Аниме,,поп / поп-рок,навалили суеты
6) Король и Шут — Маска {The Mask},1:32:40,SinWarlock,долг Х5⚰️,атлична,,,рок,
7) Ludicin — Echoes of Memoria (Perennial 2024 Grand Finals Tiebreaker) [Osu! OST],1:45:50,egorkasprigorca,донат,атлична,Игра,progressive,электронное / инструментал,
8) JELUSICK — Reign Of Vultures (Official Video),2:13:35,Максим Мухтаров,долг Х4☠️,хорошечно++,,progressive,метал,
9) LudoWic — Overdose [Katana ZERO OST],2:31:30,PXcell2098,донат,хорошечно+,Игра,,электронное / инструментал,
10) Alon Mor feat. Alon Oleartchik — Within Persistence,2:43:30,Matumbafan89,долг Х3💀,гениально - -,,,фолк / электронное / баллада,
11) Gershon Kingsley — Popcorn {Pop corn},3:01:45,ayl1es,донат,гениально,,,электронное / инструментал,
12) Queen — Bring Back That Leroy Brown,3:10:20,TRISSAR,долг Х2,атлична,,,джаз / поп-рок ,
13) Niru Kajitsu feat. flower — Traffic Jam {Torafikku Jamu / トラフィック・ジャム} (Vocaloid),3:21:15,PXcell2098,донат,атлична-,,,инди / электронное / поп,
14) Alex Anwandter — Ahora somos dos,3:33:05,Matumbafan89,долг,атлична - -,,,поп / электронное,мужики
15) FabvL & Fantvm — Five Nights (FNAF SONG; Five Nights at Freddy's),4:00:00,Faralon,донат,хорошечно-,,,метал / рэп,
16) Austin Wintory — Onward [OST; The Banner Saga],4:22:25,CosmoDrone11,заказ,атлична,Игра,,фолк / оркестровое ,
17) RSAC — Я всё ещё по тебе скучаю {I still miss you},4:29:45,ayl1es,донат,нормас++,,,инди / поп-рок,реализм
18) Ado — Ano Band {That Band / Ano Bando / あのバンド} (Kessoku Band - Ano Band; Live; Cover) [OST; Bocchi the Rock! / Одинокий рокер!],4:45:35,AnonymousAdomin,долг Х5⚰️,хорошечно,Аниме,"cover, live",рок,
19) Aki Akane — Kando Reduction {Kando≠Reduction / Kandori Dakushon / 感弩≠Reduction},4:58:05,RoriPotato,донат,хорошечно-,,,рок,
20) Miley Cyrus — The Best of Both Worlds (Сейю: Hannah Montana) [OST; Hannah Montana / Ханна Монтана],5:21:55,Sendy Polaris,долг Х4☠️,хорошечно-,Фильм,,поп-рок,
21) Blondie — Heart Of Glass {Сердце из стекла},5:34:25,ayl1es,донат,гениально - -,,,фанк / поп / поп-рок,
22) Metallica — Nothing Else Matters (Official Music Video),5:46:45,GameCloser,заказ,атлична,,,баллада / рок,
23) Megadeth — Hangar 18 (2004 Remix),6:05:10,Phyz,долг Х3💀,атлична+,,,метал,
24) Foxing — Hell 99,6:16:40,Indie Anthems,донат,атлична+,,,метал / инди,
25) HOYO-MiX — Undersea Encounters [Genshin Impact OST],6:31:40,Meleis,долг Х2,хорошечно+,Игра,,оркестровое / инструментал / электронное,
26) The Consouls — Night Walker (Raito — Night Walker; Linne’s Theme; Cover) [OST; UNDER NIGHT IN-BIRTH Exe:Late],6:39:45,Максим Киберспорт,донат,хорошечно-,Игра,cover,джаз / инструментал,
СТРИМ №240 (11.06.26),, ,,,,,,
ДОЛГОВОЙ,, ,,,,,,
1) ZUTOMAYO — lowmotion algae,15:15,ansmit,долг Х9🌑,атлична,,progressive,инди / поп / поп-рок,ихихихи мимими
2) Knocked Loose feat. Denzel Curry — Hive Mind (Official Music Video),39:05,eu_gor,заказ,хорошечно++,,,метал,
3) Tom Snow — One of Us (English) [OST; The Lion King 2: Simba's Pride / Король Лев 2: Гордость Симбы],50:50,Rtur,долг Х6👻,нормас++,Фильм,,фолк / поп,
4) FELT — Summer Fever (ZUN - Oriental Dark Flight; Cover) [OST; Touhou 9: Phantasmagoria of Flower View / Touhou Kaeizuka ～ Phantasmagoria of Flower View],59:30,Gryryfytygy ,долг Х5⚰️,хорошечно - -,Игра,,фанк ,
5) HOYO-MiX — Death in the Afternoon {Смерть после полудня} (Honkai: Star Rail x MAPPA Animation Concept Trailer) [Honkai: Star Rail OST],1:13:00,RoriPotato,долг Х4☠️,ну такое+,Игра,,фанк / поп-рок / электронное,ПОТРАЧЕНО
6) Dan Vasc — I'll Make a Man Out of You (Donny Osmond - I’ll Make a Man Out of You; Cover) [OST; Mulan / Мулан],1:29:50,Alan008,долг Х3💀,хорошечно-,Фильм,cover,метал,
7) Tabitha Fair & Todd Cooper — Fly In The Freedom (Theme of Rouge) [OST; Sonic Adventure 2 / Соник Приключение 2],1:41:50,trivia_holic,долг Х2,атлична-,Игра,,джаз,
8) ZUTOMAYO — Mabushii DNA Dake {眩しいDNAだけ},2:11:50,ansmit,долг Х9🌑,атлична,,,поп / инди,
"9) UNISON SQUARE GARDEN — Minority Report(darling, I love you) {マイノリティ・リポート (darling, I love you) / Majoriti ripoto (darling, I love you)}",2:29:25,kumashisan; Triple_AI,заказ,атлична-,,,поп-рок / рок,
10) BURNOUT SYNDROMES — FLY HIGH!! [2/4 Opening Haikyuu!! Second Season / Волейбол!! 2],2:39:50,AndrLord,долг Х7🥀,хорошечно-,Аниме,,рок,
"11) Kana Asumi, Saki Fujita & Eri Kitamura — Coolish Walk (Сейю: Popura Taneshima, Mahiru Inami & Yachiyo Todoroki) [1/2 Opening Working'!! / Работа!! 2]",2:50:50,AndrLord; Ivan_Vitalyevich,долг Х6👻,атлична - -,Аниме,,поп / джаз,
12) soundTeMP — Dancing Christmas in the 13th Month [Ragnarok Online OST],3:22:30,MacTepOk,долг Х5⚰️,хорошечно-,Игра,,электронное / инструментал,
СТРИМ №239 (10.06.26),, ,,,,,,
1) SebastiAn — Beograd,31:40,cptkooperman,донат,хорошечно+,,,электронное / инди / инструментал,
2) ZUTOMAYO — antimony {アンチモン },50:25,ansmit,долг Х8🌋,атлична - -,,,инди / электронное / поп,
3) Aiobahn feat. 9Lana — letter (Official Visualizer),1:03:00,wend1g,донат,атлична - -,,,электронное / поп,
4) Aya Hirano — CHA-LA HEAD-CHA-LA (Cейю: Konata Izumi; Hironobu Kageyama - CHA-LA HEAD-CHA-LA; Cover) [OST; Lucky Star / Счастливая звезда],1:13:45,@Denis_e_87,заказ,хорошечно++,Аниме,"cover, meme",поп-рок,караоке стрим (но есть нюанс)
5) Hiroyuki Sawano feat. mizuki — Keep on keeping on <MODv> (Self-cover) [OST; Aldnoah.Zero / Альдноа.Зеро],1:23:50,staruhhha,донат,хорошечно,Аниме,live,поп-рок,
5.5) Faryma.composer о лучшем гарнире,1:59:25,Faryma.composer,,,,,,
"6) Jeremy Irons, Whoopi Goldberg, Cheech Marin & Jim Cummings — Be Prepared [OST; The Lion King / Король Лев]",2:05:10,Rtur,долг Х5⚰️,атлична,Фильм,,мюзикл/опера / фолк,хороший голос
7) Maladoy Prince feat. luvdakash — Джиги {Jiggy},2:17:50,arantear,донат,хорошечно,,,рэп ,чики чики джиги джиги 
8) Little Big — Big Dick,2:31:55,Sammy Willbur,долг Х4☠️,нормас,,,электронное / поп,бан
9) Mirai Kodai Gakudan feat. Bouquet — FLAMES {火火火 / ほのお / Honoo},2:41:15,AndrLord,донат,атлична,,,инди / фолк / электронное,найс арабщина
10) Richard Cheese — Stronger (Kanye West - Stronger; Cover),2:52:50,Alan008,долг Х3💀,нормас++,,cover,джаз,
11) Cajun Dance Party — The Next Untouchable,3:01:55,Indie Anthems,донат,нормас++,,,инди / рок,БЕСКОНЕЧНОСТЬ НЕ ПРЕДЕЛ
12) Тимати & Банда — Плачут небеса {Heavens Are Crying} (Фабрика звёзд 4),3:25:20,Monstrrro,долг Х2,нормас-,,live,поп / рэп,ничего не понятно
13) AILIFDOPA — DEATH BABOON (Official Music Video),3:48:00,rocklounger,донат,атлична,,,метал / инди,
14) Katakiri Rekka — Golden Nocturne {金色の夜想曲} (Beatrice's image song) [OST; Umineko: When They Cry / Когда плачут чайки],4:00:05,Sammy Willbur,долг,хорошечно - -,Аниме,,метал / оркестровое,плохое сведение
"15) Carolina Gaitán, Mauro Castillo, Adassa, Rhenzy Feliz, Diane Guerrero & Stephanie Beatriz — We Don’t Talk About Bruno [OST; Encanto / Энканто]",4:11:20,cptkooperman,донат,хорошечно++,Фильм,,мюзикл/опера / фолк / поп,
СТРИМ №238 (6.06.26),, ,,,,,,
1) Faryma.composer — music serial killer (2 опенинг стримов),24:55,wend1g,донат,хорошечно-,,,метал / рэп,знакомый трек
2) Tracy W. Bush — Rise of the Ancients (Night Elves) [Warcraft III: Reign of Chaos OST],45:00,SinWarlock,долг Х9🌑,хорошечно++,Игра,,оркестровое / инструментал / фолк,
3) HOYO-MiX — Dottore 2nd Boss Fight Theme [Genshin Impact OST],53:10,EpicFire,донат,атлична - -,Игра,,оркестровое / электронное,БВУУУУУУУУМ
4) Gorillaz feat. Omar Souleyman & Yasiin Bey — Damascus (Official Visualiser),1:08:50,Napporaivo,долг Х8🌋,атлична,,,фолк / рэп / электронное,
5) Daniel Pemberton — Take You Down [OST; The Man from U.N.C.L.E. / Агенты А.Н.К.Л.],1:19:25,cptkooperman,донат,атлична-,Фильм,,рок / инструментал,
6) Hiroyuki Sawano — AVALONIAN [OST; Fate/strange Fake / Судьба/Странная подделка],1:28:50,rayels66,заказ,нормас,Аниме,,поп-рок,савано слоп
6.5) Смотрим нарезку со стримов от Svd_bb,1:57:45,Faryma.composer,,,,,,
7) Akai Ko-en — Fukuryuuen,2:06:30,Indie Anthems,донат,атлична,,,инди / рок,
8) Kaleida — Think (Official Video) [OST; John Wick / Джон Уик],2:16:40,Летта,долг Х6👻,хорошечно-,Фильм,,электронное / поп / инди,
9) Shiro Sagisu — A01_clone_miyagi [OST; Neon Genesis Evangelion / Евангелион нового поколения],2:25:35,cptkooperman,донат,атлична,Аниме,,оркестровое / инструментал,
10) Enomoto Atsuko — Be My Angel [1 Opening Battle Doll Angelic Layer / Арена ангелов],2:34:10,Ivan_Vitalyevich,долг Х5⚰️,хорошечно-,Аниме,,поп-рок / электронное,
11) Howard Shore — The Battle of the Pelennor Fields [OST; The Lord of the Rings: The Return of the King / Властелин колец: Возвращение короля],2:44:50,Noveske,заказ,атлична-,Фильм,,оркестровое / инструментал,
12) Akai Ko-en — Uruoi no Hito,2:55:35,Indie Anthems,донат,атлична-,,,инди / рок,
13) Fire-Toolz — Everything & Everywhere Is Grace / Heaven Is A Decision I Must Make,3:04:15,Matumbafan89,долг Х4☠️,атлична-,,,метал / электронное / инди,орём про котиков
14) Guchiry feat. flower — Abnormality Dancin' Girl {Abunoomariti Danshin Gaaru / アブノーマリティ･ダンシンガール} (Vocaloid),3:28:30,Максим Киберспорт,донат,хорошечно - -,,,поп-рок / электронное / поп,японская депрессия в ноль лет
15) ВИА 'Поющие сердца' — Кто тебе сказал,3:53:10,Alan008,долг Х3💀,атлична - -,,,поп,букины
16) Shiro Sagisu — Swinging A1 (Shiro Sagisu — Rei I; Jazz Cover) [OST; Neon Genesis Evangelion / Евангелион],"увы, пока",cptkooperman,донат,атлична+,Аниме,,джаз / инструментал,
17) Султан-Ураган & Мурат Тхагалегов — На дискотеку! {Едем в соседнее село / To the disco},"увы, пока",Monstrrro,долг Х2,атлична - -,,,поп,"мы на дне, но есть нюанс"
18) Mrnick LEC — It's over. but Not for Me.,"увы, пока",Максим Киберспорт,донат,ну такое,,solo instrument,поп,ПОЧЕМУ
19) Ilaria Graziano — replica (Producer Yoko Kanno) [OST; Ghost in the Shell: Stand Alone Complex - Solid State Society / Призрак в доспехах: Синдром одиночки — Сообщество стабильной государственности],"увы, пока",Meleis,долг,гениально - -,Аниме,,электронное / инди,
20) Jordin Sparks — Battlefield,"увы, пока",Rtur,донат,нормас++,,,поп,хороший вокал
СТРИМ №237 (4.06.26),, ,,,,,,
ДОЛГОВОЙ,, ,,,,,,
1) Tracy W. Bush — Arrival at Kalimdor(Night Elves) [Warcraft III: Reign of Chaos OST],15:20,SinWarlock,долг Х9🌑,хорошечно+,Игра,,оркестровое / фолк / инструментал,
2) Inon Zur — Fallout 4(Main Theme) [OST; Fallout 4],24:30,абоба,долг Х8🌋,хорошечно++,Игра,,оркестровое / инструментал,
3) Steam Powered Giraffe — Triumphant [OST; SteamWorld Heist II],31:30,SinWarlock,долг Х7🥀,хорошечно++,Игра,,фолк / поп,
"4) Vaundy — RUN SAKAMOTO RUN {Беги, Сакамото / 走れSAKAMOTO} [1 Opening Sakamoto Days / Дни Сакамото]",41:15,AndrLord,долг Х6👻,хорошечно,Аниме,,рок,
5) Taylor Swift — Anti-Hero (Official Music Video),53:05,DOUBLEYU,заказ,хорошечно,,,поп,
6) Terry Scott Taylor — Klaymen's Theme [The Neverhood OST],1:04:30,MacTepOk,долг Х4☠️,атлична,Игра,,фолк / джаз / инструментал,
7) Epidemia — Когда уснут драконы {When the dragons fall asleep},1:12:55,Rtur,долг Х3💀,хорошечно-,,,метал,"телепузики два раза не повторяют, два раза не повторяют"
"8) Katsuhiko Suzuki & Aki Hata — Dungeon 1, Dungeon 6 (In Oscilloscope View!) [Light Crusader OST]",1:29:45,MacTepOk,заказ,атлична-,Игра,,электронное / инструментал,суета
9) Stromae — Fils de joie {Сын радости} (Official Video),1:39:40,brizzy_wow,долг,атлична+,,,поп / рэп,
10) Tracy W. Bush — Awakening(Night Elves) [Warcraft III: Reign of Chaos OST],2:09:05,SinWarlock,долг Х9🌑,атлична-,Игра,,оркстровое / фолк / инструментал,
"11) Customi Z — COOLEST [1 Opening Sakamoto desu ga? / Я — Сакамото, а что?]",2:15:30,AndrLord; Ivan_Vitalyevich,долг Х8🌋,хорошечно-,Аниме,,рок / поп-рок,
12) Kalafina — Kimi Ga Hikari Ni Kaeteiku {君が光に変えて行く / Kimi ga Hikari ni Kaete Yuku / You Turn It into Light} [1/2 Ending The Garden of Sinners Chapter 2: A Study in Murder - Part 1 / Граница пустоты 2: Теория убийства — Часть 1],2:25:30,DzenDish,долг Х6👻,хорошечно-,Аниме,,баллада / поп,
"13) A.Fruit — The Beat of Chaos [Gremlins, Inc. OST]",2:34:30,SinWarlock,долг Х5⚰️,хорошечно-,Игра,,инди / инструментал,
14) BUMP OF CHICKEN — K,2:45:05,kumashisan,заказ,хорошечно,,,поп-рок / рок,бедный котик
15) Roselia — Ichie no Full Glory {The Sole Full Glory / 一逢のFull Glory} [OST; BanG Dream! Girls Band Party!],2:56:10,BeluHie,долг Х4☠️,хорошечно - -,Игра,,рок / поп-рок,драка в чате
16) Hakushi Hasegawa — Boy’s Texture {ボーイズ・テクスチャー},3:13:20,Matumbafan89,долг Х3💀,атлична,,progressive,инди,дети падают в самолете и кричат
17) NTE10AM feat. Li Tian Zi — Out Of Sync (Hotori EP) [Neverness to Everness OST],3:25:00,laitsberg,долг Х2,хорошечно,Игра,,джаз / электронное,чат хейтеров
18) Hika Tsukishiro — Doko Made Hashireba (Сейю Win Variation) {どこまで走れば} [OST; Uma Musume: Pretty Derby / Девушки-пони: Славное дерби],3:40:50,Svd_bb,заказ,хорошечно+,Игра,,поп-рок,
19) Yoko Kanno — The Vision of Escaflowne [OST; The Vision of Escaflowne / Видение Эскафлона],4:11:20,Meleis,долг,хорошечно++,Аниме,,оркестровое / инди,
СТРИМ №236 (3.06.26),, ,,,,,,
1) Mili — Gone Angels [Library of Ruina OST],16:15,ArtOkno_LG,долг Х8🌋,хорошечно+,,,баллада / поп / инди ,
2) Samuel Kim — Joseph Joestar Theme {Overdrive} (Taku Iwasaki feat. Lotus Juice - Overdrive; Cover) [OST; JoJo's Bizarre Adventure / Невероятное приключение ДжоДжо (2012)],27:10,cptkooperman,донат,хорошечно - -,Аниме,"mashup, cover",электронное / рэп,
3) Yoshihisa Hirano — Magnificent Power [OST; Helck / Хельк],43:15,абоба,долг Х7🥀,хорошечно++,,,оркестровое / инструментал,
4) The Crystal Method — Born Too Slow [Need for Speed: Underground OST],51:35,Маслина,донат,атлична - -,Игра,,рок / электронное / инди,
5) TK from Ling tosite sigure feat. Chan Mari — Shinkiro {Мираж / Mirage / 蜃気楼} (Live from 'Acoustique Electrick Session for 0'),1:01:55,IldanLf,заказ,атлична - -,,live,инди / поп-рок,
6) Kings Elliot — Lost Again [The Callisto Protocol OST],1:14:45,cptkooperman,донат,хорошечно+,Игра,,поп / оркестровое / баллада,
7) Eric Shumaker & Francis Coulombe — Formaldehyde (Taxidermy Boss) [Look Outside OST],1:25:45,eurodance_with_cat,заказ,хорошечно,Игра,progressive,электронное / инструментал ,дерьмовый синт
8) FranChouChou — Sukicchan! Karachu {すきっちゃん！からチュッ / I Love You! Karachu} [OST; Zombieland Saga Revenge / Зомбилэнд-Сага: Месть],1:43:55,wend1g,донат,нормас++,Аниме,,поп / электронное,
9) The Original Cast of ‘Paddington The Musical’ & Tom Fletcher feat. Victoria Hamilton-Barritt — Pretty Little Dead Things [OST; Paddington The Musical],1:59:30,Triple_AI,заказ,атлична+,Фильм,,мюзикл/опера,"хороший вокал, хорошее сведение"
10) MARIA KON — Твое имя {Your name},2:12:05,cptkooperman,донат,хорошечно,,,поп / инди / электронное,музыкальная медуза
11) Иван Купала — Коляда {Kolyada / Christmas carol},2:22:00,GameCloser,долг Х3💀,хорошечно++,,,электронное / фолк / поп,добри чат
12) Nekomata Okayu — Neko Kaburi-Na {ネコカブリーナ / Neko Kaburi na},2:31:10,AShibaT,донат,нормас++,,,электронное / рэп,трахать онигири
13) MARINA — Valley of the Dolls,2:46:05,Rtur,донат,атлична- ,,,инди / поп,
"14) Анаит Каначян — Оставайся, Мальчик, с Нами {Stay with us, boy.} [OST; В синем море, в белой пене...]",2:56:00,Sammy Willbur,долг Х2,атлична - -,,,поп / оркестровое,плохое сведение
15) Sān-Z & HOYO-MiX feat. Mr. Mo & Relaye — Billy Mode [Zenless Zone Zero OST],3:09:45,laitsberg,долг,хорошечно-,Игра,,поп / фанк,чёт база слишком
15.5) Слушаем выступление одного из зрителей,3:18:40,Faryma.composer,,,,,,
СТРИМ №235 (31.05.26),, ,,,,,,
БЛАГОТВОРИТЕЛЬНЫЙ + ПРЕЗЕНТАЦИЯ СЕЗОНА 3.5!!!,, ,,,,,,
1) Oxxxymiron — Башня из слоновой кости {Ivory Tower},39:10,@Deneevav,очередь,хорошечно,,,рэп,
2) Megadeth — Wake Up Dead (Remastered 2011),51:10,@Daym1s,очередь,атлична-,,,метал,
3) Yung Lean feat. Bladee — Highway Patrol,1:03:10,@hornetnet,очередь,хорошечно++,,,рэп / баллада,атмосфера
4) Miyagi & Эндшпиль — БадаБум {BadaBoom / Бада Бум} (Lyric Video),1:13:15,@drop921,очередь,нормас+,,,рэп,
5) Amy Winehouse — Back To Black,1:26:35,@itachi_uchiha192,очередь,атлична++,,,поп / баллада,
6) Garbage — I Think I'm Paranoid [OST; Gran Turismo 2],1:38:25,Kwanza,очередь,гениально - -,Игра,,рок / инди,
7) Neversmile — Без Мира {Without Peace / Without the world},1:47:45,Rose Sanose,очередь,нормас++,,,рок / метал,
8) xaki — Lie-alaiaa [VN; OST; Umineko no Naku Koro ni Chiru / Когда плачут чайки: Крах],2:11:05,red_chajek,очередь,ну такое++,Игра,,оркестровое / инструментал,
9) DEEP-EX-SENSE & Лжедмитрий IV — Кайлеон {Kayleon / Caileon},2:20:30,UnknownSekorsky,очередь,хорошечно - -,,,рэп,
10) Radiant Records feat. Molli & Camellia — Leia {Лея} (Yuyoyuppe feat. Megurine Luka - Leia; RUS Cover),2:37:40,@Mugetsu21,очередь,ну такое,,cover,метал,
11) HANABIE. — Spicy Queen (Music Video),2:53:05,@Wolfsanek2,очередь,хорошечно+,,,метал,
12) Rockit Gaming — Total Insecurity (FNAF SECURITY BREACH SONG ANIMATION),3:02:55,Faralon,очередь,нормас++,,,электронное / поп,
13) Sheena Ringo — Camouflage {Камуфляж / Meisai / 迷彩},3:15:10,@vdlas2,очередь,гениально - -,,,джаз / оркестровое,
14) Автограф — Монолог {Monologue},3:26:10,Lina,очередь,атлична+,,progressive,рок / инди ,
15) Lind Erebros — Under the Shadow of the Oak [OST; King's Bounty: The Legend / King’s Bounty. Легенда о рыцаре],3:38:15,@DoV4kin,очередь,нормас++,Игра,,оркестровое / фолк,
16) The Beach Boys — God Only Knows,3:47:20,@Dmet_Pete,очередь,гениально,,,поп / инди,
17) Teminite & MDK — Space Invaders,3:58:20,@Gishaqw,очередь,атлична-,,,электронное / инструментал,
18) J.A. Seazer — Zettai Unmei Mokushiroku {Абсолютная судьба: апокалипсис / Absolute Destiny: Apocalypse / 絶対運命黙示録・完全版} [OST; Revolutionary Girl Utena / Юная революционерка Утэна],4:10:00,Shmatok,очередь,атлична-,Аниме,progressive,метал,
19) Ayane — Nageki no mori {Лес скорби / 嘆きノ森} [VN; OST; Higurashi no Naku Koro ni Matsuri / Когда фестиваль крика цикад],4:18:20,@NuYa23,очередь,хорошечно-,Игра,,поп-рок / инди,
20) Eric Shumaker — Comatus [Look Outside OST],4:25:45,eurodance_with_cat,очередь,нормас++,Игра,,электронное / инструментал,
"21) Heaven Pierce Her — The Shattering Circle, or: A Charade of Shadeless Ones and Zeroes Rearranged ad Nihilum (LAYER 8: FRAUD) [Ultrakill OST]",4:37:10,@courtofthe,очередь,хорошечно++,Игра,progressive,инди / метал / электронное,
СТРИМ №234 (30.05.26),, ,,,,,,
1) Mayu Yoshioka — Stay on Course (Сейю: Dream Journey) [OST; Uma Musume: Pretty Derby / Девушки-пони: Славное дерби],18:35,Svd_bb,заказ,хорошечно+,Игра,,поп / электронное / баллада,
1.5) Faryma.composer о электронной музыке + О своей памяти на Имена,30:25,Faryma.composer,,,,,,
"2) Satomi Sato & Ai Kayano — Kimi ni Matsuwaru Mystery (Сейю: Eru Chitanda & Mayaka Ibara; TV Version) {Мистерия, связанная с тобой / The Mystery in Connection to You / The Mystery Associated with You / 君にまつわるミステリー} [2 Ending Hyouka / Хёка]",34:40,PXcell2098,донат,нормас++,Аниме,,поп-рок / поп,
3) Darren Korb — Scourge of the Furies [Hades OST],44:20,wend1g,заказ,хорошечно - -,Игра,,метал / электронное / инструментал,
4) Rhapsody of Fire — Raging Starfire,1:01:50,@Masyanyechka,заказ,нормас++,,,метал ,
5) ridgeclub — where am i supposed to go?,1:21:50,50 50,донат,хорошечно - -,,,инди / джаз / инструментал,
6) Shiro Miya & Pinkara Trio — Onna no Michi {Путь женщины / The path of a woman / 女のみち},1:29:15,Napporaivo,долг Х7🥀,атлична - -,,,фолк,
6.5) Faryma.composer о соусе Barilla ARRABBIATA,1:59:15,Faryma.composer,,,,,,
7) Bill Brown & Mikael Sandgren — Main Menu (Vanilla) [Command & Conquer: Generals – Zero Hour OST],2:02:50,PXcell2099,донат,хорошечно - -,Игра,,метал / оркестровое / инструментал,
8) FLXT WHITE — Мой ненаглядный Heavydirtysoul (Татьяна Буланова — Мой ненаглядный × Twenty One Pilots — Heavydirtysoul; Mashup),2:15:05,zharik,долг Х6👻,хорошечно-,,mashup,поп-рок / поп / инди,
9) Ninomae Ina'nis — TAKO∞TAKOVER {TAKO TAKOVER},2:23:55,RoriPotato,донат,хорошечно-,,,электронное / поп,
10) Natsumi Murakami — Saikou Heart {Лучшее Сердце / Best Heart / サイコーハート} (Сейю: Ai Miyashita) [OST; Love Live! Nijigasaki High School Idol Club / Живая любовь! Клуб идолов старшей школы Нидзигасаки],2:34:25,Ivan_Vitalyevich,долг Х5⚰️,нормас++,Аниме,,поп / электронное,
10.5) Faryma.composer о аниме Spy x Family,2:45:50,Faryma.composer,,,,,,
11) Walkure — Hametsu no Junjo ~Mikumo Solo~ {Чистота разрушения / Hametsu no Junjō / 破滅の純情} [OST; Macross Delta / Макросс Дельта],2:48:45,Astamaxxvm,заказ,хорошечно++,Аниме,,поп / электронное,
12) Domitori Taranofu — Troposphere,3:02:15,Domitori Taranofu,донат,нормас++,,,электронное / инструментал / баллада,
13) May'n & Megumi Nakajima — Lion {Лев / Lion / ライオン} (Сейю: Ranka Lee & Sheryl Nome) [2 Opening Macross Frontier / Макросс Фронтир],3:15:20,Sheruka,долг Х4☠️,хорошечно,Аниме,,поп / электронное / поп-рок,
14) The Truth Is Out There — Alive Dying,3:29:05,Indie Anthems,донат,хорошечно-,,,метал / инди,
15) Rom1o — Soulcaged Warrior (FINAL) [SoulSpire Demo OST],3:59:25,Rom1o,долг Х3💀,нормас++,Игра,,электронное / рок,
16) AniRap — Primitivo(Carnitrix) (Ben 10),4:22:55,Faralon,донат,нормас++,,,метал / электронное,
17) Wuthering Waves feat. Crywolf & kahoca — Decensus Ad Nihilum (Denia) [Wuthering Waves OST],4:41:40,laitsberg,долг Х2,хорошечно,Игра,,электронное / метал,
18) A Lot Like Birds — The Sound of Us,4:58:55,Indie Anthems,донат,хорошечно-,,,метал / инди,
19) Quadeca — MONDAY,5:09:30,Matumbafan89,долг,атлична+,,,инди / фолк / поп,
20) Hakos Baelz — PSYCHO,5:21:35,Wodyetio,заказ,хорошечно+,,,электронное / поп,
21) APAngryPiggy feat. Dawko — Let Me Out (inspired by Five Nights at Freddy’s: Help Wanted),5:32:20,Faralon,донат,нормас,,,поп / электронное,
СТРИМ №233 (28.05.26),, ,,,,,,
ДОЛГОВОЙ,, ,,,,,,
1) Passenger — Let Her Go (Official Video),17:10,Linerist,заказ,нормас++,,,поп / баллада,
1.5) Faryma.composer о простых и популярных треках + импровизация,28:10,Faryma.composer,,,,,,
2) Michael Giacchino — Married Life [OST; Up / Вверх],33:20,абоба,долг Х7🥀,атлична,Фильм,,оркестровое / инструментал / джаз,
3) Ярослав Баярунас — Я – человек {Just a Man} (Jorge Rivera-Herrans - Just a Man; Live; Cover) [OST; EPIC: The Musical / ЭПИК: Мюзикл],44:25,Triple_AI,долг Х6👻,атлична+,Фильм,"live, cover",мюзикл/опера,
4) Kalafina — Mirai {Будущее / Future / 未来} (Mami’s theme) [OST; Puella Magi Madoka Magica the Movie Part 1: Beginnings / Девочка-волшебница Мадока. Волшебный фильм 1: История начала],51:25,DzenDish,долг Х5⚰️,хорошечно,Аниме,,баллада / поп / оркестровое,
5) DEEP-EX-SENSE — Душнилатриархат {Dushnilatriarhat},1:04:55,UnknownSekorsky,заказ,нормас,,,поп-рок ,
5.5) Слушаем Валентин Дядька — Стадионный Стадион Стадионов,1:15:45,Faryma.composer,,,,,,
6) Slipknot — Duality,1:19:45,Static_Streams_,долг Х3💀,атлична - -,,,метал ,
7) NayutalieN feat. Hatsune Miku — Dance Robot Dance {Танец робота / Dance Robot Dance / ダンスロボットダンス} [OST; Compass: Combat Providence Analysis System / NND Compass],1:33:15,Акума,долг Х2,хорошечно - -,,,электронное / поп-рок,
8) HOYO-MiX — Absolutio Absoluta Absolutissime (Live) [Genshin Impact OST],1:44:35,laitsberg,долг,атлична - -,Игра,live,оркестровое / электронное ,
9) ZUTOMAYO — Truth In Lies {Это не ложь / Truth In Lies / 嘘じゃない} [OST; My Oni Girl / Моя подруга — демон],2:13:45,vio_kim; svd_bb,заказ,атлична,Фильм,,поп / инди,
10) Aiobahn feat. Chata — heart 2 heart (Official Music Video),2:31:45,wend1g,заказ,хорошечно-,,,электронное / поп,
11) ZUTOMAYO — Hunch Gray {勘ぐれい},2:43:00,ansmit,долг Х7🥀,атлична - -,,,инди / поп,
11.5) Faryma.composer смотрит старую статистику стримов за год + говорим о нейронках,2:55:10,Faryma.composer,,,,,,
12) AiM — Keep On [2 Ending Digimon Adventure / Приключения Дигимонов],3:03:40,DzenDish,долг Х6👻,хорошечно+,,,поп / электронное / поп-рок,
13) Shiro Sagisu feat. Arianne Schreiber — Everything You've Ever Dreamed (M-11) [OST; Евангелион нового поколения: Конец Евангелиона / Neon Genesis Evangelion: The End of Evangelion],3:14:40,Sheruka,долг Х5⚰️,атлична+,,,джаз / оркестровое,
14) E-Type — Here I Go Again,3:25:50,Rtur,долг Х4☠️,нормас++,,,электронное / поп,
15) milet — Walkin' In My Lane {Иду по своей дорожке} [OST; Involvement in Family Affairs / A Family of Distinction / Участие в семейных делах],3:34:05,AndrLord,долг Х3💀,нормас+,Фильм,,поп ,
16) Brian Tyler — Can You Dig It (Iron Man 3 Main Titles) [OST; Iron Man 3 / Железный человек 3],3:51:55,Alan008,долг Х2,нормас++,Фильм,,джаз / поп / инструментал,
17) Sakuraburst — A Broken Serenity,4:00:00,Hantrik,долг,хорошечно++,,,электронное,
17.5) Faryma.composer о музыкальных терминах + немного импровизации,4:14:20,Faryma.composer,,,,,,
СТРИМ №232 (26.05.26),, ,,,,,,
"1) Ado — Haru ni Mau {Танец весны / Dance of Spring / 春に舞う} [OST; Kyou, Suki ni Narimashita / I Fell in Love Today]",26:25,PoTapkam,донат,нормас++,Фильм,,поп,
2) Valve Studio Orchestra — Dota2,39:10,SashaDch,долг Х3💀,нормас+,Игра,,инструментал / оркестровое,
3) Eve — Dramaturgy (ПОВТОР: СТРИМ №8; 9 трек от Svd_bb) {Драматургия / Dramaturgy / ドラマツルギー},45:50,Enn Nne,повтор,атлична,,,поп-рок / инди,
3.5) Faryma.composer о своём музыкальном оборудовании,55:15,Faryma.composer,,,,,,
4) Ado — Unknown Mother Goose {Неизвестная Матушка-Гусь / Unknown Mother Goose / アンノウン・マザーグース} (wowaka feat. Hatsune Miku — Unknown Mother-Goose; Live; Cover),1:02:25,AnonymousAdomin,долг Х2,атлична,,"live, cover",поп-рок / электронное,
5) Asriel — Metamorphose [1 Opening Monochrome Factor / Монохромный фактор],1:15:10,Meleis,донат,хорошечно - -,Аниме,,поп-рок,
6) The Mars Volta — Tetragrammaton,1:29:25,Веля Моря ,долг,атлична,,progressive,метал,
7) Shinsei Kamattechan — Yozora no Mushi to Dokomademo {Жуки ночного неба и до бесконечности / 夜空の虫とどこまでも} (2019 Rec ver.),2:06:10,Shmatok,донат,хорошечно - -,,,инди ,
СТРИМ №231 (23.05.26),, ,,,,,,
1) Shirogane Noel — Gyu-Don Carnival! {ぎゅーどんかーにばる！},21:20,AShibaT,донат,атлична,,,поп / электронное,
2) Надежда Кадышева & Ансамбль Золотое Кольцо — Виновата ли я {Am I to blame? / Is It My Fault} (Алексей Муравлёв — Виновата ли я; Cover) [OST; Clouds Over Borsk / Тучи над Борском],37:05,Eagler,долг Х7🥀,хорошечно - -,,cover,поп / фолк,
3) Brendan Angelides — Mirage Theme [OST; Assassin's Creed Mirage / Assassin’s Creed: Мираж],49:15,cptkooperman,донат,атлична - -,Игра,,оркестровое / фолк / электронное,
4) Azumi Waki & Maaya Uchida — Koyoi mofumofu!! {Tonight mofumofu !! / 今宵もふもふ！！} [1 Opening The Helpful Fox Senko-san / Заботливая 800-летняя жена!],59:35,Ivan_Vitalyevich,долг Х6👻,нормас++,Аниме,,поп,
5) Three Days Grace — Never Too Late (Official Video),1:15:30,Aleks kun,донат,хорошечно-,,,рок ,
6) AiM — I Wish [1 Ending Digimon Adventure / Приключения Дигимонов],1:25:20,DzenDish,долг Х5⚰️,атлична - -,Аниме,,поп / фанк / электронное,
7) Yuiko — Houkago Stride {Стрейд после уроков / After-School Stride / 放課後ストライド} (Last Note. feat. GUMI - Houkago Stride; Cover) [OST; Mikagura School Suite / Сюита школы Микагура],1:54:30,egorkasprigorca,донат,хорошечно - -,Аниме,,поп-рок,
8) Shinra-Bansho feat. Ayaponzu* — Scarlet Revolution {Скарлет революция / Scarlet Kakumei / スカーレット革命} (ZUN - U.N. Owen Was Her?; Cover) [OST; Touhou 06: The Embodiment of Scarlet Devil / Воплощение Алой Дьяволицы],2:06:50,wend1g,заказ,хорошечно-,Игра,,электронное / поп-рок / поп,
9) Kali Malone — Living Torch II,2:36:05,Matumbafan89,заказ,атлична++,,progressive,электронное / баллада ,
10) Garou — Gitan (Live à Bercy),3:02:20,Rtur,долг Х4☠️,атлична,,,баллада / поп / фолк,
11) TRAP CHICK feat. Kasane Teto — Execution Clap {처형박수},3:14:55,wend1g,донат,хорошечно++,,,электронное / поп,
12) Король и Шут — Смерть на балу {Death at the Ball} (Ария солиста и Тодда),3:27:05,Alan008,долг Х3💀,хорошечно-,,,рок / поп-рок / мюзикл/опера,
13) Domitori Taranofu — First Frosts,3:40:35,Domitori Taranofu,донат,хорошечно-,,,элктронное / инструментал,
13.5) Faryma.composer о музыке в рекламе + говорим о СИМ транспорте,4:00:45,Faryma.composer,,,,,,
14) EXO — Groove {춤},4:04:15,Meleis,долг Х2,хорошечно+,,,поп / электронное,
15) Фёдор Добронравов & Анна Кошмал — Всё повторится {Everything will happen again} [OST; Сваты 6],4:14:50,wend1g,донат,нормас,Фильм,,поп,
16) TOMOO — Lip Noise (OFFICIAL MUSIC VIDEO),4:24:15,mage10; Enotishche,заказ,гениально - -,,,инди,
17) Stromae — Alors on danse (Notte della Taranta; Live; Remix),4:34:45,Kirilicus,донат,атлична,,"remix, live",электронное / фолк / оркестровое,
18) Cynic — The Space for This,4:49:20,Егор,долг Х7🥀,гениально - -,,progressive ,метал,
19) Sokoninaru — Lament moment (Official Music Video),5:01:45,kumashisan,донат,атлична - -,,progressive,метал,
20) Король и Шут — Забытые ботинки {Forgotten Boots},5:31:30,SinWarlock,долг Х6👻,нормас+,,,фолк / баллада,
21) Sakanaction — Yoru no Odoriko {Танцовщица ночи / Dancer of the Night / 夜の踊り子},5:40:50,AndrLord,донат,хорошечно++,,,инди / поп-рок,
22) Seeed feat. Black Kappa — Dickes B (official Video),5:52:15,Napporaivo,долг Х5⚰️,хорошечно++,,,рэп / электронное,
23) Within Temptation — The Truth Beneath the Rose,6:04:15,Rtur,донат,нормас+,,,метал / оркестровое,
23.5) Faryma.composer говорит на Казахском языке,6:15:40,Faryma.composer,,,,,,
24) Король и Шут — Защитники {The Defenders},6:19:35,SinWarlock,долг Х4☠️,хорошечно - -,,,поп-рок / баллада,
СТРИМ №230 (21.05.26),, ,,,,,,
ДОЛГОВОЙ,, ,,,,,,
1) NitroPlus feat. ayumi — Pity {Жалость / Ren / 憐} [VN; OST; Mojika: Truth Rears Its Ugly Head / Minikui Mojika no Ko],17:15,Keras174,заказ,хорошечно+,Игра,,инди / рок,
2) Igorrr — Headbutt (Live Gasometer Wien; 11.02.2026 - Vienna - Austria),29:20,плотва,долг Х10☄️,нормас++,,"progressive, live",метал,
3) Dubioza kolektiv — Himna generacije (Official video),38:00,Napporaivo,долг Х8🌋,нормас,,,поп / поп-рок,
4) Гарик Сукачев — Я милого узнаю по походке {I recognize my darling by his gait} (Юрий Морфесси - Я милого узнаю по походке; Cover),48:40,Eagler,долг Х7🥀,атлична - -,,cover,фолк / поп,
5) Be'lakor — The Smoke Of Many Fire (Official Lyric Video),1:00:10,ЗАКОН,долг Х6👻,нормас+,,,метал / инди,
6) Kalafina — Yume no Daichi {Страна грёз / Land of Dreams / Yumeno Daichi / 夢の大地} [2 Ending Rekishi Hiwa Historia],1:19:20,DzenDish,долг Х5⚰️,хорошечно - -,Фильм,,баллада / оркестровое / поп,
7) Uyama Hiroto feat. Shing02 — South Side (Japan Version),1:29:25,inferno_giza,заказ,атлична,,,инди / баллада / рэп,
8) Eternal Melody — Lunatic Red (ZUN - Septette for the Dead Princess; Remilia Scarlet’s Theme; Cover) [OST; Touhou 06: The Embodiment of Scarlet Devil / Воплощение Алой Дьяволицы],1:59:30,sodamin_,заказ,нормас-,Игра,,метал / электронное,
9) Luck Ganriki feat. Zakuro Motoki — Birth of a new witch [VN; OST; Umineko no Naku Koro ni Chiru / Когда плачут чайки: Крах],2:14:20,Monstrrro,долг Х2,нормас+,Игра,,поп,
10) Wuthering Waves feat. Crywolf & Cxssidy — Dasvidaniya [Wuthering Waves OST],2:25:45,laitsberg,долг,хорошечно-,Игра,,баллада / электронное / поп,
11) Король и Шут — Тёмный учитель {The Dark Teacher},2:35:35,SinWarlock,долг Х8🌋,атлична - -,,,поп-рок,
12) Ado & Hatsune Miku — Sakura Biyori and Time Machine {Сакура в цвету и машина времени / Sakura Biyori to Taimu Mashin / 桜日和とタイムマシン} (Live),2:54:35,AnonymousAdomin,долг Х7🥀,хорошечно - -,,"cover, live",поп / электронное,
13) Wada Kouji — Seven [OST; Digimon Adventure / Приключения Дигимонов],3:06:50,DzenDish,долг Х6👻,атлична - -,Аниме,,поп-рок,
14) Joe Hisaishi — Summer [OST; Summer of Kikujiro / Kikujiro / Кикуджиро],3:16:25,lacew8i8ng,заказ,атлична - -,Фильм,,оркестровое / инструментал,
15) Figure — Teenage Mutant Ninja Turtles (Chuck Lorre & Dennis C. Brown - Teenage Mutant Ninja Turtles; Remix),3:29:25,Verzweiflung12,заказ,нормас - -,Фильм,remix,электронное / инструментал,
16) Powapowa-P feat. Hatsune Miku — Strobe Light {Sutorobo Raito / ストロボライト},3:41:50,AnonymousAdomin,заказ,атлична - -,,,инди / поп / электронное,
СТРИМ №229 (20.05.26),, ,,,,,,
СТРИМ 50 50,, ,,,,,,
1) Violent Soho — Covered in Chrome (Official Video),16:10,50 50,донат,хорошечно++,,,рок,
2) Naive — The Shroud (Official HD Music Video),26:45,50 50,донат,атлична+,,,инди / рок / фолк,
3) Creed — One Last Breath {Последний вздох} (Official HD Music Video),43:10,50 50,донат,нормас++,,,рок / баллада,
4) UBEL — Лидокаин {Lidocaine},52:35,50 50,донат,атлична - -,,,инди / рок,
5) Bahroma — Мало рая {Little paradise},1:02:40,50 50,донат,нормас++,,,поп-рок,
6) Omadhaun — Vesuvius,1:14:05,Matumbafan89,долг,хорошечно+,,progressive,электронное / инструментал,
7) hide — 50% & 50%,1:37:10,kumashisan,долг,хорошечно+,,,рок,
СТРИМ №228 (19.05.26),, ,,,,,,
1) Kenyu Horiuchi — Dream Kinoko {Dream Kinoko / ドリームキノコ} (Сейю: En) [ep 9; OST; Dorohedoro / Дорохедоро],14:45,MacTepOk,долг Х3💀,хорошечно-,Аниме,,поп / баллада / поп-рок,
2) Mother Mother — Sleep Awake,23:25,50 50,донат,атлична-,,,инди / поп-рок,
3) Lost Ark feat. Kim Seonduk — Astalgia of Phantasm (Illusory Astellia) [Lost Ark OST],32:10,astralis,долг Х2,хорошечно,Игра,,оркестровое / опера/мюзикл,
4) Otomania feat. Hatsune Miku — Ievan Polkka {Eva's Polka} (Loituma - Ievan Polkka; Cover),49:55,Акума,донат,нормас++,,"cover, meme",электронное / поп / фолк,
5) Konomi Suzuki feat. Ashnikko — Recollect (Full version) [1/6 Opening Re:Zero - Starting Life in Another World 4th Season / Re:Zero. Жизнь с нуля в альтернативном мире 4],1:01:05,DzenDish,долг,атлична,Аниме,,электронное / поп,
6) Flawed Mangoes — Surreal (Official Music Video),1:11:55,50 50,донат,атлична - -,,,инди / рок,
6.5) Смотрим текст к треку Kenyu Horiuchi — Dream Kinoko,1:29:00,Faryma.composer,,,,,,
7) Konomi Suzuki — Inochi no Tomoshibi {Свет жизни / Light of life / Inochi no Toshibi / 命の灯火} [1 Opening Deep Insanity: The Lost Child / Безумное погружение: Потерянное дитя],1:31:15,Ivan_Vitalyevich,долг Х9🌑,хорошечно-,Аниме,,рок / электронное / поп,
"8) Aya Hirano, Emiri Kato, Kaori Fukuhara & Aya Endo — Motteke! Sailor Fuku {Take It! Sailor Uniform / Motekke! Sailor Fuku / もってけ！セーラーふく} (Full Version) (Сейю Konata Izumi, Kagami Hiiragi, Tsukasa Hiiragi & Miyuki Takara) [1 Opening Lucky Star / Счастливая звезда]",1:41:20,Meleis,донат,атлична+,Аниме,,фанк / электронное / поп,
9) Alka Yagnik feat. Hema Sardesai — San Sanana [OST; Asoka / Ашока / Император],2:10:55,Napporaivo,долг Х7🥀,хорошечно,Фильм,,поп / фолк / оркестровое,
10) Paramore — All I Wanted,2:24:45,50 50,донат,атлична,,,рок,
СТРИМ №227 (16.05.26),, ,,,,,,
1) MYTH & ROID — ACHE in PULSE [1 Opening Arknights: Perish in Frost / Аркнайтс: Зимнее уединение],21:25,DzenDish,заказ,атлична,Аниме,,электронное / инди / рок,
1.5) Faryma.composer о записи звука на концертах,34:20,Faryma.composer,,,,,,
2) The Brian Jonestown Massacre — Anemone,36:50,salazaralasav,заказ,хорошечно++,,,инди / поп-рок,
3) Yuu Miyashita — Wozwald (Nilfruits feat. flower - Wozwald; Cover),47:25,PXcell2098,донат,атлична+,,cover,инди / рок,
4) Ado — Crime And Punishment {Преступление и наказание / Crime And Punishment / 罪と罰} (Shiina Ringo - Tsumi to Batsu; Live; Cover),1:05:40,Феникс,долг Х10☄️,атлична - -,,"cover, live",рок / баллада,
5) Earshot — Headstrong [OST; Queen of the Damned / Королева проклятых],1:22:25,50 50,донат,атлична-,Фильм,,метал,
6.0) Faryma.composer и Аня о Мультфильме Kpop Demon Hunters,1:34:30,Faryma.composer,,,,,,
6) Saja Boys — Your Idol [OST; Kpop Demon Hunters / Кейпоп-охотницы на демонов],1:39:45,padalshchitsa,заказ,нормас++,Фильм,,поп / электронное,
7) Yoh Kamiyama — YELLOW (Music Video),2:00:30,PXcell2098,донат,атлична - -,,,инди / поп,
8) The Velvet Underground — Heroin,2:07:40,gogozeppeli23,заказ,гениально-,,progressive,инди / поп-рок,
9) Dreyma — White Orchard [OST; The Witcher 3: Wild Hunt / Ведьмак 3: Дикая Охота],2:20:50,GameCloser,заказ,хорошечно,,,оркестровое / инструментал,
"10) Penthouse — One Two Three {Ichi Ni San / 一二三} [1/4 Opening Welcome to Demon School! Iruma-kun Season 4 / Добро пожаловать в ад, Ирума! 4]",2:26:45,AndrLord,донат,атлична - -,Аниме,,фанк / поп,
11) Анатолий Бадхен & Симфонический оркестр Ленинградской филармонии — Утро {Morning} [OST; Office Romance / Служебный роман],2:36:15,Alan008,долг Х6👻,атлична-,Фильм,,оркестровое / инструментал / электронное,
12) Cellar Darling — The Spell (OFFICIAL VIDEO),2:46:45,50 50,донат,атлична - -,,progressive,метал / фолк,
13) Ayumi Miyazaki — Brave Heart [OST; Digimon Adventure / Приключения Дигимонов],2:58:00,DzenDish,долг Х5⚰️,хорошечно-,Аниме,,поп-рок,
14) ERV3RD feat. ИУДА — +1(305)-131-50-31,3:09:15,cptkooperman,донат,хорошечно,,,рэп / электронное,
15) Nulbarich — NEW ERA (Official Music Video),3:20:30,AndrLord,долг Х4☠️,хорошечно++,,,поп / фанк,
16) CaptainSparklez feat. TryHardNinja — TNT (Taio Cruz - Dynamite; Cover; Minecraft Parody),3:34:45,wend1g,заказ,ну такое++,,cover,электронное / поп,
17) Tropkillaz — Dopeman Please,4:13:35,PXcell2098,донат,нормас++,,,электронное / инструментал / ,
18) A Lot Like Birds — Connector,4:26:05,Indie Anthems,заказ,гениально - -,,progressive,инди / метал,
19) Beast in Black — Enter The Behelit (OFFICIAL MUSIC VIDEO),4:43:25,Wodyetio,долг Х3💀,нормас++,,,метал / электронное,
20) Sneaker Pimps — M'aidez,4:56:20,50 50,донат,атлична+,,,инди / баллада,
21) Mike Reagan — The Glory of Sparta [OST; God of War II / Бог Войны 2],5:05:50,Alan008,долг Х2,нормас++,Игра,,оркестровое / инструментал,
22) Lana Del Rey — First Light (Lyric Video) [007 First Light OST],5:21:55,cptkooperman,донат,хорошечно,Игра,,рок / оркестровое,
"23) Aarne, Toxi$ & Big Baby Tape — NOBODY",5:33:50,Monstrrro,долг,нормас-,,meme,поп / рэп,
24) The Backseat Lovers — Out of Tune,6:04:05,Indie Anthems,донат,хорошечно-,,,поп-рок / инди,
25) Jackie-O feat. B-Lion — Aria (Susumu Hirasawa - Aria; Cover) [OST; Berserk: The Golden Age Arc / Берсерк. Золотой век],6:15:50,DzenAko,заказ,нормас++,Аниме,cover,оркестровое,
26) Scissor Sisters — It Can't Come Quickly Enough [OST; Party Monster / Клубная мания],6:30:35,50 50,донат,хорошечно+,Фильм,,электронное / поп,
27) Toby Fox — The Third Sanctuary (Chapters 3+4) [Deltarune OST],6:38:40,supchek,долг Х6👻,хорошечно++,Игра,,электронное / инструментал,
28) Domitori Taranofu — Something Warm and Calm...,6:56:35,Domitori Taranofu,донат,нормас++,,,поп / инструментал / ,
"29) Gorillaz feat. Asha Puthli, Bobby Womack, Trugoy the Dove, Jalen Ngonda & Black Thought — The Moon Cave (at Saturday Night Live)",7:11:55,Кубрик,долг Х5⚰️,нормас++,,live,фолк / электронное / инди,
30) Deftones — Beware,7:26:00,50 50,донат,атлична - -,,,метал / баллада,
31) Kalafina — Consolation,7:38:00,DzenDish,долг Х4☠️,хорошечно-,,,метал / фолк,
32) James Horner — Heritage of the Wolf (Clean Howling Version) [OST; Balto / Балто],7:50:35,Rtur,донат,хорошечно,Фильм,,оркестровое / инструментал,
32.5) Faryma.composer вещает новости и говорит о всяком с чатом,7:59:20,Faryma.composer,,,,,,
СТРИМ №226 (15.05.26),, ,,,,,,
НАТЛАН VS НОД КРАЙ,, ,,,,,,
0.1) Описание альбомов НАТЛАН VS НОД КРАЙ + Решаем монеткой с кого начинаем + Котик Боня + История из жизни о работе в сфере музыки,10:55,Faryma.composer,,,,,,
1) HOYO-MiX — Natlan {Nata} (Symphony Performance; Live) [Genshin Impact OST],24:20,laitsberg,заказ,хорошечно+,Игра,live,оркестровое / фолк ,
"2) HOYO-MiX & AURORA — Nod-Krai (ПОВТОР: СТРИМ №162; 15 трек от Летта, EpicFire) [Genshin Impact OST]",40:50,EpicFire,повтор,атлична,Игра,live,оркестровое / фолк,
"3) HOYO-MiX — Campa timoyetzticah, Cempaxochitl? [Genshin Impact OST]",53:35,laitsberg,заказ,атлична-,Игра,,фолк / инструментал,
4) HOYO-MiX — Dzwony Na Nieszpory [Genshin Impact OST],1:02:05,EpicFire,заказ,нормас++,Игра,,оркестровое / фолк,
5) HOYO-MiX — Arcana of Zipacna [Genshin Impact OST],1:10:15,laitsberg,заказ,хорошечно++,Игра,,фолк / инди,
6) HOYO-MiX — Raven Beneath the Tender Moon [Genshin Impact OST],1:17:55,EpicFire,заказ,хорошечно - -,Игра,,фолк / инструментал,
7) HOYO-MiX — A Dance in Fire [Genshin Impact OST],1:24:55,laitsberg,заказ,атлична - -,Игра,,фолк / оркестровое,
8) HOYO-MiX — Duckle 'Em Down! [Genshin Impact OST],1:39:25,EpicFire,заказ,атлична - -,Игра,,оркестровое / фолк / инструментал,
8.5) Faryma.composer сравнивает с другими темами  Genshin Impact,1:49:45,Faryma.composer,,,,,,
9) HOYO-MiX — Vitas Corrodens Pestis [Genshin Impact OST],2:11:50,laitsberg,заказ,атлична - -,Игра,,оркестровое / инструментал,
10) HOYO-MiX — Ode of Resurrection: Recapitulation [Genshin Impact OST],2:22:35,laitsberg,заказ,хорошечно - - ,Игра,,метал / оркестровое / инструментал,
11) HOYO-MiX — Prajnaparamitopadesa to Quell Seven Calamities [Genshin Impact OST],2:33:10,EpicFire,заказ,атлична+,Игра,,оркестровое / электронное / инструментал,
12) HOYO-MiX — Columbina's Poem [Genshin Impact OST],2:43:30,EpicFire,заказ,нормас,Игра,,оркестровое / электронное / инструментал,
12.1) Faryma.composer показывает свои треки + часть трека от Ани,3:03:00,Faryma.composer,,,,,,
12.2) Faryma.composer импровизирует и сочиняет музыку,3:19:15,Faryma.composer,,,,,,
СТРИМ №225 (13.05.26),, ,,,,,,
ДОЛГОВОЙ,, ,,,,,,
1) kiichi feat. Megurine Luka — Virgo {Varugo / ヴァルゴ} (Project DIVA Arcade OST),16:35,skaylet342,заказ,хорошечно-,,progressive,электронное / инди,
2) AURORA — Runaway,25:55,Static_Streams_,заказ,атлична-,,,электронное / инди / поп ,
3) scar030 — Crimson Sky (Dangai Ichigo Theme; Final Getsuga Tensho) [Bleach Rebirth of Souls OST],36:20,Haemura,долг Х7🥀,нормас+,Игра,,поп-рок,
4) Kila — Cardinal Knowledge [OST; The Secret of Kells / Тайна Келлс],45:30,Alan008,долг Х6👻,атлична - -,Фильм,,фолк / инструментал,
5) Musicola — Ай бопем (Колыбельная),52:55,Rtur,долг Х5⚰️,хорошечно-,,,фолк / инди / баллада,
6) DEEP-EX-SENSE & Лжедмитрий IV feat. Asper X — Эпитафия {Epitaph},1:02:30,UnknownSekorsky,долг Х4☠️,нормас++,,,рэп ,
7) Эпичная Рэп Битва в Майнкрафте — Бендер vs Лололошка {БЕНДЕР против ЛОЛОЛОШКИ / Bender vs Lololoshka},1:21:55,wend1g,заказ,ну такое,,,рэп,
8) MARINA — Bubblegum Bitch,1:37:15,Sammy Willbur,долг Х3💀,атлична-,,,поп-рок,
9) Queen Bee — PERSONAL [1/2 Ending Hell's Paradise Season 2 / Адский рай 2],1:58:15,Admasterr,долг Х2,хорошечно++,Аниме,,инди / поп-рок,
10) Kaori Mizuhashi — Decent Black (Сейю Ougi Oshino) [1 Opening Owarimonogatari / История конца],2:09:05,bxrdxrk,заказ,хорошечно-,Аниме,,инди / электронное,
11) MYTH & ROID & TK from Ling tosite sigure — Ender Ember [1/6 Ending Re:Zero - Starting Life in Another World 4th Season / Re:Zero. Жизнь с нуля в альтернативном мире 4],2:22:05,DzenDish,долг,хорошечно++,Аниме,,электронное / инди / рок,
12) Yorushika — Bubble {Пузырь / Abuku / あぶく} [1 Opening Liar Game / Игра лжецов],2:33:50,AnonymousAdomin,долг Х9🌑,атлична,Аниме,,инди / поп,
13) LE SSERAFIM feat. J-Hope of BTS — SPAGHETTI,2:41:15,meganekka,заказ,хорошечно,,,электронное / поп,
14) Masafumi Takada — Box 15 [VN; OST; Danganronpa: Trigger Happy Havoc],2:49:35,Triple_AI,долг Х6👻,хорошечно++,Игра,,инди / джаз / инструментал,
15) Koji Wada — Butter-Fly {Butterfly / バタフライ} [1 Opening Digimon Adventure / Приключения Дигимонов],2:59:20,DzenDish,долг Х5⚰️,хорошечно - -,Аниме,,рок,
16) Ninomae Ina'nis — TEMARI,3:09:30,Wodyetio,заказ,хорошечно++,,,инди / электронное / оркестровое,
17) THE YELLOW MONKEY — SPARK (Live),3:20:10,kumashisan,долг Х3💀,хорошечно+,,live,рок,
18) Celldweller — Own Little World,3:29:20,SinWarlock,долг Х2,атлична-,,,рок / электронное,
19) Depeche Mode — Wrong (Official Video),3:40:00,Rtur,долг,хорошечно++ ,,,электронное / рок / инди,
СТРИМ №224 (9.05.26),, ,,,,,,
"1) Nanawo Akari — Good luck to me tomorrow {Счастья мне завтра / Ashita no Watashi ni Sachi Are / 明日の私に幸あれ} [1 Ending I May Be a Guild Receptionist, But I'll Solo Any Boss to Clock Out on Time / Я секретарь гильдии, но я не люблю сверхурочную работу, поэтому я собираюсь подчинить босса в одиночку]",29:35,wend1g,заказ,хорошечно++,Аниме,,поп / электронное / фанк,
2) The Forever Winter — Lost Souls [The Forever Winter OST],43:50,MeinJurer,донат,хорошечно+,Игра,,метал / электронное / баллада / инструментал,
3) Marmok — Музыка из ничего {Music from nothing},56:15,red_chajek,заказ,ну такое+,,,разное / электронное,
4) Utsu-P feat. Kasane Teto — gONE (Theme song for character 'First') [OST; Compass: Combat Providence Analysis System / NND Compass],1:07:10,WalkingSpeed,донат,хорошечно-,Игра,,метал,
5) Aika Kobayashi — Meimei Tantei Yohane {Бродячий детектив Йоханэ / Stray Detective Yohane / 迷冥探偵ヨハネ} (Сейю Yoshiko Tsushima) [OST; Love Live! Sunshine!! / Живая любовь! Сияние!!],1:18:05,Ivan_Vitalyevich; Napporaivo,долг Х6👻,атлична - -,Аниме,,поп / фанк,
6) Azari feat. Kasane Teto — Sell a Friend,1:32:10,wend1g,донат,атлична-,,,поп / электронное,
7) HOYO-MiX — Lullaby of the New Moon (I): Somnias a Luna [Genshin Impact OST],1:39:15,EpicFire,долг Х5⚰️,хорошечно,Игра,,фолк / оркестровое / баллада,
8) Abingdon Boys School — Fre@K $HoW {Freak Show} [OST; Death Note / Тетрадь смерти],2:05:30,Sadierre,донат,гениально - -,Аниме,,метал / электронное,
9) Король и Шут — Пляски на могиле {Dancing on a grave},2:17:20,SinWarlock,долг Х4☠️,атлична - -,,,рок,
10) King Charles — Mississippi Isabel,2:29:35,wend1g,донат,хорошечно++,,,инди / фолк,
11) Vaundy — Gift [OST; My Hero Academia: You're Next / Моя геройская академия: Ты следующий],2:38:45,AndrLord,долг Х3💀,атлична - -,Аниме,,инди / поп-рок,
12) Masayoshi Soken — Away [OST; Final Fantasy XVI],2:49:50,cptkooperman,донат,хорошечно++,Игра,,оркестровое,
13) Luh Kel — Back,3:09:45,rgkrgg,долг Х2,нормас+,,,рэп,
14) Go Sakabe — Rhapsody(Rage) [OST; Date A Live / Рандеву с жизнью],3:18:00,wend1g,донат,атлична - -,,progressive,оркестровое ,
15) ASCA — RESISTER [2 Opening Sword Art Online: Alicization / Мастера Меча Онлайн: Алисизация],3:26:30,Admasterr,заказ,атлична - -,Аниме,,рок / оркестровое,
16) Official HIGE DANdism — Stardust {Звёздная пыль / スターダスト} [OST; GIFT / Подарок],3:37:50,AndrLord,долг,атлична - -,Фильм,,поп-рок / электронное,
17) Justice — Pleasure x Newjack x Civilization(WWW),3:48:05,cptkooperman,донат,атлична - -,,mashup,электронное,
18) Caparezza — La Mia Parte Intollerante,4:22:15,Napporaivo; brizzy_wow,заказ,атлична,,,рэп / инди,
19) Go Sakabe — Rhapsody(Flame) [OST; Date A Live II / Рандеву с жизнью 2],4:35:35,wend1g,донат,хорошечно,Аниме,,оркестровое / фолк / инструментал,
"20) Alex Brightman, Sophia Anne Caruso, Kerry Butler & Rob McClure — Say My Name [OST; Beetlejuice the Musical / Мюзикл Битлджус]",4:41:55,Triple_AI,долг Х6👻,гениально-,Фильм,,мюзикл/опера / джаз,
21) The Comet Is Coming — Summon The Fire,4:57:25,SirVokrich,донат,хорошечно++,,,джаз / электронное,
22) Kalafina — Ongaku {音楽},5:09:40,DzenDish,долг Х5⚰️,хорошечно+,,,электронное / рок,
23) Portico Quartet — Next Stop,5:23:00,Indie Anthems,донат,гениально - -,,,инди / джаз / электронное / инструментал,
"24) Christian Borle, Joel Perez, Lilli Cooper, Sam Haft & Andrew Underberg — Once We Get Up There [OST; Hazbin Hotel Season 2 / Отель Хазбин 2]",5:32:40,Triple_AI,долг Х4☠️,хорошечно-,Фильм,,мюзикл/опера,
25) Melt Yourself Down — Boot And Spleen,5:53:30,SirVokrich,донат,атлична - -,,,инди / джаз,
26) Alberto J. González — 2 Voice Game Boy Music Example [Wacky Races (GBC) Test Tracks],6:01:15,MacTepOk,долг Х3💀,атлична,,,электронное / разное,
27) Imperial Orchestra — James Bond Theme (Monty Norman - James Bond Theme; Live; Cover) [OST; James Bond / Джеймс Бонд],6:12:20,cptkooperman,донат,нормас++,Фильм,,оркестровое / джаз,
28) Tomoya Ohtani — Rooftop Run(Day) [Sonic Unleashed OST],6:36:40,Timur_mur_mur,долг Х2,нормас+,Игра,,рок / инструментал,
29) SOFIA ISELLA — Numbers 31:17-18 (Official Lyric Video),6:45:25,Durkatyly,донат,атлична+,,,инди / баллада,
30) Terry Scott Taylor — Beeo Bop Bo Shards [The Neverhood OST],6:59:10,MacTepOk,долг,атлична,Игра,,поп / фолк / джаз,
31) Alexander Panos — Cycles,7:12:00,Matumbafan89,донат,гениально - -,,progressive,электронное / инструментал / инди,
32) tuki. — Zero {零-zero-} [1 Opening Snowball Earth / Земля-снежок],7:38:00,AnonymousAdomin,долг Х8🌋,хорошечно+,Аниме,,поп-рок,
33) Ling tosite sigure — Yuukei no Kioku {夕景の記憶},7:49:10,kumashisan,донат,хорошечно-,,,инди / рок,
34) Yorushika — Post spring { ポスト春},8:00:40,ansmit,долг Х6👻,хорошечно++,,,инди / поп,
35) Tiger Lou — Functions,8:09:15,Indie Anthems,донат,хорошечно-,,,инди / поп-рок,
СТРИМ №223 (7.05.26),, ,,,,,,
ДОЛГОВОЙ,, ,,,,,,
1) Kalafina — Blaze [1 Ending The Heroic Legend of Arslan: Dust Storm Dance / Сказание об Арслане: Танец бога ветра],41:05,DzenDish,долг Х8🌋,нормас++,Аниме,,поп-рок ,
2) John Williams — Cantina Band (Danish National Symphony Orchestra; Live) [OST; Star Wars: Episode IV – A New Hope / Звёздные войны: Эпизод IV – Новая надежда],51:40,Noveske,долг Х7🥀,атлична-,Фильм,live,джаз / оркестровое,
"3) Snoop Dogg, Satoshi Fujihara, Ado & Tori Kelly — STRANGER THAN HEAVEN {ストレンジャー・ザン・ヘブン} [OST; Stranger Than Heaven / Страннее, чем рай]",1:01:40,AnonymousAdomin,долг Х6👻,хорошечно - -,Игра,,поп / рэп,
4) Kalafina — Aria [OST; Kara no Kyoukai Movie 4: Garan no Dou / Граница пустоты 4: Храм пустоты],1:16:50,DzenDish,долг Х5⚰️,хорошечно-,Фильм,,поп-рок / электронное / баллада,
4.5) Faryma.composer и Аня о просмотре аниме Фрирен,1:29:15,Faryma.composer,,,,,,
"5) Tracy W. Bush, Derek Duke, Jason Hayes & Glenn Stafford — Last Days of the Scourge [Warcraft III: The Frozen Throne OST]",1:38:35,SinWarlock,долг Х4☠️,хорошечно,Игра,,баллада / электронное,
6) Journey — Faithfully (Official HD Video - 1983),2:07:35,Rtur,долг Х3💀,хорошечно+,,,поп-рок / баллада,
7) Dios — Virtual Castle (Official Music Video),2:18:20,AndrLord,долг Х2,хорошечно++,,,инди / поп / электронное,
8) 2 Unlimited — No Limit (Remastered 4K),2:28:10,Rtur,долг,хорошечно++,,,электронное / фанк,
9) 9Lana — DYNA MIND,2:39:50,AndrLord,долг Х8🌋,атлична+,,,поп / электронное,
10) SymaG — Gatchen! [2 Opening Digimon Universe App Monsters / Вселенная Дигимонов: Монстры из приложения],2:50:45,DzenDish,долг Х6👻,хорошечно,Аниме,,рок / поп-рок / электронное,
11) Ridiculon — Flush [Mewgenics OST],3:03:55,AnonymousAdomin; kumashisan,заказ,атлична,Игра,,джаз,
12) Yoshihisa Hirano — Helck's Song [OST; Helck / Хельк],3:15:10,абоба,долг Х4☠️,хорошечно-,Аниме,,оркестровое ,
"13) Riya — Komorebi {Свет, пробивающийся сквозь листья деревьев / Streaming Sunlight / 木漏れ日} [OST; Clannad: After Story / Кланнад: Продолжение истории]",3:23:25,ziksp,заказ,нормас++,Аниме,,баллада / поп,
14) soundTeMP — We have Lee but you don′t have [Ragnarok Online OST],3:35:35,MacTepOk,долг Х2,хорошечно - -,Игра,,электронное / инструментал,
15) Balu Brigada — What Do We Ever Really Know?,3:47:30,Indie Anthems,долг,хорошечно++,,,инди / поп-рок,
СТРИМ №222 (12.04.26),, ,,,,,,
БЛАГОТВОРИТЕЛЬНЫЙ,, ,,,,,,
1) Hotei — Bambina,13:05,@igormatreshka,очередь,атлична - -,,,рок / поп-рок,
2) Vaundy — Tobu Toki {Время лететь / fly away / Time to Fly / 飛ぶ時} [1 Opening Daemons of the Shadow Realm / Цугаи загробного мир],27:20,@HidariYana,очередь,хорошечно++,Аниме,,поп-рок,
"3) DM DOKURO — Stained, Brutal Calamity (Theme of Supreme Calamitas) [Terraria Calamity Mod OST]",39:55,BloodAlloy,очередь,нормас+,Игра,,метал / оркестровое,
4) GRe4N BOYZ — Tenshi to Akuma {Ангелы и демоны / Angel and Demon / 天使と悪魔} [27 Opening One Piece / Ван-Пис / Большой куш],53:25,@aHuMeLLIHuK,очередь,нормас++,Аниме,,электронное / рок,
5) Death — Bite the Pain,1:04:40,@jjjOjjjOjjjOjjj,очередь,атлична,,progressive,метал,
6) CarrotWine — Hina Kagiyama.Dark side of fate (ZUN — The Road of the Misfortune God ~ Dark Road + Dark Side of Fate; Orchestral/Choir Arrangement) [Touhou 10: Mountain of Faith OST],1:17:05,sodamin_,очередь,ну такое+,,,оркестровое / инструментал,
7) Yutaka Yamada — Ahead of the road [OST; Vinland Saga / Сага о Винланде],1:32:45,Ivan Burmensky,очередь,атлична - -,Аниме,,оркестровое / инструментал,
8) ATL — Хоровод {Round Dance},1:43:35,@dysphhoriia,очередь,нормас++,,,рэп ,
"9) 5opka, Melham & OTURRO — Вернусь назад {I'll be back} (1000 жизней)",2:11:00,@F0rti_K,очередь,ну такое++,,,рок,
10) Maddie Ashman — Dark (Otherworld),2:19:55,red_chajek,очередь,атлична - -,,"solo instrument, progressive",разное,
11) Queen — I Go Crazy(B-Side),2:39:10,Static_Streams_,очередь,нормас++,,,рок / поп-рок,
12) Distemper — Мы у жизни не просим прощения {We don’t ask our life for forgiveness},2:48:55,@DmitriiAR,очередь,нормас - -,,,рок,
13) Дора — Осень пьяная {Drunk Autumn},2:58:10,@Fuuggaaa,очередь,нормас - -,,,поп-рок,
14) Conan — Prosper on the Path,3:06:05,@AbendFarben,очередь,хорошечно,,,метал,
15) Lorne Balfe — Assassin's Creed III Main Theme [OST; Assassin's Creed III / Assassin's Creed 3],3:15:10,Gagabu,очередь,хорошечно-,Игра,,оркестровое / инструментал,
16) Radiohead — No Surprises,3:24:20,FiLiUM,очередь,гениально - -,,,инди / баллада / поп-рок,
17) Infected Mushroom — AI Therapist,3:37:40,@the4pekus,очередь,хорошечно+,,,электронное,
18) Rom1o — Junkin' (Turn on SUBTITILES),3:53:10,Rom1o,очередь,нормас - -,,,электронное / инструментал / фанк,
"19) АлиБастер — Ыын Дага, Дага-Мага (МДТ) [OST; Ятинсотэстс]",4:12:50,AnToteKote,очередь,нормас+,,meme,разное,
СТРИМ №221 (11.04.26),, ,,,,,,
"1) Daisuke Ishiwatari — Trying hard is hard, so I try hard to try hard [Guilty Gear Strive OST]",21:40,Holy_Sun,донат,хорошечно - -,Игра,,поп-рок / рок / поп,
2) Kalafina — fairytale [OST; The Garden of Sinners Chapter 6: Oblivion Recording / Граница пустоты 6: Мелодия забвения],41:30,DzenDish,долг Х7🥀,атлична - -,Аниме,,баллада / оркестровое / фолк,
3) Andreas Waldetoft — The Dynasty [OST; Crusader Kings 3 / Crusader Kings III],54:50,PXcell2098,донат,хорошечно++,Игра,,оркестровое / фолк / инструментал,
4) Yorushika — Plover {Чидори / Chidori / 千鳥},1:07:25,ansmit,долг Х5⚰️,хорошечно++,,,фанк / поп,
5) Daisuke Ishiwatari feat. Aisha & Naoki Hashimoto — Master of Your Own Soul [Guilty Gear Strive OST],1:17:35,Holy_Sun,донат,хорошечно+,Игра,,метал,
"6) Лжедмитрий IV, ТЕППО & DEEP-EX-SENSE — Призраки настоящего {Ghosts of the present}",1:33:50,UnknownSekorsky,долг Х4☠️,нормас+,,,метал / рэп,
7) Aiobahn feat. Nanawo Akari — Shiawase ni Nante Naranai de {Не становись счастливой / Don’t Be Happy / しあわせになんてならないで},2:13:40,wend1g,заказ,атлична - -,,,поп / электронное ,
8) Andreas Waldetoft — Johans Waltz [OST; Victoria II / Victoria 2],2:26:40,PXcell2098,донат,нормас+,Игра,,оркестровое / инструментал,
9) Yoshihisa Hirano — Riot [OST; Hunter x Hunter / Охотник х Охотник (2011)],2:41:25,абоба,долг Х3💀,хорошечно,Аниме,,оркестровое / инструментал,
10) Konomi Suzuki feat. Ashnikko — Recollect (TV Version) [1/6 Opening Re:Zero - Starting Life in Another World 4th Season / Re:Zero. Жизнь с нуля в альтернативном мире 4],2:47:40,Holy_Sun,донат,хорошечно++,Аниме,,электронное / поп,
11) MellSher — BMW {Еду я на бэхе} (ПРЕМЬЕРА 2022),3:16:25,wend1g,заказ,ну такое++,,meme,поп,
12) tuki. — The Lonely Whale {Одинокий кит / Kodoku no Kujira / 孤独の鯨},3:30:40,AnonymousAdomin,долг Х6👻,атлична - -,,,поп / оркестровое / баллада,
13) Hackneyed — The Tightrope,3:41:45,MeinJurer,донат,атлична,,,метал / электронное,
14) Cult of Luna & Julie Christmas — Chevron,4:00:55,Matumbafan89,долг Х2,атлична,,,метал / инди / баллада,
15) Utsu-P feat. Hatsune Miku — Oosuzumebachi {Большой шершень / Giant Hornet / 大雀蜂},4:19:35,WalkingSpeed,донат,атлична-,,,метал / электронное,
16) Taylor Swift — Long Live (Live),4:31:25,саб без доминанты,долг,нормас++,,live,поп / фолк,
17) Alexey Omelchuk — The Farewell [OST; Metro: Last Light / Метро: Луч надежды],4:50:40,wend1g,донат,ну такое++,Игра,,инструментал / баллада / фолк,
18) Beheaded — Għadam (Official Music Video),5:01:30,Napporaivo,долг Х7🥀,нормас++,,,метал ,
19) Stereophonics — Fight Or Flight,5:13:50,Indie Anthems,донат,атлична - -,,,инди / поп-рок,
19.5) Цель 50 тыс. подписчиков на Ютубе + Импровизация от Faryma.composer,5:25:10,Faryma.composer,,,,,,
20) RADWIMPS feat. ZORN — DAI-DAN-EN {Большой финал / Grand finale / Daidanen / 大団円},5:53:30,AndrLord,долг Х5⚰️,нормас++,,,поп-рок / инди,
21) Kenny Loggins — Danger Zone [OST; Top Gun / Топ Ган],6:09:20,SinWarlock,заказ,атлична - -,Фильм,,рок / электронное,
22) Aiobahn +81 feat. Kurogane Tama — Itadaki Babel {Cat's Meow / いただきバベル} (DENONBU feat. Kurogane Tama - Itadaki Babel; Remix),6:20:45,wend1g,донат,атлична - -,,remix,электронное,
23) Radiohead — Weird Fishes {Weird Fishes / Arpeggi} (Video by Tobias Stretch),6:33:00,Shinnouz19,долг Х4☠️,атлична+,,,инди / рок,
24) jo0ji — Yoake no Uta {Песня рассвета / Song of Dawn / よあけのうた} [1/5 Ending Jujutsu Kaisen: The Culling Game Part 1 / Магическая битва: Смертельная миграция],6:51:25,Monstrrro,донат,атлична - -,Аниме,,поп-рок / поп / оркестровое,
25) Hitsujibungaku — FOOL,7:07:40,@tikkimik,заказ,хорошечно,,,рок / инди,
26) Fleetwood Mac — Everywhere (Official Music Video),7:22:15,ayl1es,донат,хорошечно,,,поп / поп-рок / электронное,
27) Shinsei Kamattechan — Yuugure no Tori {Вечерняя птица / The Bird at Dusk / 夕暮れの鳥} (+ импровизация под трек) [1/3 Ending Shingeki no Kyojin Season 2 / Атака титанов 2],7:35:10,Shmatok,заказ,атлична-,Аниме,,инди / поп,
28) FELLWALKERR — Что этот Дидди Блад делает на калькуляторе,7:50:40,wend1g,донат,кринж-контент+,,meme,поп,
29) Intensive Evening — Дорога во мрак {The Road to Darkness} (Vocal version),7:58:15,Static_Streams_,долг,ну такое+,,,поп-рок,
30) Unicorn — Peke Peke {ペケペケ},8:22:05,kumashisan,заказ,атлична - -,,,поп-рок,
31) Kalafina — Serenato,8:32:45,DzenDish,долг Х7🥀,атлична-,,,баллада / фолк,
32) Feeder — The Power of Love (Frankie Goes to Hollywood - The Power of Love; Cover),8:45:10,Hedor0u,донат,хорошечно++,,Cover,инди / поп-рок,
32.5) Импровизация от Faryma.composer на гитаре,8:58:45,Faryma.composer,,,,,,
33) Хаски — Никогда-нибудь {Never Ever},9:25:05,ayl1es,донат,атлична - -,,,рэп,
33.5) Faryma.composer говорит по душам с чатом на разные темы + импровизация,9:35:00,Faryma.composer,,,,,,
СТРИМ №220 (9.04.26),, ,,,,,,
ДОЛГОВОЙ,, ,,,,,,
1) ano — Past die Future (Music Video),21:00,vio_kim,заказ,атлична-,,,инди / рок,
2) Kalafina — Kimi no Gin no Niwa {Твой серебряный сад / Your silver garden / 君の銀の庭} [OST; Puella Magi Madoka Magica the Movie 3: Rebellion / Девочка-волшебница Мадока★Волшебный фильм 3: История восстания],35:00,DzenDish,долг Х7🥀,хорошечно,Аниме,,баллада / оркестровое / поп-рок,
3) Chiemi Tanaka — Tsunagaru Connect {ツナガルコネクト} (Сейю: Rina Tennoji) [OST; Love Live! Nijigasaki High School Idol Club / Живая любовь! Клуб идолов старшей школы Нидзигасаки],50:20,Ivan_Vitalyevich,долг Х5⚰️,нормас++,Аниме,,поп / электронное,
4) Linkin Park — Leave Out All The Rest (Official Music Video),1:02:35,Static_Streams_,долг Х4☠️,атлична-,,,поп-рок,
5) Tame Impala — Dracula (Official Video),1:15:25,enchi__i,заказ,хорошечно+,,,электронное / инди,
6) Alon Mor — Flame Devourer,1:40:55,Matumbafan89,долг Х2,гениально-,,progressive,электронное / метал / инди,
7) Yuko Natsuyoshi & Saori Hayami — ray {レイ} (BUMP OF CHICKEN feat. Hatsune Miku - ray; Cover; Сейю: Kaguya & Yachiyo Runami) [Ending Cosmic Princess Kaguya! / Космическая принцесса Кагуя!],1:54:50,Акума,заказ,хорошечно,Фильм,remix,электронное / рок,
8) Kota Hoshino & Takashi Onodera — Fires Of Rubicon [OST; Armored Core VI: Fires of Rubicon],2:12:00,SinWarlock,долг Х7🥀,хорошечно+,Игра,,электронное / рок / инструментал,
9) Amatsuki — DiVE!! [1 Opening Digimon Universe: Appli Monsters / Вселенная Дигимонов: Монстры из приложения],2:22:20,DzenDish,долг Х5⚰️,хорошечно,Аниме,,рок / электронное,
10) Rhapsody of Fire — Reign of Terror,2:35:45,Масянечка ,долг Х4☠️,хорошечно - -,,,метал,
СТРИМ №219 (6.04.26),, ,,,,,,
СЕКРЕТНЫЙ РЭП АЛЬБОМ + РАЗНОСИМ ТРЕКИ,, ,,,,,,
1) Kohei Tanaka — Ore wa Omae o Koete Iku!!! {Я превзойду тебя!!! / I Will Surpass You!!! / おれはお前を越えて行く!!!} [OST; One Piece Movie 08: Episode of Alabasta - The Desert Princess and the Pirates / Ван-Пис: Приключение в Алабасте — Принцесса пустыни и пираты],10:55,PXcell2098,донат,атлична,Аниме,,оркестровое / инструментал,
2) ЛСП — Свиное рыло {Pork Snout},25:35,arantear,заказ,нормас++,,meme,рэп / мюзикл/опера,
3) ЛСП feat. Снифф & Снафф — Подельник {Accomplice},39:15,arantear,заказ,хорошечно - -,,meme,рэп / мюзикл/опера,
4) ЛСП — Спрос {Demand},47:25,arantear,заказ,нормас++,,meme,рэп / мюзикл/опера,
5) ЛСП — Стиморол {Stimorol},54:55,arantear,заказ,нормас+,,meme,рэп / мюзикл/опера,
6) ЛСП — Нежный зверь {Gentle Beast},1:02:15,arantear,заказ,нормас,,meme,рэп / мюзикл/опера,
7) ЛСП — Вдвоём(Интерлюдия) {Together — Interlude},1:06:10,arantear,заказ,хорошечно-,,meme,рэп / мюзикл/опера,
8) ЛСП feat. Грязный рубль — Грязный рубль {Dirty Ruble},1:10:20,arantear,заказ,хорошечно - -,,meme,рэп / мюзикл/опера,
9) ЛСП — В её постели {In Her Bed},1:15:50,arantear,заказ,нормас,,meme,рэп / мюзикл/опера,
10) ЛСП — Обряд {Rite},1:21:15,arantear,заказ,хорошечно - -,,meme,рэп / мюзикл/опера,
11) ЛСП feat. Грязный рубль — Твоя вина {Your Fault},1:27:35,arantear,заказ,атлична-,,meme,рэп / мюзикл/опера,
12) ЛСП — Убийца Свин {Pig Killer},1:31:50,arantear,заказ,нормас++,,meme,рэп / мюзикл/опера,
13) Yorushika — Becoming a Cloud {Стать облаком / Kumo ni Naru / 雲になる},1:53:50,trivia_holic,донат,атлична - -,,,инди,
"14) Katie Ladner, Alice Lee, Jessica Keenan Wynn, Barrett Wilbert Weed & Elle McLemore — Beautiful [OST; Heathers / Хизерс]",2:08:55,laitsberg,долг,хорошечно++,,,мюзикл/опера,
15) Qing Madi — EGO [Valorant OST],2:30:40,PXcell2098,донат,нормас++,Игра,,поп,
16) Kana Hanazawa — too late for chocolate?,2:42:20,Ivan_Vitalyevich,долг Х9🌑,атлична,,,джаз / поп ,
16.5) Faryma.composer о видосе на ютуб канале,2:57:50,Faryma.composer,,,,,,
17) Domitori Taranofu — Calm Down and Listen to These Blues (Demo),3:07:05,Domitori Taranofu,донат,нормас-,,,джаз / инструментал / поп,
18) KMNZ — OPENING,3:25:00,AnonymousAdomin,долг Х7🥀,атлична - -,,,электронное / инди,
19) G.E.M. — Sacrifice (Worlds 2025 Anthem) [OST; League of Legends],3:33:45,PXcell2098,донат,нормас+,Игра,,поп / электронное,
20) Set It Off — Why Worry (Official Video),3:47:30,Ivan_Vitalyevich,долг Х6👻,хорошечно,,,рок / поп-рок,
21) Aiobahn feat. Isekaijoucho — new world (Official Music Video),4:15:30,wend1g,донат,хорошечно++,,,поп / электронное,
22) Kalafina — Misterioso [OST; Puella Magi Madoka Magica the Movie 3: Rebellion / Девочка-волшебница Мадока★Волшебный фильм 3: История восстания],4:31:55,DzenDish,долг Х4☠️,нормас,Аниме,,рок / оркестровое ,
23) Balu Brigada — Backseat,4:42:50,Indie Anthems,донат,атлична,,,инди / электронное / поп-рок,
24) Taylor Swift — The Last Great American Dynasty (the long pond studio sessions),4:54:50,саб без доминанты,долг Х3💀,атлична-,,live,баллада / поп / фолк,
25) Angine de Poitrine — Fabienk (Live on KEXP),5:13:00,Hamsterslayer,донат,атлична,,"progressive, live",инди / инструментал / рок,
26) Shoi Miyazawa — Traitorous Straghess [Elden Ring: Nightreign - The Forsaken Hollows OST],5:27:55,pakpakss,долг Х2,хорошечно++,Игра,,оркестровое / инструментал,
СТРИМ №218 (4.04.26),, ,,,,,,
1) HARU NEMURI & Frost Children — Burn (Official Music Video),23:40,Hedor0u,донат,атлична - -,,,электронное / рок / инди,
1.5) Валентин Дядька — Кот-абюзер {Abuser Cat} (official audio),39:35,Faryma.composer,,,,,,
2) Pendulum — Crush,52:25,Летта,заказ,хорошечно+,,,электронное / поп-рок,
3) The Dear Hunter — A Night on the Town,1:05:30,Hantrik,донат,атлична - -,,progressive,рок / оркестровое,
4) Kristofer Maddigan — The King's Court [Cuphead OST],1:27:50,Летта,заказ,хорошечно - -,Игра,,джаз / инструментал,
5) Hiroyuki Sawano feat. Anly — Tranquility [1 Ending Legend of the Galactic Heroes: Die Neue These - Stellar War / Легенда о героях Галактики: Новый тезис. Межзвёздная война],1:37:20,DzenDish,долг Х7🥀,нормас++,Аниме,,поп-рок / баллада,
6) Nobuyoshi Sano feat. Eriko Hatsune — B Route Credits - Exhausted {Изнеможение / Growing Wings / Tsukiru / 尽きる} (ПОВТОР: СТРИМ №5; 38 трек от Regeci) [OST; Drakengard / Drag-On Dragoon],1:50:15,wend1g,повтор,атлична-,Игра,progressive,инди / оркестровое,
7) Людмила Сенчина — Золушка {Cinderella},2:22:15,Rtur,долг Х6👻,гениально - -,,,оркестровое / джаз,
8) Finntroll — Under Bergets Rot,2:43:45,MeinJurer,донат,атлична - -,,,метал / фолк,
9) Yorushika — Kasou {Кремация / Cremation / 火葬},3:01:25,ansmit,долг Х4☠️,атлична,,,фолк / джаз,
10) Céline Dion — I Surrender,3:28:55,Rtur,донат,хорошечно,,,баллада / поп,
11) GONE.Fludd — Пацаны II {Boys II},3:41:00,morpheus,долг Х3💀,хорошечно-,,,рэп,
12) Frederic — Tarinai eye {Недостающий глаз / Tarinai eye / たりないeye},3:52:05,Svd_bb,донат,атлична+,,,инди / поп / поп-рок,
"13) Wuthering Waves feat. jkinss, Zho Davis, Aderemi Adesoji Adeniyi, VISION SOUND — O Sun, Witness My Name (Augusta Theme) [Wuthering Waves OST]",4:02:25,Madao,долг Х2,хорошечно+,,,электронное / оркестровое,
13.5) КОТИК БОНЯ УНИЧТОЖИЛ СТРИМ!,4:13:05,Faryma.composer,,,,,,
СТРИМ №217 (2.04.26),, ,,,,,,
ДОЛГОВОЙ,, ,,,,,,
1) Yoko Kanno — Face On [OST; Wolf's Rain / Волчий дождь],25:30,Zyablik,долг Х9🌑,атлична+,Аниме,,оркестровое / инди,
2) Do As Infinity — Keshin no Kemono {Зверь воплощения / Beast of Incarnation / 化身の獣} (Composer Hiroyuki Sawano) [1 Ending Juuni Taisen: Zodiac War / Война двенадцати],36:05,DzenDish,долг Х7🥀,нормас+,Аниме,,рок,
3) Mili — What the Ripple Sees (image song) [Honkai: Star Rail OST],49:20,кундалини,долг Х6👻,хорошечно++,Игра,progressive,инди / оркестровое,
4) Ник Черников Band — Нелюбимые {Unloved},1:03:15,Евгений Осинкин,долг Х5⚰️,нормас,,,поп-рок / рок,
5) Yorushika — Forget it {Забудьте меня / Forget me / Wasurete Kudasai / 忘れてください},1:15:40,Shinnouz19; ansmit,долг Х4☠️,атлична-,,,инди / поп,
6) The Chemical Brothers — Do It Again,1:33:20,Rtur,долг Х3💀,атлична - -,,,электронное,
6.5) Faryma.composer о еде,1:58:35,Faryma.composer,,,,,,
7) Alice Merton — No Roots,2:05:55,Летта,долг Х2,атлична,,,поп-рок / инди,
7.5) Faryma.composer о Napporaivo,2:17:40,Faryma.composer,,,,,,
8) DJ Sabrina The Teenage DJ — Next To Me,2:22:45,Matumbafan89,долг,хорошечно++,,,разное ,
9) Animenz — Ashes on The Fire (Kohta Yamamoto - Ashes on The Fire; Piano Cover) [OST; Shingeki no Kyojin: The Final Season / Атака титанов: Финал],2:45:00,Sheruka,заказ,атлична,Аниме,solo instrument,оркестровое / инструментал,
10) Dance Gavin Dance — Animal Surgery (Official Visualizer),2:55:35,Андранимус 999,долг Х7🥀,атлична+,,progressive,метал / рок,
11) Kohta Yamamoto — The Other Side of the Sea [OST; Shingeki no Kyojin: The Final Season / Атака титанов: Финал],3:11:40,Jttou ,долг Х6👻,нормас++,Аниме,,оркестровое / электронное / инструментал,
12) Anastacia — Left Outside Alone (Official Music Video),3:23:10,Rtur,долг Х4☠️,хорошечно++,,,рок / поп-рок,
12.5) Faryma.composer о разном + Часть повтора Arnaud Roy — From the Heart (Unfallen Theme),3:32:25,Faryma.composer,,,,,,
"13) ЛЕПРИКОНСЫ — Хали-гали, паратрупер {Hali-gali, paratrooper}",3:43:05,wend1g,заказ,хорошечно,,,поп-рок,
14) Tee Lopes & Jonny Atma — Panic in the Sky! [OST; Teenage Mutant Ninja Turtles: Shredder's Revenge / Черепашки-ниндзя: Месть Шреддера],3:55:15,SinWarlock,долг Х3💀,хорошечно-,Игра,,рок / электронное,
15) Hiroyuki Sawano feat. Sophia Nicole — CURTSY (Theme of Francesca Prelati) [OST; Fate/strange Fake / Судьба/Странная подделка],4:00:25,EpicFire,долг Х2,хорошечно-,Аниме,,инди / электронное / поп-рок,
16) TPCX — ask me out (Official video),4:09:25,laitsberg,долг,хорошечно++,,,поп-рок,
СТРИМ №216 (28.03.26),, ,,,,,,
1) MYTH & ROID — Stormy Glory,17:05,DzenDish,заказ,хорошечно-,,,рок / инди,
2) GoGo Penguin — Everything Is Going to Be OK,26:55,Kirilicus,долг Х2,атлична,,progressive,инди / инструментал,
3) Cult To Follow — Leave It All Behind,47:30,PoTapkam,заказ,нормас-,,,рок,
4) Intensive Evening — Дорога во мрак {The Road to Darkness},59:15,Static_Streams_,заказ,нормас (нормас???),,,рок,
5) U2 Akiyama — Black Lilliana {Чёрная Лилиана / Black Lilliana / 黒のリリアナ} (Episode 2: Turn of the Golden Witch) [VN; OST; Umineko No Naku Koro Ni / Umineko No Nakukoroni / Umineko: When They Cry],1:21:40,Monstrrro,донат,нормас++,Игра,,оркестровое / инструментал,
6) Masayoshi Oishi feat. Airi Suzuki — Be the Hero! {Стань главным героем! / Let’s Be The Hero! / Shujinkou ni Narou! / 主人公になろう！} [1 Opening Sky Blue Utility / Небесно-голубой гибрид],1:31:30,AndrLord; Ivan_Vitalyevich,долг Х8🌋,хорошечно++,Аниме,,джаз / поп,
7) Roadrunner United — In the Fire,2:03:20,MeinJurer,донат,хорошечно++,,,метал,
8) Do As Infinity — Red Re-born (Artist Only Ver.) [Ending Kamen Rider Eins with Girls Remix / Kamen Raidaa Ainzu Wizu Gaaruzu Rimikkusu],2:17:25,DzenDish,долг Х6👻,нормас++,Фильм,,рок,
9) Fraser Edwards — Stop Saying We Sound Like Dragonforce (Osu! gameplay),2:31:00,egorkasprigorca,донат,хорошечно - -,,,метал,
"10) Ninomiya Yui — Dark seeks light [1 Opening The World's Finest Assassin Gets Reincarnated in Another World as an Aristocrat / Лучший в мире ассасин, переродившийся в другом мире как аристократ]",2:42:30,Gagabu,долг Х5⚰️,хорошечно++,Аниме,,электронное / рок / инди,
11) Justin Hawkes feat. Andrew Hellier — Better Than Gold (Official Music Video),2:53:15,Rtur,донат,хорошечно++,,,электронное / рок,
12) Excel Girls — Ai (Chūseishin) {Любовь (Верность) / Love (Loyalty) / 愛（忠誠心）} [1 Opening Excel Saga / Эксель-сага],3:09:10,@Denis_e_87,заказ,атлична+,Аниме,,фанк / электронное,
"13) Матушка feat. OsterMine, Nerkin, MTyssa14, ФЫВФЫВ, Zakviel, JackLooney & 5opka — Головорезы {Thugs}",3:22:15,wend1g,заказ,нормас - -,,meme,рэп,
14) King Gnu — Senryo Yakusha {Тысячерёльный актёр / Senryō Yakusha / 千両役者} [OST; A Girl of 35 / 35-летняя девочка],3:37:25,AndrLord,донат,атлична-,Фильм,,поп-рок / фанк / инди,
15) Yugo Kanno — Dance with STEEL BALL RUN [1/12 Opening JoJo's Bizarre Adventure Part 7: Steel Ball Run / Невероятное приключение ДжоДжо: Гонка 'Стальной шар'],4:07:50,laitsberg,долг Х3💀,атлична+,Аниме,,оркестровое / джаз / рок,
16) In This Moment — Big Bad Wolf,4:25:35,Indie Anthems,донат,атлична,,,метал / электронное,
17) Official HIGE DANdism — No Doubt {Нет сомнений / No Doubt / ノーダウト} [OST; The Confidence Man JP / Аферисты по-японски],4:39:35,AndrLord,долг Х2,атлична-,Фильм,,поп / фанк,
18) Mike Morasky — Right Behind You (Spy theme) [OST; Team Fortress 2],4:49:15,MacTepOk,донат,нормас++,Игра,,оркестровое / инструментал,
19) devalon — Ghost-Finder Carnacki {Battle - Ghostfinder Carnacki} [OST; Black Souls II],4:58:50,wend1g,долг,ну такое,Игра,,оркестровое / инструментал,
20) Kid Wise — Ocean,5:11:50,Indie Anthems,донат,атлична - - ,,,инди / электронное / поп-рок,
21) Kisida Kyodan & The Akebosi Rockets — Level Up And Physical Attack {Подними уровень и бей физикой / Reberu o Agete Butsuri de Naguru / レベルを上げて物理で殴る} [1 Opening A Wild Last Boss Appeared! / Шальной последний босс явился!],5:23:15,CHEBURAWKA,долг Х8🌋,хорошечно,Аниме,,рок / электронное,
22) Alberto José González — Jungle Stage [OST; Turok 2: Seeds of Evil],5:35:30,MacTepOk,донат,атлична - -,Игра,,электронное / инструментал,
23) MORGENSHTERN & SHTERN — HUMMER,5:49:25,Napporaivo,заказ,нормас,,,рэп,
24) Aphex Twin — Avril 14th,6:11:15,Gryryfytygy ,долг Х6👻,атлична-,,solo instrument,оркестровое / инструментал,
25) Jónsi & John Powell — Where No One Goes [OST; How to Train Your Dragon 2 / Как приручить дракона 2],6:19:15,wend1g,донат,хорошечно++,Фильм,,оркестровое / поп,
26) Poets of the Fall — Late Goodbye (Official Video w/ Lyrics) [OST; Max Payne 2: The Fall of Max Payne / Макс Пейн 2],6:27:35,Silhun,долг Х5⚰️,атлична,Игра,,баллада / поп-рок,
27) soundTeMP — Theme of Prontera [Ragnarok Online OST],6:36:50,MacTepOk,донат,атлична,Игра,,инструментал / электронное / оркестровое,
"28) Jorge Rivera-Herrans, Steven Rodriguez, Steven Dookie, Armando Julián & Wanda Herrans — Get In The Water [OST; EPIC: The Musical / ЭПИК: Мюзикл]",6:48:30,Triple_AI,долг Х4☠️,нормас++,Фильм,,мюзикл/опера,
29) UNISON SQUARE GARDEN — Like Coffee no Omajinai {like coffeeのおまじない} (Live),7:07:20,kumashisan,донат,хорошечно++,,,поп / джаз,
30) Yorushika — Snake {Змея / Hebi / へび} [2 Ending Orb: On the Movements of the Earth / О движении Земли],7:24:40,Shinnouz19; ansmit,долг Х3💀,атлична,Аниме,,инди / поп-рок,
31) soundTeMP — Through the tower [Ragnarok Online OST],7:36:45,MacTepOk,донат,хорошечно++,Игра,,электронное / инструментал,
32) Rammstein — Amour,7:45:30,Алёшенька,долг Х2,хорошечно - -,,,метал / баллада,
33) dabbackwood — speed,7:57:30,arantear,донат,хорошечно-,,,рэп,
34) Raon — Queen Fox {Kitsuneno Mado / キツネノマド},8:05:00,AndrLord,долг,атлична,,,электронное / поп,
СТРИМ №215 (26.03.26),, ,,,,,,
ДОЛГОВОЙ,, ,,,,,,
1) milet — Goddess,21:40,mage10,заказ,хорошечно,,,поп ,
2) The Pussycat Dolls — Hush Hush; Hush Hush (Official Music Video),31:45,Enotishche,заказ,хорошечно - -,,,поп / фанк,
3) Ado — AiAiA {Ai Ai A / アイ・アイ・ア},46:25,AnonymousAdomin,долг Х8🌋,атлична-,,,инди / поп,
4) sweet ARMS — Date A Live {Рандеву с жизнью / Date A Live / デート・ア・ライブ} [1 Opening Date A Live / Рандеву с жизнью],1:00:15,Gagabu,долг Х6👻,нормас++,Аниме,,рок,
5) Gota Masuoka — Siege It; Beat 'em All(Storming the Castle) [OST; Dynasty Warriors: Origins / Shin Sangokumusou Origins],1:17:10,SinWarlock,долг Х5⚰️,нормас+,Игра,,метал / инструментал,
"6) Shuka Saito — Papapa [1 Opening Ты единственная, кто любит Великого Меня?! / ORESUKI Are you the only one who loves me?]",1:28:50,AndrLord; Ivan_Vitalyevich,долг Х4☠️,атлична - -,Аниме,,поп ,
7) Yorushika — Shura {Шура / Shura / 修羅} [OST; School Lawyer: Finding the Colors of the Stars / Bokutachi wa Mada Sono Hoshi no Kosoku wo Shiranai],2:08:30,ansmit,долг Х3💀,атлична,Фильм,,поп / фанк,
8) Des Rocs — Ruby with the Sharpest Lies,2:17:10,Indie Anthems,долг Х2,атлична-,,,инди / поп-рок,
9) Arca — Bruja,2:26:20,Matumbafan89,долг,атлична+,Аниме,progressive,электронное / рэп,
9.5) Faryma.composer о разных вкусах,2:41:05,Faryma.composer,,,,,,
10) Tsutchie feat. AZUMA RIKI — FLY [ep 23; Ending Samurai Champloo / Самурай Чамплу],2:50:30,inferno_giza,заказ,хорошечно++,Аниме,,инди / фанк / рэп,
11) halca feat. Aina Suzuki — Arekore Drastic {Арекоре Драстик / Arekore Drastic / あれこれドラスティック} [1/3 Opening Dropkick On My Devil!! X / Дропкик злого духа 3],2:57:25,svd_bb; Ivan_Vitalyevich,долг Х6👻,хорошечно,Аниме,,поп-рок,
12) Alberto José González — Highscore Champion [Melkhior's Mansion OST],3:10:20,MacTepOk,долг Х5⚰️,хорошечно,Игра,,электронное / инструментал,
13) Slaughter To Prevail — Baba Yaga {Баба Яга} (Official Music Video),3:22:00,Евгений Осинкин,долг Х4☠️,хорошечно - -,,,метал,
14) Alberto José González — The Attic [Melkhior's Mansion OST],3:34:25,MacTepOk,долг Х3💀,атлична,Игра,,электронное / инструментал,
15) GRANRODEO — Jounetsu wa Oboete Iru {Я помню страсть / Jounetsu wa Oboete Iru / 情熱は覚えている} [1/3 Opening Baki: The Great Raitai Tournament Saga / Баки: Великий турнир Райтай],3:46:45,Sammy Willbur,долг Х2,атлична - -,Аниме,,метал / фолк,
16) Батырхан Шукенов — Дождь {Rain},3:58:45,Rtur,долг,хорошечно-,,,баллада / поп,
СТРИМ №214 (21.03.26),, ,,,,,,
1) Taylor Swift — august,16:35,DOUBLEYU,заказ,атлична-,,,поп / баллада ,
2) TOOL — The Grudge,34:30,ozimandiys,донат,атлична,,progressive,метал,
3) Kalafina — Hoshi no Utai {Песня звёзд / Song of the Stars / 星の歌},55:35,DzenDish,долг Х7🥀,атлична,,,метал / фолк,
4) Kisho Taniyama — Hunting Soul (Сейю Toshiro) [OST; Dandadan 2nd Season / Дандадан 2],1:11:25,baky0102,донат,хорошечно - -,Аниме,,метал,
5) The Dear Hunter — The Old Haunt,1:29:05,Hantrik,долг Х5⚰️,гениально - -,,progressive,рок / инди,
6) TOOL — Lateralus,1:41:05,ozimandiys,донат,гениально-,,progressive,метал,
7) Jeff van Dyck — Yoisa [OST; Total War: Shogun 2],2:23:15,Noveske,долг Х4☠️,хорошечно,Игра,,фолк / инструментал / разное,
8) Пурген — Свет за темнотой (The light behind the darkness),2:31:15,MeinJurer,донат,хорошечно+,,,инди / рок,
9) Kalafina — Melfen {Небылица / Märchen / メルヒェン} [1 Ending The Kubikiri Cycle / Зарэгото: Обезглавливающий цикл],2:50:50,DzenDish,долг Х3💀,хорошечно,Аниме,,фолк / рок,
10) Yuki Yumeno — Utopia or Dystopia [1 Opening Nukitashi the Animation / Нукитаси],3:03:55,Holy_Sun,донат,хорошечно - -,Аниме,,рок,
11) Eminem — Without Me (Official Music Video),3:14:00,Sammy Willbur,долг Х2,атлична+,,,рэп,
12) OLDCODEX — Deal with [1 Opening Servamp / Сервамп],3:26:40,baky0102,донат,нормас++,Аниме,,метал,
13) GoGo Penguin — Bardo (NPR Music Tiny Desk Concert; Live),4:02:55,Kirilicus,долг,хорошечно+,,progressive,инди / джаз / инструментал,
14) АГАС — Аванес {Avanes},4:18:50,50 50,донат,ну такое-,,meme,фолк / электронное,
15) Melanie La Barrie & Gloria Onitiri — Way Down Hadestown (Live) [OST; Hadestown / Хадстаун],4:29:15,Triple_AI,долг Х7🥀,атлична-,Фильм,,джаз / мюзикл/опера,
16) Alistair Lindsay — Here It Comes [RimWorld OST],4:49:20,wend1g,донат,хорошечно,Игра,,фолк / инструментал,
17) Dios — Runaway {Бегство / Touhikou / 逃避行} (Official Music Video),4:57:00,AndrLord,долг Х5⚰️,атлична,,,поп / инди,
18) Jimang — la divina tragedia ~Makyoku~ {Божественная трагедия / La Divina Tragedia Makyoku / 魔曲} [1 Ending Umineko: When They Cry / Когда плачут чайки],5:10:50,Monstrrro,донат,хорошечно-,Аниме,,метал,
19) Alberto José González — Ending [Melkhior's Mansion OST],5:44:05,MacTepOk,долг Х4☠️,хорошечно-,Игра,,электронное / инструментал,
20) Unicorn — Dai Meiwaku {Большая неприятность / Dai Meiwaku / 大迷惑},5:54:55,kumashisan,донат,хорошечно+,,,рок / оркестровое,
21) Yasunori Mitsuda — Schala's Theme {Тема Шалы / Schala's Theme / サラのテーマ} [Chrono Trigger OST],6:06:55,SinWarlock,долг Х3💀,хорошечно,Игра,,электронное / инструментал,
22) Kim Petras — Pop Sound (Pretour),6:12:15,Matumbafan89,донат,атлична - -,,,электронное / поп / инди,
"23) Kholby Wardell, Scott Redmond & Ride the Cyclone World Premiere Cast Recording Ensemble — Noel's Lament {Плач Ноэля} [OST; Ride the Cyclone]",6:27:05,laitsberg,долг Х2,гениально - -,,,мюзикл/опера / джаз,
24) Domitori Taranofu — Alone in a Cafe,6:36:50,Domitori Taranofu,донат,нормас,,,джаз / инди,
25) Philippe Charron — Battle 3 [OST; Disciples II / Disciples 2],7:09:15,MacTepOk,долг,хорошечно+,Игра,,оркестровое / инструментал,
26) AContrari — Розовый Гусь {Pink Goose},7:22:25,Kirilicus,донат,хорошечно-,,meme,электронное / инди,
27) Константин Пенчковский — Тудери тумба [OST; Маски-шоу],7:31:45,MacTepOk,донат,хорошечно++,Фильм,,иструментал / джаз / инди,
28) Slipknot — Vermilion (OFFICIAL VIDEO),7:45:45,Дагестанский фанат нью-метала,долг Х7🥀,атлична,,,метал,
СТРИМ №213 (19.03.26),, ,,,,,,
ДОЛГОВОЙ,, ,,,,,,
1) Ado feat. Phantom Siita — AiAiA {Ai Ai A / アイ・アイ・ア} (THE FIRST TAKE),40:35,AnonymousAdomin,долг Х10☄️,атлична+,,,инди / поп,
2) TeddyLoid feat. Shigeru Matsuzaki & TOPHAMHAT-KYO — Wanna be [1 Opening Tojima Tanzaburo Wants to Be a Masked Rider / Тандзабуро Тодзима хочет стать Наездником в маске],59:10,Holy_Sun,долг,хорошечно++,Аниме,,электронное / рок / поп,
3) Hajime Hyakkoku — Have Some Tea? [OST; K-On! / Кэйон!],1:13:15,ziksp; Ivan_Vitalyevich,заказ,хорошечно++,Аниме,,инди / джаз / инструментал,
4) Dovax — Desert Bounce (BOUNCE) [Geometry Dash OST],1:26:40,Eagler,долг Х8🌋,ну такое+,Игра,,электронное / инструментал,
5) Kalafina — Yami no Uta {Песня тьмы / Song of Darkness / 闇の唄},1:36:35,DzenDish,долг Х7🥀,атлична - -,,,метал / оркестровое,
6) A Flock Of Seagulls — I Ran(So Far Away),1:52:15,SinWarlock,долг Х5⚰️,хорошечно++,,,рок / инди / электронное,
7) Ryo (supercell) feat. Yuko Natsuyoshi & Saori Hayami — Ex-Otogibanashi (Сейю Kaguya & Yachiyo Runami) [Main Theme; Cosmic Princess Kaguya! / Космическая принцесса Кагуя!],2:02:45,Акума,долг Х4☠️,хорошечно++,Фильм,,электронное / метал,
8) Kalafina — Into the World [Ending Rekishi Hiwa Historia / Исторические тайные истории Хистория],2:18:40,DzenDish,долг Х3💀,нормас++,Фильм,,фолк / баллада / поп,
9) Meredith Bull — L!!!!ght (Sigrika EP) [OST; Wuthering Waves],2:51:35,laitsberg,долг Х2,хорошечно-,Игра,,поп / фолк,
10) HOYO-MiX — Life Is Inexhaustible [Genshin Impact OST],3:05:20,EpicFire,долг,хорошечно,Игра,,фолк / инструментал,
10.5) Faryma.composer импровизирует на Арфе,3:20:10,Faryma.composer,,,,,,
11) Shoi Miyazawa — The Lord of Frenzied Flame [Elden Ring: Shadow of the Erdtree OST],3:24:15,vovazavr89,долг Х8🌋,атлична - -,Игра,,оркестровое / инструментал,
12) Lebo M — He Lives In You {Он живёт в тебе} [OST; The Lion King II: Simba’s Pride / Король Лев 2: Гордость Симбы],3:37:00,Boevaya_riba,долг Х7🥀,атлична+,Фильм,,фолк / поп ,
13) Ado — AiAiA {Ai Ai A / アイ・アイ・ア} (Live),3:48:55,AnonymousAdomin,долг Х6👻,атлична-,,,инди / поп,
14) Apati — Syndafloden (Перевод на русский),4:02:10,alunaw3h,долг Х5⚰️,хорошечно++,,,инди / рок / баллада,
СТРИМ №212 (14.03.26),, ,,,,,,
1) Minori Chihara — Aitakatta Sora {Я хотела увидеть небо / Aitakatta Sora / 会いたかった空} [OST; Beyond the Boundary: I'll Be Here - Future / За гранью: Я буду здесь — Будущее],19:20,egorkasprigorca,донат,хорошечно,Аниме,,поп-рок,
"2) AY YOLA & ALSOU — Ay, bylbylym {Ай, соловей / Ай, былбылым / Ay, bylbylym}",32:00,Napporaivo,долг Х8🌋,хорошечно+,,,электронное / поп / фолк,
3) Nightmare — Raison d’être {Причина существования / Raison d’être / Rezon Dētoru / レゾンデートル} [1 Opening Claymore / Клеймор],49:30,Baky0102,донат,хорошечно - -,Аниме,,рок ,
4) Bossfight — Nock Em [Geometry Dash SubZero OST],1:03:35,Eagler; Shinnouz19,долг Х7🥀,хорошечно - -,Игра,,электронное / инструментал,
5) Inon Zur — Menu Theme [Lionheart: Legacy of the Crusader OST],1:16:25,Low of Solipsism!,донат,нормас++,Игра,,инструментал / фолк / оркестровое,
6) E-Type — Angels Crying {Ангелы плачут},1:29:25,Rtur,долг Х6👻,нормас++,,,поп / электронное,
7) Alistair Lindsay — Waiting For The Sun [RimWorld OST],2:00:15,wend1g,донат,атлична-,Игра,,инди / фолк,
8) Christopher Larkin — White Palace [Hollow Knight OST],2:10:10,CosmoDrone11,заказ,хорошечно++,Игра,,оркестровое / инструментал,
9) Yoshihisa Hirano — Low of Solipsism Ⅱ [OST; Death Note / Тетрадь смерти],2:22:20,Low of Solipsism!,донат,хорошечно,Аниме,,оркестровое / инструментал,
10) Keane — Somewhere Only We Know (Official Music Video),2:33:10,Летта,долг Х4☠️,атлична-,,,поп-рок / инди,
"11) J.P. Melen, P. Durst, C. Meyer & D.O. — Du Hast (Rammstein - Du Hast; Cover)",2:43:20,MeinJurer,донат,хорошечно,,,метал / электронное ,
12) Utsu-P — gONE [OST; Compass: Combat Providence Analysis System / NND Compass],2:57:50,Triple_AI; sodamin_,заказ,нормас,Игра,,метал ,
13) Jerry Martin — By The Bay [OST; SimCity 4],3:06:50,General PunisheR,донат,хорошечно-,Игра,,инструментал / инди / джаз,
14) Ed Sheeran — Celestial (Official Video) [Ending Pokémon Scarlet & Violet / Покемон Скарлет и Вайолет],3:20:30,AndrLord,долг Х2,хорошечно - -,Игра,,поп / поп-рок,
14.5) Faryma.composer вспоминает жуткие осты из SimCity 3000,3:33:55,Faryma.composer,,,,,,
15) GoGo Penguin — Hopopono (OFFICIAL VIDEO),3:55:35,Kirilicus,донат,атлична,,,инди / джаз,
16) Des Rocs — The Devil Inside,4:02:50,Indie Anthems,долг,атлична+,,,электронное / инди / рок,
17) IMPROVER — Tonight (BEATBOX),4:12:15,Rtur,донат,хорошечно-,,,разное / электронное,
18) Aimee B — Future In My Hands [OST; Devil May Cry / Дьявол может плакать],4:21:35,кундалини,заказ,атлична - -,Аниме,,рок,
"19) AaRON — U-Turn (Lilli) [OST; Je vais bien, ne t'en fais pas / Don’t Worry, I’m Fine / Не волнуйся, у меня всё нормально]",4:32:05,Indie Anthems,донат,хорошечно,Фильм,,инди ,
20) Hiroyuki Sawano feat. Jean-Ken Johnny & TAKUMA — PROVANT [1 Opening Fate/strange Fake / Судьба/Странная подделка],4:39:40,DzenDish,долг Х6👻,нормас++,Аниме,,поп-рок / электронное ,
21) Aitsuki Nakuru — Ai no Zanshi {Остатки любви / Remnants of Love / 愛の残滓} [Insert Song; Mahou Shoujo no Majo Saiban / Magical Girl Witch Trials / Суд над ведьмами: Магическая девочка],4:52:10,Keras174,заказ,атлична - -,Игра,,электронное / рок,
22) Oasis — Champagne Supernova (Official Video),5:04:15,ozimandiys,донат,атлична+,,,рок / баллада,
"23) Nirvana — Breed (Live At Paradiso, Amsterdam/1991)",5:38:10,lacew8i8ng,долг Х5⚰️,хорошечно++,,,рок,
24) Тимур Темиров — Художник {Artist},5:51:55,oleg_mongolll,заказ,хорошечно - -,,,фолк / поп,
25) JAM Project — GONG [Opening The 3rd Super Robot Wars Alpha: To the End of the Galaxy / Супер Робот Войны Альфа 3: К концу галактики],6:09:50,Baky0102,донат,атлична,Игра,,метал / оркестровое,
26) Дмитрий Хворостовский — На сопках Маньчжурии {On the Hills of Manchuria} (Илья Алексеевич Шатров - На сопках Маньчжурии; Original; Live),6:23:20,@Zagadochniy_Pretendent,заказ,атлична-,,,мюзикл/опера,
"27) Keith David, Lilli Cooper, Kimiko Glenn, Krystina Alabado, Sam Haft & Andrew Underberg — Love In A Bottle (Sing-Along) [Insert Song; Hazbin Hotel Season 2 / Отель Хазбин 2]",6:35:00,кундалини; Triple_AI,долг Х4☠️,хорошечно,Фильм,,мюзикл/опера,
28) Primus feat. Tom Waits — Tommy The Cat [OST; Bill & Ted’s Bogus Journey / Новые приключения Билла и Теда],6:41:35,ozimandiys,донат,атлична,Фильм,progressive,рок / инди / фанк,
29) Woodkid — Iron (Official Video) [Assassin's Creed: Revelations OST],6:53:45,Sammy Willbur,долг Х3💀,атлична,Игра,,оркестровое,
30) BLANKEY JET CITY — Red Tambourine {Красный тамбурин / Akai Tanborin / 赤いタンバリン},7:02:50,kumashisan,донат,хорошечно-,,,рок ,
31) Scorpions — Wind Of Change {Ветер перемен} (Official Music Video),7:20:15,upucka18,заказ,атлична+,,,рок / баллада,
32) Сектор Газа — Туман {Fog / Mist},7:29:55,ozimandiys,донат,хорошечно,,,рок,
33.0) О группе Tommy heavenly6 & Tommy february6,7:40:00,Faryma.composer,,,,,,
33) Tommy heavenly6 & Tommy february6 — Tommy's Halloween Fairy Tale (Full Album),7:51:20,kittycassio,долг,нормас++,,,разное / рок / поп,
34) Хаски — Душа {Soul},8:18:40,ayl1es,донат,гениально - -,,,рэп,
35) Leila Wilson — Shade Armory [OST; Freedom Planet 2],8:39:40,SinWarlock,долг Х6👻,нормас+,Игра,,инструментал / электронное / рок,
"36) WEDNESDAY CAMPANELLA — Hot Pot Commander {Nabe Bugyō / 鍋奉行} [1/3 Ending Welcome to Demon School! Iruma-kun Season 3 / Добро пожаловать в ад, Ирума! 3]",8:47:55,wend1g,донат,атлична,Аниме,,электронное / поп,
СТРИМ №211 (12.03.26),, ,,,,,,
ДОЛГОВОЙ,, ,,,,,,
1) Mari Boine — Oppskrift for Herrefolk(2023 Remastered) {Рецепт для господствующей расы / Recipe for a Master Race / Hearráid Vouhki},16:35,Napporaivo,долг Х10.5🗿,атлична,,,фолк / инди,
"2) Pavel Lipski — Voices of Empyrean [Warhammer 40,000: Rogue Trader - Void Shadows OST]",34:55,Noveske,долг Х8🌋,хорошечно - - ,Игра,,оркестровое / инструментал,
3) Ado — Vivarium (Оцениваем Клип) {Вивариум / Vivarium / ビバリウム},46:50,AnonymousAdomin,заказ,атлична+ (клип атлична - -),,,рок / инди,
4) Kalafina — Signal,58:40,DzenDish,долг Х7🥀,хорошечно++,,,электронное / фолк / рок,
5) Obadiah Brown-Beach — shop [Arknights OST],1:13:05,Boevaya_riba,долг Х6👻,хорошечно - - ,Игра,,электронное / инструментал,
6) ZUTOMAYO — MILABO,1:20:45,vio_kim; svd_bb,заказ,атлична+,,,поп / фанк,
7) Army of Lovers — Crucified,1:38:25,Rtur,долг Х4☠️,хорошечно++,,,поп / электронное,
8) Linkin Park — Forgotten,2:14:25,Static_Streams_,долг Х3💀,хорошечно,,,метал / рок / рэп,
9) Yasunori Mitsuda — Corridors of Time {Коридоры времени / Toki no Kairo / 時の回廊} [Chrono Trigger OST],2:26:20,SinWarlock,долг Х2,атлична - -,Игра,,инструментал / фолк,
10) Yorushika — Play Sick {Плейшик / Plaishik / プレイシック},2:32:45,ansmit,долг,гениально - -,,,инди / поп / джаз,
11) Primus — Wynona's Big Brown Beaver,2:43:00,Hamsterslayer,долг Х8🌋,атлична,,,инди / рок,
12) Camellia feat. Toby Fox — Myths You Forgot,2:53:35,Eagler,долг Х7🥀,атлична,Игра,progressive,электронное ,
13) Radiohead — Let Down,3:05:05,Shinnouz19; FiLiUM,заказ,атлична,,,инди / рок / баллада,
14) Yukari Hashimoto — To My First Friend {К моему первому другу / Hitotsume no Tomodachi ni / 一人目の友達に} [OST; Komi Can't Communicate / У Коми проблемы с общением],3:15:25,qwerty_24661,заказ,нормас+,Аниме,,оркестровое / баллада / инструментал,
15) Shinsei Kamattechan — Kuroi Tamago {Чёрное яйцо / Black egg / 黒いたまご},3:22:00,Shmatok,долг Х4☠️,атлична-,,,инди / поп-рок,
16) Steve Pardo — The Captain [OST; Мрачный Рассвет / Grim Dawn],3:31:15,MacTepOk,долг Х3💀,хорошечно+,Игра,,инструментал / фолк / рок,
17) Serj Tankian — Sky Is Over (Official Video),4:01:45,Rtur,долг Х2,хорошечно-,,,метал,
"18) Богдан Титомир feat. Тимати, Джиган — Грязные шлюшки {Dirty Sluts / Dirty Ho’s}",4:11:20,Шальная Модуляция,долг,кринж-контент+,,,рэп,
18.5) Egor & NeSergey — Блинчики {Pancakes},4:35:55,Faryma.composer,,,,,,
СТРИМ №210 (7.03.26),, ,,,,,,
1) Ольга Кормухина — На одной земле {On the Same Land} (Александр Иванов & Рондо - На одной земле; Cover; Live),15:20,Rtur,донат,хорошечно-,,"live, cover",баллада / рок,
2) Tadayoshi Makino — Stars At Our Backs {Звёзды за нашими спинами / Hoshi ni Kararete / 星に駆られて} [Monster Hunter: World OST],28:25,Linchor ,долг Х10☄️,хорошечно++,Игра,,оркестровое / инструментал,
3) Queens Of The Stone Age — No One Knows (Official Music Video),40:50,ozimandiys,донат,атлична - -,,,инди / рок,
4) Shankar Mahadevan — Shiva Shiva Shankara [OST; Damarukam / Дамарукам],55:15,Kipyatocheck,долг Х9🌑,гениально - -,,,фолк / оркестровое / поп,
5) Alistair Lindsay — Terraformer [RimWorld OST],1:11:20,wend1g,донат,атлична - -,Игра,,инструментал / электронное / фолк,
6) Yohani — Ha Chuttak {හා චුට්ටක්} (Official Music Video),1:21:55,Napporaivo,долг Х7🥀,хорошечно+,,,поп / инди,
7) Stromae — Santé (Official Video),1:31:10,brizzy_wow,донат,атлична - -,,,поп ,
8) Kalafina — Red Moon {Красная луна},2:01:45,DzenDish,долг Х6👻,хорошечно-,,,рок / оркестровое,
9) Kensuke Ushio — Smells Blood [OST; Devilman: Crybaby / Человек-дьявол: Плакса],2:15:35,randerban,заказ,хорошечно++,Аниме,,инструментал / электронное,
10) A-One feat. Shihori — Bamboo Dance (ZUN - Flight of the Bamboo Cutter ~ Lunatic Princess; Remix) [OST; Touhou 8: Eiyashou - Imperishable Night / 東方永夜抄 ～ Imperishable Night],2:22:40,egorkasprigorca,донат,нормас+,Игра,,поп / электронное,
11) Guilty Kiss — Kowareyasuki {Хрупкая любовь / Fragile love / コワレヤスキ} [Character Song; Love Live! Sunshine!! / Живая любовь! Сияние!!],2:32:50,Ivan_Vitalyevich; Napporaivo,долг Х5⚰️,хорошечно++,Аниме,,рок / электронное,
12) Imagine Dragons — Radioactive [OST; The Host / Гостья],2:49:50,Boevaya_riba,донат,хорошечно++,Фильм,,поп / поп-рок,
13) Houshou Marine & Hoshimachi Suisei — Chatter Chatter {Болтовня-болтовня},3:05:25,AndrLord,долг Х4☠️,хорошечно+,,,электронное / поп,
14) XXIOS — Inside Me,3:16:25,Indie Anthems,донат,ну такое++,,,электронное / поп,
"15) UNISON SQUARE GARDEN — 10% roll, 10% romance [1 Opening Welcome to the Ballroom / Сквозь бальный зал]",3:31:45,AndrLord; kumashisan,долг Х3💀,хорошечно+,Аниме,,рок / инди,
15.5) Faryma.composer о акции Бургер Кинга,3:58:10,Faryma.composer,,,,,,
16) MASSIL IA — Midnight leather soul,4:05:05,Rettsu,донат,нормас+,,,поп / фанк,
17) Faouzia — DON'T EVER LEAVE ME  (Official Music Video),4:17:00,mage10; Enotishche,заказ,хорошечно++,,,поп,
18) Highly Suspect — My Name Is Human,4:26:05,Indie Anthems,донат,хорошечно-,,,рок / инди,
19) XIIX — Stay Mellow,4:40:35,kumashisan,долг,атлична-,,,поп / фанк,
20) HOYO-MiX feat. Sleep1st — Ravings {Бредни / Chīrén shuō mèng / 痴人说梦} [Honkai: Star Rail OST],4:53:05,laitsberg,донат,хорошечно++,Игра,,электронное / поп,
21) DIALOGUE+ — Joyful-sciante!! {Радостный Чант / Joyful Chant / じょいふるしあんてっ！},5:04:30,Ivan_Vitalyevich,долг Х10☄️,атлична,,progressive,поп-рок,
22) Silent Strike — Sine,5:17:25,Boevaya_riba,донат,атлична-,,,электронное / инди,
23) syudou — Kamidanomi {Божья помощь / God's help / 神頼み} [1 Opening Dekin no Mogura: The Earthbound Mole / Запрещённый крот],5:27:30,scuk0_bl1n,заказ,атлична+,,,инди / поп-рок,
24) AaRON — Endless Song,6:04:50,Indie Anthems,донат,атлична,,,инди,
25) Kenji Kawai — Unmei no Yoru {Ночь судьбы / Night of fate / 運命の夜} [OST; Fate/stay night / Судьба/Ночь схватки],6:14:15,pavapepper,долг Х6👻,хорошечно-,Аниме,,инструментал / оркестровое / инди,
26) Fergie feat. Ludacris — Glamorous,6:25:10,Monstrrro,донат,хорошечно - -,,,поп / рэп,
27) Mikhail Kostylev — Pharaon Crypt [Royal Quest OST],6:36:00,agaton006,заказ,нормас++,,,инструментал / фолк / рок,
"28) KOAN Sound & Culprate, Asa & Sorrow — Mosaic",6:42:25,Neyromonah_Feofan; Matumbafan89,донат,гениально - -,,progressive,электронное,
29) Kalafina — Obbligato,6:56:40,DzenDish,долг Х4☠️,хорошечно+,,,рок,
30) Fururi feat. Kasane Teto  — MAGICAL☆MIRACLE☆METAGALPHOSE {Majikaru☆Mirakuru☆Metagyaru Foze / マジカル☆ミラクル☆メタギャルフォーゼ},7:12:05,wend1g,донат,хорошечно-,,,поп / электронное,
31) Rachie — Hitchcock {Хичкок / Hitchcock / ヒッチコック} (Yorushika - Hitchcock; Cover),7:20:40,arantear,долг Х3💀,хорошечно - -,,cover,поп-рок,
32) Masayoshi Oishi & PelleK — I'm Invincible {Я самая сильная / Watashi wa Saikyo / わたしは最強} (Ado - Watashi wa Saikyō; Cover) [UTA OST; One Piece Film: Red / Ван-Пис: Красный],7:33:00,AndrLord,донат,хорошечно+,Аниме,cover,рок / поп-рок,
33) League of Legends feat. Mako — As We Fall (Varus Theme) [League of Legends OST],7:44:20,Boevaya_riba,долг Х2,нормас,Игра,,электронное / баллада / поп,
34) Найк Борзов — Три слова {Three Words},7:55:45,wend1g,донат,нормас,,,поп-рок,
СТРИМ №209 (5.03.26),, ,,,,,,
ДОЛГОВОЙ,, ,,,,,,
1) Annabelle Dinda — The Hand (Lyric Video),21:05,Indie Anthems,заказ,атлична,,,инди / фолк / поп,
2) Tokyo Gegegay — Yes or No,30:40,laitsberg,заказ,ну такое++,,,поп / электронное,
3) Akira Yamaoka — Theme Of Laura II [OST; Silent Hill 2 Remake / Сайлент Хилл 2 Ремейк],47:35,@Rayels66; iromzy1337,заказ,нормас - -,Игра,,рок / инструментал,
"4) Yo-Yo Ma — Love Theme {Тема любви} (Ennio Morricone - Love Theme; Cello Solo) [OST; Cinema Paradiso / Новый кинотеатр ""Парадизо""]",1:02:30,Kipyatocheck,долг Х9🌑,нормас++,Фильм,,оркестровое / инструментал / фолк,
5) Jeremy Jordan — Raise a Little Hell (Live) [OST; Bonnie and Clyde: The Musical  / Бонни и Клайд: Мюзикл],1:11:25,Triple_AI,долг Х7🥀,атлична,Фильм,live,мюзикл/опера / рок,
6) Kalafina — Fantasia,1:21:10,DzenDish,долг Х6👻,хорошечно,,,фолк / электронное / рок,
7) Official HIGE DANdism — FIRE GROUND [1 Opening Hinomaru Sumo / Сумо Хиномару],1:58:15,AndrLord,долг Х5⚰️,хорошечно+,Аниме,,фанк / поп,
8) Kalafina — Identify,2:06:45,DzenDish,долг Х4☠️,атлична - -,,,рок,
8.5) Faryma.composer о Видео по ADO на своём канале,2:17:00,Faryma.composer,,,,,,
9) Bloodywood feat. BABYMETAL — Bekhauf (Official Music Video),2:22:30,Летта; kumashisan,долг Х3💀,нормас++,,,метал,
10) Лжедмитрий IV & DEEP-EX-SENSE — Что скрывает лес {What the forest hides} (Премьера трека),2:33:05,UnknownSekorsky,долг Х2,хорошечно++,,,рэп / инди / мюзикл/опера,
11) Queen — We Are The Champions {Мы — чемпионы} (Official Video),2:58:45,TRISSAR; Static_Streams_,заказ,гениально - -,,,рок / баллада,
"12) Tariq, The Gregory Brothers & Recess Therapy — It's Corn",3:13:25,topirmedoed,заказ,нормас+,,meme ,поп / поп-рок,
13) Christo Xavier & Sayanth S — The Age of Madness (Malayalam) [OST; Bramayugam / Эпоха безумия],3:20:25,Kipyatocheck,долг Х9🌑,атлична - -,Фильм,,электронное / фолк,
14) Animenz — Resonance (T.M. Revolution - Resonance; Piano Cover) [1 Opening Soul Eater / Пожиратель душ],3:29:10,Sheruka,заказ,хорошечно,Аниме,"cover, solo instrument",оркестровое / рок / инструментал,
15) Hayato Matsuo — Die Fledermaus [OST; Hellsing Ultimate / Хеллсинг OVA],3:40:20,meganekka,заказ,атлична+,Аниме,progressive,инди / инструментал / джаз,
СТРИМ №208 (01.03.26),, ,,,,,,
БЛАГОТВОРИТЕЛЬНЫЙ,, ,,,,,,
1) FLAVOR FOLEY feat. Yi Xi — BUTCHER VANITY,17:00,Cybrex,очередь,хорошечно+,,,электронное / поп,
2) The Brilliant Green — Forever to me ~Owari Naki Kanashimi~ {Навсегда для меня / Owarinaki Kanashimi / 終わりなき悲しみ},31:05,@kittycassio,очередь,хорошечно - -,,,рок ,
3) Porcupine Tree — Shallow (2017 Remaster),49:15,ozimandiys,очередь,атлична+,,,рок,
4) Adele — When We Were Young {Когда мы были молоды},1:02:05,@Kaizzoku_Gari,очередь,хорошечно++,,,баллада / поп,
5) CRAZY BLUES — Lot (Official Music Video),1:16:30,@themikkka,очередь,хорошечно-,,,баллада / инди / поп-рок,
6) Marvin Kopp — Echo of the Past {Эхо прошлого / Echo der Vergangenheit} [Enderal: Forgotten Stories OST],1:28:50,Gigantorix,очередь,нормас++,Игра,,инструментал / оркестровое,
7) fun. feat. Janelle Monáe — We Are Young (Official video),1:37:35,@JHUYT17,очередь,атлична-,,,поп,
8) Eric Clapton & Michael Kamen — Meet Martin Riggs [OST; Lethal Weapon / Смертельное оружие],2:06:25,@EXNBATONO6ATACHIKZEKUNIRAINGUQOH,очередь,атлична-,Фильм,,инструментал / джаз,
9) Dom Fera — Bottom Line,2:18:05,Abdumalik,очередь,хорошечно+,,,поп-рок,
10) ReoNa — Alive (TV Version) [1 Opening Arknights: Prelude to Dawn / Аркнайтс: Прелюдия к рассвету],2:28:15,@notayyet,очередь,нормас++,Аниме,,поп-рок / баллада,
11) Saikoro — far in the blue sky...,2:35:25,@egrlv2,очередь,нормас+,,,электронное ,
"12) StringStorm feat. Craig Cairns — Lamenters (StringStorm feat. Cpl. Corgi - Lamenters; Revisited) [Warhammer 40,000 / Warhammer 40k]",2:43:35,@dongfangxianyun,очередь,ну такое++,,,метал,
13) Nico Bellisario feat. Shihori — Holy Steel (Fan Opening JoJo's Bizarre Adventure Part 7: Steel Ball Run / Невероятное приключение ДжоДжо: Гонка 'Стальной шар'),2:54:10,@r0nmug,очередь,хорошечно+,Аниме,,рок,
14) Dan Salvato feat. Jillian Ashcraft — Your Reality [Doki Doki Literature Club OST],3:02:10,Максим,очередь,ну такое++,Игра,,инди / поп,
15) Sheena Ringo — A Double Suicide {Тонко-ледяное двойное самоубийство / Usurahi Shinjuu / 薄ら氷心中} (Megumi Hayashibara - Usurahi Shinjuu; Cover)  [1 Opening Shouwa Genroku Rakugo Shinjuu / Сёва-Гэнроку: Двойное самоубийство по ракуго],3:15:15,@vdlas2,очередь,атлична,Аниме,,джаз,
16) Taku Iwasaki — Theme of Read or Die [OST; Read or Die / Читай или мечтай],3:24:05,Sheruka,очередь,атлична+,Аниме,progressive,джаз / электронное,
17) 5opka — Кто я такой (Who Am I},3:47:20,@Vivogh,очередь,ну такое++,,,рок,
18) the pillows — Advice (FLCL Arrange version) [OST; FLCL / Фури-кури],4:00:20,meganekka,очередь,хорошечно,Аниме,,рок,
19) Aguri Onishi — Walking Dream (Сейю Ayumu Uehara) [Character Song; Love Live! Nijigasaki High School Idol Club / Живая любовь! Клуб идолов старшей школы Нидзигасаки],4:08:50,Ivan_Vitalyevich,очередь,хорошечно+,Аниме,,поп,
20) The Zenith Passage — Hypnagogia,4:25:55,@Sotrudnikkkartelya,очередь,хорошечно++,,progressive,метал,
21) Okame-P feat. GUMI — Othello {Отелло / Othello / オセロ},4:43:35,sodamin_,очередь,хорошечно - -,,,электронное / инди / рок,
СТРИМ №207 (27.02.26),, ,,,,,,
"1) Ushio Reira — Miso Soup and Butter {Мисо-суп и масло / Misoshiru to Butter / 味噌汁とバター} [1 Ending Food for the Soul / Дни проходят, а еда по-прежнему хороша]",18:40,wend1g,донат,хорошечно-,Аниме,,поп-рок,
2) Poor Man's Poison — Spark,31:45,Triple_AI,долг Х9🌑,атлична - -,,,инди / фолк,
2.5) Faryma.composer показывает пресет пианино,41:15,Faryma.composer,,,,,,
3) Kishida Kyoudan & The Akeboshi Rockets — Strike the Blood [1 Opening Strike the Blood / Удар крови],44:50,egorkasprigorca,донат,атлична - -,Аниме,,рок,
4) Shigeru Umebayashi feat. Bi Xiaodi & Shuai Wang — Lovers - Flower Garden [OST; House of Flying Daggers / Дом летающих кинжалов],57:20,Kipyatocheck,долг Х8🌋,нормас++,Фильм,,фолк / оркестровое,
5) Spinefish — Eyes Of Grief,1:06:50,Rtur,донат,нормас-,,,инди,
6) Die Wilde Jagd — Torpedovogel,1:17:35,AnToteKote,долг Х6👻,атлична,,progressive,электронное / инди / инструментал,
"7) MY FIRST STORY feat. chelly (EGOIST) — 1,000,000 TIMES (Duel Masters Play's OST)",1:26:35,egorkasprigorca,донат,хорошечно,Игра,,рок,
8) Kalafina — Te to Te to Me to Me {テトテトメトメ},1:58:40,DzenDish,долг Х5⚰️,атлична - -,,,фолк / поп,
"9) Amatsuki — Kokoro Showtime {ココロショータイム} [1/2 Ending Welcome to Demon School! Iruma-kun 2nd Season / Добро пожаловать в ад, Ирума! 2]",2:11:25,wend1g,донат,хорошечно++,Аниме,,поп / джаз,
10) danyades — завис aim (prod. by 1177),2:26:20,danyades,долг Х4☠️,ну такое++,,,рэп,
11) Ethel Cain — Nettles,2:38:15,Matumbafan89; Napporaivo,донат,гениально - -,,,баллада / поп / фолк,
12) Vaundy — Okitegami {Письмо / Letter / 置き手紙},2:56:05,AndrLord,долг Х3💀,хорошечно++,,,поп-рок,
13) Satoru Kosaki — Kenka [OST; Nisemonogatari / Истории подделок],3:04:35,wend1g,донат,хорошечно++,Аниме,,фолк / инструментал,
"14) True Damage feat. Becky G, Keke Palmer, SOYEON, DUCKWRTH, Thutmose — GIANTS [League of Legends OST]",3:10:55,Boevaya_riba,долг Х2,атлична,Игра,,электронное / поп,
"15) HEARTSTEEL feat. BAEKHYUN, tobi lou, ØZI & Cal Scruby — PARANOIA [League of Legends OST]",3:22:50,laitsberg,заказ,хорошечно - -,Игра,,электронное / рэп,
16) fripSide — Hesitation Snow [OST; Hatsuyuki Sakura / От первого снега до цветущей вишни],3:36:15,egorkasprigorca,донат,нормас+,Игра,,электронное,
17) Porter Robinson — Cheerleader,4:12:30,Matumbafan89,долг,атлична - -,,,поп-рок / электронное,
18) Aiobahn +81 & Explorers of the Internet feat. Kasane Teto — plug n pray (Official Audio),4:23:00,wend1g,донат,атлична,,meme / abstract / vocaloid,электронное / инди,
19) Альянс — На восток {To East},4:34:30,orange plus me,донат,атлична-,,progressive,инди / электронное / оркестровое,
20) Woofle & Strife — Prince Dail Boss Battle [Freedom Planet OST],4:49:10,SinWarlock,долг Х9🌑,ну такое+,Игра,,инструментал / рок,
21) Andy Lau — Wu {Просветление / Enlightenment / 悟} [OST; New Shaolin Temple / Новый храм Шаолинь],4:56:15,Kipyatocheck,долг Х8🌋,хорошечно++,Фильм,,баллада / фолк / оркестровое,
22) Miyu Tomita — Paradoxes [1/5 Opening Date A Live V / Рандеву с жизнью 5],5:06:45,SatoHayakava,донат,нормас++,Аниме,,поп-рок,
23) Kalafina — Far on the Water,5:14:20,DzenDish,долг Х6👻,хорошечно - -,,,баллада / фолк / поп,
24) CORPSE feat. Night Lovell — HOT DEMON B!TCHES NEAR U ! ! ! {Hot Demon Bitches Near U!!!} (Official Animated Music Video),5:24:40,arantear,донат,нормас+,,,рэп,
"25) Jorge Rivera-Herrans, Teagan Earley, Luke Holt, Brandon McInnis, Mike Rivera, Janani K. Jha, Earle Gresham Jr., POESY & Cast of EPIC: The Musical — God Games [OST; EPIC: The Musical / ЭПИК: Мюзикл]",5:34:15,Triple_AI,долг Х5⚰️,нормас+,Фильм,,мюзикл/опера,
26) GRiZ — Too Young For Tragedy,5:50:00,ибла,донат,хорошечно,,,электронное / инструментал,
27) Rammstein — Stein um Stein,6:20:55,Алёшенька,долг Х4☠️,хорошечно - -,,,метал,
28) ALI feat. Ashley — CHOOSE LIFE [Theme Song; ZELVIA: The Heretic Newcomer Season 2 / ZELVIA 異端の新参者 Season 2],6:31:05,AndrLord,донат,атлична - -,Фильм,,поп / фанк,
29) Busta Rhymes — Break Ya Neck,6:40:05,Rtur,долг Х3💀,атлична - -,,,рэп,
30) TenTwenty — Border=Border,6:52:05,kumashisan,донат,хорошечно+,,,рок / инди,
31) Gunz for Hire — Dia De Los Muertos (official videoclip),6:59:55,alunaw3h,долг Х2,хорошечно-,,,электронное ,
32) BLACKPINK — GO,7:10:20,laitsberg,донат,нормас++,,,электронное / поп,
33) HammerFall — Hallowed Be My Name,7:25:15,SinWarlock,долг,нормас++,,,метал,
34) TOOL — Sober,7:37:40,ozimandiys,донат,атлична+,,,инди / метал,
"35) Disiniblud, Rachika Nayar & Nina Keith feat. Willy Siegel, Katie Dey & Julianna Barwick — It's Change",7:51:55,Matumbafan89,донат,атлична+,,,инди / инструментал,
СТРИМ №206 (25.02.26),, ,,,,,,
ДОЛГОВОЙ,, ,,,,,,
1) Tatsuro Yamashita — SPARKLE,14:40,Sheruka,долг Х9🌑,гениально - -,,,фанк / поп,
2) Meiko Kaji — Shura no Hana {Цветок резни / Flower of carnage / 修羅の花} [OST; Lady Snowblood / Госпожа Кровавый Снег],26:15,Kipyatocheck,долг Х8🌋,хорошечно++,Фильм,,фолк / поп,
3) Takanori Arisawa — Loneliness 1 [OST; Bishoujo Senshi Sailor Moon R / Красавица-воин Сейлор Мун Эр],36:35,Rtur,долг Х6👻,хорошечно++,Аниме,,оркестровое / инструментал,
4) Kenshi Yonezu — Umi no Yuurei {Духи моря / Призрак моря / Spirits of the Sea / 海の幽霊} [OST; Children of the Sea / Дети моря],43:20,AndrLord,долг Х5⚰️,атлична,Фильм,,оркестровое / баллада / инди,
"5) José Feliciano, Ewan McGregor & Jacek Koman — El Tango de Roxanne (The Police - Roxanne; Cover) [OST; Moulin Rouge! / Мулен Руж!]",56:40,Rtur,долг Х4☠️,атлична+,,,мюзикл/опера,
6) Альбина Сексова feat. Слава КПСС & Валентин Дядька — Пожуй Говна {Chew Shit},1:13:10,laitsberg,долг Х3💀,ну такое++,,meme,поп / электронное,
7) Linkin Park — Burn It Down (Official Music Video),1:24:35,Static_Streams_,долг Х2,хорошечно+,,,рок / поп-рок / электронное,
8) HYOLYN — Dear Friends (Ver. Eng) [Lost Ark OST],1:39:00,astralistikys ,долг,хорошечно-,Фильм,,оркестровое / баллада ,
9) HOYO-MiX feat. Cassie Wei — Ripples of Past Reverie {Рябь прошлых грёз /  昔々の漣} [Honkai: Star Rail OST],2:09:45,кундалини,долг Х9🌑,хорошечно-,Игра,,оркестровое / баллада,
10.0) Разнос обложки трека от Ани,2:22:00,Faryma.designer,,,,,,
10) Rin' — Fuhen {Универсальность / Versatility / 普遍} [1 Ending Samurai 7 / 7 самураев],2:29:20,Kipyatocheck,долг Х8🌋,хорошечно++,Аниме,,фолк / поп / баллада,
11) Kalafina — Storia {История / History / ストーリア} [Opening Historical Secret Stories Historia / Rekishi hiwa hisutoria],2:38:00,DzenDish,долг Х6👻,хорошечно,Фильм,,баллада / фолк,
12) Reol — Phanto(me) {Призра(я) / Yūreizumī / ゆーれいずみー},2:50:25,Sheruka,долг Х5⚰️,атлична-,,,электронное / поп,
13) Elton John — I'm Still Standing,3:01:00,SinWarlock,долг Х4☠️,атлична++,,,поп / поп-рок,
14) Green Day — American Idiot {Американский идиот} (Official Music Video),3:14:05,Sammy Willbur,долг Х3💀,хорошечно++,,,рок,
15) HOYO-MiX feat. Michael Yu — The Code of Chivalry {Код рыцарства / Kishidō Seishin / 騎士道精神} (Варка / Varka EP) [Genshin Impact OST],3:23:05,laitsberg,долг Х2,хорошечно,Игра,,инди / поп-рок,
16) TOOL — Pneuma {Пневма} (Live),3:33:55,ozimandiys,донат,атлична,,progressive,рок / метал,
СТРИМ №205 (21.02.26),, ,,,,,,
"1) Stromae — Papaoutai {Папа, где ты? / Dad, where are you?}",22:55,brizzy_wow,заказ,гениально - -,,,поп / инди,
2) Nekrogoblikon — This Is It (OFFICIAL VIDEO),36:00,MeinJurer,донат,нормас++,,,метал,
3) Wakakusa Kei — Kiwami {極} [OST; Hikaru no Go / Хикару и Го],49:05,Indie Anthems,долг Х9🌑,атлична - -,Аниме,,оркестровое / инструментал,
4) death's dynamic shroud — Messe de E-102,57:25,Matumbafan89,заказ,атлична-,,progressive,электронное / инди,
5) L.A.O.S — United (Our Stolen Theory — United; Remix),1:13:10,egorkasprigorca,донат,нормас++,,remix,электронное / инструментал,
6) HOYO-MiX feat. Alina Lesnik — To the World {Миру / Sekai e / 世界へ} [Honkai: Star Rail OST],1:25:05,EpicFire,долг Х8🌋,хорошечно-,,,инструментал / оркестровое,
7) Kraftwerk — Trans-Europe Express {Транс-Европа Экспресс / Trans Europa Express},1:36:45,Rtur,донат,атлична,,experimental,электронное ,
8) Chihiro Onitsuka — Rasen {Спираль / Rasen / 螺旋} [OST; Wasabi / Васаби],2:10:40,Kipyatocheck,долг Х7🥀,атлична - -,Фильм,,баллада / поп,
9) ALTIMA — I'll Believe [1 Ending Shakugan no Shana III (Final) / Пламенный взор Шаны III],2:26:05,egorkasprigorca,донат,хорошечно - -,Аниме,,поп / электронное / поп-рок,
10) Fall Out Boy — Thnks fr th Mmrs,2:43:10,"Шкибиди привьющик, первый колбас",долг Х6👻,атлична - -,,,поп-рок,
11) DOUDOU — Tong Tong {Тон тон / Tong Tong / 嗵嗵},2:51:00,andaanda,донат,атлична+,,,фолк / инди / электронное,
12) Alberto José González — The Castle [Melkhior's Mansion OST],3:01:50,MacTepOk,заказ,атлична - -,Игра,,электронное / инструментал,
13) Yooh — Ice Angel [OST; Sound Voltex II: Infinite Infection],3:14:00,egorkasprigorca,донат,хорошечно,,,электронное / инструментал,
14) East Of Eden — Evolve (Extended Version),3:25:15,Ivan_Vitalyevich,долг Х4☠️,нормас++,,,метал / оркестровое,
15) Yuka Nagase — Migi Hidari {Мигихидари / Migihidari / ミギヒダリ} [1 Ending A Wild Last Boss Appeared! / Шальной последний босс явился!],4:30:35,wend1g,донат,хорошечно++,Аниме,,инди / поп / фанк,
16) Steve Pardo — Keep Moving [Grim Dawn OST],4:40:25,MacTepOk,долг Х3💀,атлична+,Игра,,инструментал / оркестровое / инди,
17) ХАРАКИРИ ГИТАРОЙ — История запретной любви Беллы и Эдварда с точки зрения закона и науки,4:58:15,ХАРАКИРИ ГИТАРОЙ (группа),донат,атлична - -,,original content,рок / инди,
18) Lind Erebros — Old Sensei [OST; Shadow Fight 2 / Бой с Тенью 2],5:15:25,Gagabu,долг Х2,нормас - -,Игра,,рок / фолк / инструментал,
19) Shortparis feat. Хор ветеранов им. Ф. М. Козлова — Яблонный Сад {Apple Orchard},5:25:25,Kirilicus,донат,атлична,,,инди,
20) natori — Serenade {Серенада / Serenade / セレナード} [3 Ending 'Oshi no Ko' 3nd Season / Ребёнок идола 3],5:37:30,Meowzen134,долг,атлична,Аниме,,поп / фанк / электронное,
21) Official HIGE DANdism — Make Me Wonder [1 Opening The Darwin Incident / Инцидент Дарвина],6:12:20,AndrLord,донат,гениально - -,Аниме,,поп-рок / фанк ,
22) CHANMINA — TEST ME [3 Opening 'Oshi no Ko' 3nd Season / Ребёнок идола 3],6:24:00,Meowzen134,заказ,хорошечно+,Аниме,,баллада / поп / джаз,
23) Nightmargin — Niko And The World Machine [OneShot OST],6:35:05,CosmoDrone11,долг Х9🌑,хорошечно++,Игра,solo instrument,инструментал / оркестровое,
23.5) Faryma.composer визуально оценивает опенинг 3 сезона Oshi no Ko / Звёздное дитя,6:46:20,Faryma.composer,,,Аниме,,,
24) The Kolors — ITALODISCO (Karaoke Version),6:51:30,Kirilicus,донат,хорошечно - -,,,поп / электронное,
25) sombr — back to friends (official video),7:02:35,Boevaya_riba,долг Х8🌋,хорошечно-,,,инди / поп,
26) devalon — Black Night Lindamea - Trial by Blade [OST; Black Souls II],7:16:45,wend1g,донат,кринж-контент++,Игра,,инструментал / оркестровое / рок,
27) MONDO GROSSO feat. Asuka Saito — Wakusei Tantora {Планета Тантра / Planet Tantra / 惑星タントラ} (Short Edit),7:33:05,Kipyatocheck,долг Х7🥀,атлична - -,,,инди / поп,
28) Kalafina — Natsuno Asa {Летнее утро / Summer morning / Natsu no Asa / 夏の朝},7:43:45,DzenDish,донат,хорошечно-,,,баллада / фолк,
29) Heaven Pierce Her — Dead Heat Pulse(A Heart of Cold) [Ultrakill OST],7:54:50,Забивной забыватель,долг Х6👻,хорошечно+,Игра,,инди / метал / электронное,
30) BOOKER — Пора завязывать {It’s Time to Quit},8:09:25,ayl1es,донат,хорошечно+,,,рэп / инди / рок,
31) Король и Шут — Джокер {Joker},8:24:00,SinWarlock,долг Х5⚰️,нормас,,,рок,
СТРИМ №204 (19.02.26),, ,,,,,,
ДОЛГОВОЙ,, ,,,,,,
"1) Jorge Rivera-Herrans, Jamie Wiltshire, Dennis Diaz, Tristan Caldwell, Miguel Veloso & Cast of EPIC: The Musical — Odysseus [OST; EPIC: The Musical / ЭПИК: Мюзикл]",16:05,Triple_AI,заказ,хорошечно - -,Фильм,,мюзикл/опера / оркестровое / электронное,
2) Hiroyuki Sawano feat. Laco — Trollz,31:30,DzenDish,долг Х8🌋,атлична - -,,,поп-рок / поп / электронное,
3) Shuntaro Okino — Cloud Age Symphony (TV Version) [1 Opening Last Exile / Последний изгнанник],44:25,Kipyatocheck,долг Х7🥀,хорошечно,Аниме,,инди / фолк / электронное,
4) Keina Suda — Mellow {Меллоу / Merō / メロウ} [1 Opening Skip and Loafer / Долой безделье!],51:25,Ivan_Vitalyevich,долг Х6👻,атлична - -,Аниме,,поп,
5) American Authors — Best Day Of My Life,1:03:55,GameCloser,долг Х5⚰️,хорошечно-,,,инди / поп,
6.0) Аня разносит обложку трека Intestinal Incubation,1:14:10,Faryma.designer,,,,,,
6) Necrophagist — Intestinal Incubation,1:18:50,САРАДИП КИЧНАБАК,долг Х4☠️,хорошечно++,,progressive,метал,
7) ARCANA PROJECT — Yume de Sekai wo Kaeru nara {Если изменить мир во сне / If You Can Change the World in a Dream / 夢で世界を変えるなら} [1 Ending Redo of Healer / Маг-целитель: Новый старт],1:42:15,wend1g,долг Х3💀,нормас+,Аниме,,поп / поп-рок,
8) Vaundy — Fujin {Бог ветра / Fuujin / 風神} [OST; Light of My Lion / Логово льва],2:14:10,AndrLord,заказ,атлична,Фильм,,инди / поп,
9) Dia Kurosawa & Ruby Kurosawa — Manatsu wa Dare no Mono? {Чьё лето? / Midsummer Belongs to Whom? / 真夏は誰のモノ？} [Character Song; Love Live! Sunshine!! / Живая любовь! Сияние!!],2:24:25,wend1g,заказ,хорошечно-,,,поп / фолк,
10) Linkin Park — A Place For My Head,2:44:30,Static_Streams_,долг Х2,нормас++,,,рок / метал / рэп,
"11) B-Komachi feat. Yurie Igoma, Megumi Han, Rumi Okubo — B’s Revenge {Месть B / Revenge of B / B no Ribenji / Bのリベンジ} (Сейю Ruby, Kana Arima & MEM-cho) [OST; 'Oshi no Ko' 3nd Season / Ребёнок идола 3]",2:55:05,Meowzen134,долг,хорошечно,Аниме,,поп / электронное,
12) Joe Dassin — Et si tu n'existais pas {А если бы тебя не существовало / Если б не было тебя},3:09:15,Napporaivo; brizzy_wow,заказ,атлична,,,поп ,
13) HOYO-MiX — The Forbidding Ground [Genshin Impact OST],3:23:00,EpicFire,долг Х8🌋,хорошечно,Игра,,инструментал / фолк / электронное,
14) Ado — Vivarium {Вивариум / Bibariumu / ビバリウム},3:32:20,AnonymousAdomin,долг Х7🥀,атлична+,,,инди / рок,
СТРИМ №203 (18.02.26),, ,,,,,,
"ДОЛГОВОЙ (СПАСАЕМ ДОЛГИ + НЕОБЪЯСНИМО, НО ФАКТ)",, ,,,,,,
1) BiSH — MORE THAN LiKE (OFFiCiAL ViDEO) [4/26 Opening Fairy Tail: Final Series / Хвост Феи: Финал],25:35,DzenDish,долг Х10.5🗿,нормас++,Аниме,,рок / поп-рок,
2) Hedningarna — Vargtimmen,39:30,Napporaivo,долг Х10.5🗿,атлична+,,,фолк / инди,
3) BiSH — PAiNT it BLACK [2 Opening Black Clover / Черный клевер],52:55,DzenDish,долг Х10.5🗿,хорошечно-,Аниме,,рок / поп-рок,
4) Kobaryo — HAL 30000 (Special 30k subs),1:02:50,red_chajek,заказ,атлична - -,,experimental / progressive,электронное,
5) Hiroyuki Sawano feat. Jean-Ken Johnny — Chaos Drifters [2 Opening No Guns Life / Жизнь без оружия],1:13:45,DzenDish,долг Х10.5🗿,хорошечно - -,Аниме,,рок / поп-рок,
6) Craig Stuart Garfinkle — Shadowmoon Sunset (Full Version) [World of Warcraft: Warlords of Draenor OST],1:29:25,Noveske,долг Х10.5🗿,хорошечно+,Игра,,инструментал / оркестровое,
7) Radiohead — How to Disappear Completely,1:58:25,Shinnouz19,заказ,гениально-,,,инди / баллада / оркестровое,
8) Official HIGE DANdism — Sanitizer (Official Video),2:11:10,AndrLord; Ivan_Vitalyevich,заказ,гениально-,,,поп,
"9) CJShurup — Главная тема {Main Theme} [OST; Необъяснимо, но факт]",2:23:50,DzenDish,долг Х8🌋,атлична - -,Фильм,,инструментал / электронное / рок,
"10) CJShurup —  Пролог 1 {Prologue 1} [OST; Необъяснимо, но факт]",2:36:45,DzenDish,долг Х8🌋,атлична - -,Фильм,,инструментал / электронное / инди,
"11) CJShurup — Барабаны бесконечности {Infinity Drums} [OST; Необъяснимо, но факт]",2:45:10,DzenDish,долг Х8🌋,хорошечно,Фильм,,инструментал / электронное / инди,
"12) CJShurup — Реальность 39 {Reality 39} [OST; Необъяснимо, но факт]",2:49:55,DzenDish,долг Х8🌋,хорошечно+,Фильм,,инструментал / электронное / инди,
"13) CJShurup — Справка №1 {Certificate No. 1} [OST; Необъяснимо, но факт]",2:55:25,DzenDish,долг Х8🌋,атлична-,Фильм,,инструментал / инди / разное,
"14) CJShurup — Клиническая смерть {Clinical death} [OST; Необъяснимо, но факт]",2:58:35,DzenDish,долг Х8🌋,хорошечно - -,Фильм,,инструментал / инди / электронное,
"15) CJShurup — Виктори {Victory} [OST; Необъяснимо, но факт]",3:03:00,DzenDish,долг Х8🌋,нормас++,Фильм,,инструментал / инди / электронное,
"16) CJShurup — Пролог 2 {Prologue 2} [OST; Необъяснимо, но факт]",3:07:35,DzenDish,долг Х8🌋,нормас+,Фильм,,инструментал / инди / электронное,
СТРИМ №202 (14.02.26),, ,,,,,,
"1) TUYU — I’m Getting on the Bus to the Other World, See Ya! {Я сажусь на автобус в другой мир, увидимся / I'm taking a bus to another world, see you there / Ano Yo Iki no Basu ni Notte Saraba / あの世行きのバスに乗ってさらば。}",11:10,egorkasprigorca,донат,хорошечно+,,,поп,
2) EMPiRE — Pierce {ピアス} [2/24 Ending Fairy Tail: Final Series / Хвост Феи: Финал],25:15,DzenDish,долг Х10☄️,нормас++,Аниме,,поп / поп-рок,
3) Army Of Lovers — Obsession (First Version),41:15,Rtur,донат,хорошечно+,,,поп,
4) Giga feat. Hatsune Miku — PLAY {Игра / Purei / プレイ},52:20,Sheruka,долг Х8🌋,атлична - -,,vocaloid,электронное,
5) DJ Sharpnel — Gate Openerz (Kanako Itou - Skyclad Observer; Remix) [VN; Opening Steins;Gate / Врата Штейна],1:08:10,egorkasprigorca,донат,нормас+,Игра,,электронное / разное / инструментал,
"6) Hiroyuki Sawano feat. mpi, Gemie & Yosh Morita — Barricades (Live) [OST; Attack on Titan Season 2 / Атака титанов 2]",1:19:15,DzenDish,долг Х8🌋,хорошечно+,Аниме,,поп-рок,
"7) Весёлые ребята — Не волнуйтесь, тётя {Don't worry, auntie}",1:29:40,RisideR,заказ,атлична,,,поп,
"8) 1999 Broadway Cast of Annie Get Your Gun feat. Bernadette Peters & Tom Wopat — Anything You Can Do (Irving Berlin feat. Ethel Merman & Ray Middleton - Anything You Can Do; Cover) [OST; Annie Get Your Gun / Хватай свою пушку, Энни!]",1:55:55,laitsberg,долг Х7🥀,гениально - -,Игра,cover,мюзикл/опера / джаз,
9) Stevie Wonder — I Just Called To Say I Love You [OST; The Woman in Red / Женщина в красном],2:06:15,ayl1es,заказ,атлична - -,Фильм,,поп,
10) Святая простота — Rondondon (Lil Jon & The East Side Boyz feat. Ying Yang Twins - Get Low; Cover),2:22:35,MeinJurer,донат,хорошечно,,"meme, cover",разное / электронное,
11) Yugo Kanno — cavaliere {Рыцарь / Knight} [OST; JoJo's Bizarre Adventure: Golden Wind / Невероятное приключение ДжоДжо: Золотой ветер],2:33:45,Kipyatocheck,долг Х6👻,нормас++,Аниме,,оркестровое / инструментал / рок,
12) Larval Stage Planning — Trip -Innocent of D- (Extended) [1 Opening High School DxD / Старшая школа DxD],2:47:55,wend1g,донат,нормас++,Аниме,,рок,
13) Yuka Kitamura — Epilogue [OST; Dark Souls III / Dark Souls 3],3:00:15,vovazavr89,долг Х5⚰️,хорошечно+,Игра,,оркестровое / инструментал,
14) KOTOKO — Namida no Chikai {Клятва слёз / Oath of Tears / 涙の誓い} [VN; Insert Song; Triangle Heart: Sweet Songs Forever / Треугольное сердце: Сладкие песни навсегда],3:12:45,egorkasprigorca,донат,нормас++,Игра,,поп,
15) Barry White & The Love Unlimited Orchestra — Love's Theme {Тема любви / Tema de Amor},3:25:50,GameCloser,долг Х4☠️,атлична - -,,,оркестровое / фанк / инструментал,
"16) Павел Смеян & Татьяна Воронина — Ветер перемен {Wind of Change} [OST; Mary Poppins, Goodbye / Мэри Поппинс, до свидания]",3:34:45,Boevaya_riba,донат,гениально - -,Фильм,,поп / оркестровое,
17) Koji Tamaki — Fanfare {Фанфара / Fanfāre / ファンファーレ} [OST; The Royal Family / Passing the Reins / Королевская семья],4:03:05,AndrLord,долг Х3💀,атлична,Фильм,,поп-рок,
18) Domitori Taranofu — Blues Stardust Flow(With Rain) (Mastered),4:12:45,Domitori Taranofu,донат,хорошечно - -,,original content,инди / инструментал,
19) Rob Zombie — Demon Speeding,4:25:20,GameCloser,долг Х2,атлична - -,,,метал,
"20) Татьяна Воронина — Цветные Сны [OST; Mary Poppins, Goodbye / Мэри Поппинс, до свидания]",4:32:45,Boevaya_riba,донат,хорошечно++,Фильм,,поп / оркестровое,
21) Chogakusei — I wanna be a KEMONO! {Хочу стать зверем / Kemono ni Naritai! / けものになりたい！},4:40:00,UnknownSekorsky,долг,хорошечно-,,,поп / электронное,
"22) Kevin Penkin — Dark Reg, Nightmare Fuel [OST; Made in Abyss / Созданный в бездне]",4:51:45,ТреньБрень,донат,атлична+,Аниме,ost,оркестровое / электронное / инструментал,
23) Tani Yuuki — Mouichido {Ещё раз / Again / Mou Ichido / もう一度},5:04:05,AndrLord,долг Х10☄️,хорошечно++,,,баллада / поп,
24) Yorushika — Aporia {Апория / Aporia / アポリア} [1 Ending Orb: On the Movements of the Earth / О движении Земли],5:15:10,trivia_holic,донат,гениально - -,,,инди / поп,
"25) Patina Miller, Liz Callaway, Sam Haft & Andrew Underberg — Sera's Confession [2 Insert Song; Hazbin Hotel Season 2 / Отель Хазбин 2]",5:26:05,zharik,долг Х9🌑,атлична,Фильм,,мюзикл/опера / оркестровое,
26) Kenshi Yonezu — LOSER {Неудачник / Rūzā},5:33:00,AndrLord,донат,атлична - -,,,поп-рок,
27) Queen — Killer Queen {Убийца-королева} (Remastered),6:01:45,Triple_AI; kumashisan,заказ,атлична,,,рок,
28) Ling Tosite Sigure — Sitai miss me,6:11:25,trivia_holic,донат,атлична,,,инди / рок,
29) Taku Iwasaki — soul-eater(reprise) [OST; Soul Eater / Пожиратель душ],6:33:00,Kipyatocheck,долг Х6👻,атлична,Аниме,,инди / рэп,
30) hide with Spread Beaver — ever free {Ever Free / エバーフリー} [1 Ending Danganronpa 3: The End of Hope's Peak High School - Hope Arc / Данганронпа 3: Конец школы надежды — Надежда],6:40:30,kumashisan,донат,гениально - -,,,инди / рок,
31) Giga & KIRA feat. Hatsune Miku & GUMI — GETCHA!,6:50:50,Sheruka,долг Х5⚰️,хорошечно++,,,электронное,
32) underscores — Do It,7:01:40,Matumbafan89,донат,атлична,,,электронное / инди,
33) Yorushika — Matasaburo {又三郎} (OFFICIAL VIDEO),7:21:10,mojhito5,долг Х4☠️,хорошечно++,,,поп-рок,
34) Kai Rosenkranz — Title Theme [OST; Gothic 3 / Готика 3],7:32:00,Raivenwar,донат,хорошечно++,Игра,ost,оркестровое / инструментал,
35) Poets of the Fall — Carnival of Rust (Official Video w/ Lyrics),7:40:25,Rtur,долг Х3💀,хорошечно,,,рок ,
36) HOYO-MiX feat. Hanazawa Kana — All the Best {Благополучия во всех начинаниях / Banji Junchō / 万事順調} (Трейлер персонажа Яо Гуан) [Honkai: Star Rail OST],7:48:40,laitsberg,донат,хорошечно,Игра,,инструментал / электронное / фолк,
37) Xandria — A Thousand Letters,7:56:40,Ликори,долг Х2,нормас++,,,метал / фолк,
37.5) Faryma.composer показывает свой трек написанный в 14 лет,8:08:00,Faryma.composer,,,,,,
38) BOOKER — Дом летающих кинжалов {House of Flying Daggers},8:15:00,ayl1es,донат,хорошечно+,,,рэп,
39) BABYMETAL & Slaughter to Prevail — Song 3 (OFFICIAL MUSIC VIDEO),8:24:20,Kirilicus; kumashisan,заказ,хорошечно,,,метал,
40) Culprate feat. Ekcle — Inside(Ekcle Edition) (Remix),8:37:05,Matumbafan89,донат,атлична+,,progressive,электронное / инструментал,
СТРИМ №201 (12.02.26),, ,,,,,,
ДОЛГОВОЙ,, ,,,,,,
1) Vangelis — La Petite Fille de la mer {Маленькая девочка моря / Little girl of the sea} (Remastered) [OST; L'Apocalypse des animaux / Апокалипсис животных],12:25,jilegalodon,заказ,атлична,,,баллада / инструментал / электронное,
2) Secret Garden — Appassionata,28:05,Rtur,долг Х10☄️,атлична - -,,,оркестровое / инструментал / баллада,
"3) Original Cast of Hadestown feat. Chris Sullivan, Nabiyah Be, Damon Daunno, Patrick Page & Amber Gray — Chant II (Live) [OST; Hadestown: The Myth. The Musical. / Хейдестаун: Миф. Мюзикл.]",37:45,Triple_AI,долг Х9🌑,гениально - -,Фильм,,мюзикл/опера / джаз / фолк  ,
4) Masayoshi Oishi — Gift {Подарок / Gifuto / ギフト} [1 Opening The Angel Next Door Spoils Me Rotten / Ангел по соседству меня балует],52:20,AndrLord; Ivan_Vitalyevich,заказ,атлична+,Аниме,,поп / джаз,
5) Linkin Park — Points Of Authority (Official HD Music Video),1:04:10,Static_Streams_,долг Х7🥀,хорошечно+,,,метал / рок,
6) Faouzia — Bad Dreams(Stripped),1:14:00,mage10; Enotishche,заказ,хорошечно+,,solo instrument,баллада / оркестровое / поп,
7) Kalafina — Natsu no Ringo {Летнее яблоко / The Apple of Summer / 夏の林檎},1:26:20,DzenDish,долг Х5⚰️,хорошечно,,,фолк / баллада,
8) HOYO-MiX feat. Makuri — To Where She Flies (Character Trailer - Columbina) [Genshin Impact OST],1:35:25,laitsberg,долг Х4☠️,хорошечно++,Игра,,оркестровое / баллада,
9) Les Rallizes Dénudés — Enter the Mirror (2022 Remastered; Live),2:08:45,Shmatok,долг Х3💀,атлична - -,,experimental,инди ,
"10) Christian Borle, Sam Haft & Andrew Underberg — Brighter (Sing-Along) [OST; Hazbin Hotel Season 2 / Отель Хазбин 2]",2:33:05,Monstrrro,долг Х2,хорошечно-,Фильм,,мюзикл/опера / рок,
11) UNISON SQUARE GARDEN — Tettoutetsubi Yonayona Drive {Ночь Пробуждения / Night of Awakening / 徹頭徹尾夜な夜なドライブ} (20th Anniversary; Live),2:48:35,Triple_AI; kumashisan,заказ,атлична-,,,поп-рок / джаз,
12) Sub Urban — Cirque (Official Music Video),3:01:25,кундалини,долг Х10☄️,хорошечно+,,,поп / инди,
13) Hiroyuki Sawano feat. SennaRin — REVIVƎЯ-Lv.1007 {REVIVER-Lv.1007} [OST; Solo Leveling Season 2: Arise from the Shadow / Поднятие уровня в одиночку 2: Восстаньте из тени],3:10:30,Enotishche,долг Х9🌑,атлична,Аниме,,баллада / оркестровое,
14.0) Аня разносит обложку трека из аниме Dragon Raja;,3:17:15,Faryma.designer,,,,,,
14) Hiroyuki Sawano feat. SennaRin — IVORY TOWER (+ Аня разносит обложку альбома) [1 Opening Dragon Raja -The Blazing Dawn- / Дракон Раджа],3:27:45,DzenDish,долг Х8🌋,хорошечно-,Аниме,,поп-рок,
15) Elbow — Grounds For Divorce,3:36:05,Rtur,долг Х7🥀,атлична-,,,инди / поп-рок,
16) Toby Fox — Dummy! [Undertale OST],3:45:10,Eagler,долг Х6👻,атлична - -,Игра,,электронное / джаз / инструментал,
17) Eric W. Brown — The Storm Calls For You! [Sea of Stars OST],3:51:05,SinWarlock,долг Х5⚰️,нормас-,Игра,,инструментал,
"18) Sarah Brightman, Gary Martin & Bogdan Kominowski — Everything's Alright (Jesus Christ Superstar Original Studio Cast feat. Yvonne Elliman, Murray Head & Ian Gillan - Everything's Alright) [OST; Jesus Christ Superstar / Иисус Христос — суперзвезда]",3:58:05,Rtur,долг Х4☠️,хорошечно,,,мюзикл/опера / рок,
19) Thank You Scientist — Mr. Invisible,4:12:15,Hantrik,долг Х3💀,атлична-,,progressive,рок / джаз,
20) Queen — Innuendo (Remastered),4:29:25,TRISSAR; Static_Streams_,долг Х2,атлична - -,,progressive,рок / фолк,
21) Akiyuki Morimoto — Earth-Piercing Bolt - Rey Dau {Пронзающий землю лазурный гром / Daichi o Tsuranuku Aoki Kaminari / 大地を貫く蒼き雷} (Battle Theme) [Monster Hunter Wilds OST],4:45:15,SinWarlock,долг,хорошечно++,Игра,,оркестровое / инструментал,
СТРИМ №200 (7.02.26),, ,,,,,,
1) Hadouken! — Rebirth,16:35,Rtur,донат,хорошечно,Аниме,,электронное / рок ,
2) t.A.T.u. — Я сошла с ума {Ya soshla s uma / I've gone crazy},27:00,upucka18,заказ,нормас++,,,поп / электронное,
3) Eve — Kaikai Kitan {Kaikaikitan / 廻廻奇譚} [1 Opening Jujutsu Kaisen / Магическая битва],43:50,AndrLord,донат,атлична - -,Аниме,,поп-рок,
4) ДДТ — Крыса {Rat} (Аудио),57:40,AnacondaShiFi,долг Х8🌋,атлична+,,,инди / рэп,
5) black midi — Welcome to Hell,1:11:40,Drusas,донат,гениально - -,,progressive,инди / рок,
6) Бонд с кнопкой feat. Детский хор Выксы — Любовь {Love},1:23:30,randerban,заказ,атлична,,,инди / баллада,
7) Humbreaders — Ginga Kousoku {Галактическое шоссе / Galaxy Highway / 銀河高速} (THE FIRST TAKE),1:34:40,kumashisan,донат,хорошечно - -,,,рок,
8) The Stranglers — Golden Brown (Slowed Down Version),2:06:45,ayl1es,заказ,хорошечно+,,remix,инди / баллада,
9) Sān-Z & HOYO-MiX feat. Ashley Alisha — Tiny Giant (Zhao EP) [Zenless Zone Zero OST],2:21:10,laitsberg,долг Х6👻,хорошечно-,Игра,,поп / фанк,
10) Focus — Hocus Pocus (Live; The Midnight Special),2:29:45,Hamsterslayer,донат,атлична,,,инди / рок,
"11) Jorge Rivera-Herrans, Ayron Alexander & Cast of EPIC: The Musical — Hold Them Down",2:45:10,Triple_AI,долг Х5⚰️,хорошечно,,,мюзикл/опера,
12) Sabi-tyan feat. Jackie-O — Tiny Giant (Sān-Z & HOYO-MiX feat. Ashley Alisha - Tiny Giant; Cover) [Zenless Zone Zero OST],2:53:55,laitsberg,донат,нормас++,Игра,,поп,
13) JAMIL — The Rock City Boy [8 Opening Fairy Tail / Хвост Феи],3:03:30,кундалини,долг Х4☠️,хорошечно-,Аниме,,поп-рок / рэп,
14) Ludvig Forssell feat. Troy Baker — One Last Fight Pt.2 [Death Stranding 2: On The Beach OST],3:13:25,Влад Горшков,донат,атлична - -,Игра,,оркестровое / метал / ,
15) Ludvig Forssell — One Last Fight Pt.3 [Death Stranding 2: On The Beach OST],3:21:30,Влад Горшков,донат,атлична - -,Игра,,оркестровое / метал / инструментал,
16) Kenshi Yonezu — IRIS OUT (Live; 76th NHK Kouhaku Performance) [OST; Chainsaw Man – The Movie: Reze Arc / Человек-бензопила. Фильм: История Резе],3:46:25,Sendy Polaris,долг Х3💀,атлична - -,Аниме,,поп,
17) Illdisposed — To Be Dealt With,3:56:50,MeinJurer,донат,хорошечно-,,,метал,
18) Virtual Riot — Preset Junkies VIP,4:10:10,Verzweiflung12,заказ,атлична - -,,,электронное,
19) JASE — Стена {Wall},4:19:35,Kupuk,донат,ну такое++,,,метал,
20) DJ Sharpnel — Blue Army (angela - Separation; Remix) [1 Ending Fafner in the Azure: Dead Aggressor / Небесный Фафнир: Мёртвый агрессор],4:40:20,arantear,долг,ну такое++,,,электронное,
21) Xlibunka — rorrim_2048-2f,4:54:00,Xlibunka,донат,ну такое++,,,оркестровое / инструментал,
22) 2rbina 2rista — Листики {Leaves},5:22:50,arantear,донат,хорошечно,,reverse,инди / рэп,
"23) madk1d, greyrock & tewiq — MARTINE ROSE",5:37:20,ayl1es,донат,нормас++,,reverse,рэп,
"24) JackLooney — Черви {Worms} (Клип, 2020 год)",5:52:50,wend1g,донат,ну такое++,,,рэп,
25) Глад Валакас — Сатана Могила {Satan Grave},6:02:05,Verzweiflung12,донат,кринж-контент,,reverse,разное,
26) Mizuki — Ai Scream! {Любовь♡Крик / Ai♡Scream! / 愛♡スクリ～ム!} (AiScReam - Ai♡Scream!; Cover) [Character Song; Love Live! / Живая любовь!],6:15:15,laitsberg,донат,ну такое++,,reverse,поп,
27) Utsu-P feat. Kasane Teto — Kuchisake {口裂け},6:36:10,HourlyRaptor7,донат,хорошечно++,,reverse,метал,
27.5) Faryma.composer о создании своего псевдонима + общение с чатом,7:02:15,Faryma.composer,,,,,,
28) DJ Blyatman & Russian Village Boys — CYKA BLYAT {Сука блядь} (Official Music Video),7:17:35,SirVokrich,донат,нормас++,,reverse,электронное / поп,
29) Мой Друг Трактор — Басмачи,7:31:10,AnToteKote,донат,нормас+,,reverse,инди / фолк,
29.5) Faryma.composer общается с чатом,7:50:30,Faryma.composer,,,,,,
30) НЕ ЗАПОМИНАЙ — План Бухастера был провальным {Bukhaster's plan was a failure} (JF Voice - ЭКСПЕРИМЕНТ НЕ БЫЛ ПРОВАЛЬНЫМ; Cover) (посвящённая Гастеру из игры Undertale),8:19:40,EpicFire,донат,ну такое++,,reverse,разное / электронное,
СТРИМ №199 (5.02.26),, ,,,,,,
ДОЛГОВОЙ,, ,,,,,,
1) CHANSUNG(2PM) & AK-69 feat. Changmin Lee — Into the Fire [1 Opening Re:Monster / Перерождение: Монстр],21:40,DzenDish,долг Х10☄️,ну такое++,Аниме,,рок,
2) Linkin Park — Papercut (Official HD Music Video),35:55,Static_Streams_,заказ,атлична - -,,,рок / метал,
3) Людмила Сенчина — День рождения {Birthday} (Алексей Максимов - День рождения; Cover),48:05,Rtur,заказ,хорошечно++,,,баллада / поп,
4) Jeremy Jordan & Christian Borle — VOX POPULI (Sing-Along) [OST; Hazbin Hotel Season 2 / Отель Хазбин 2],1:09:55,Triple_AI,долг Х9🌑,атлична-,Фильм,,мюзикл/опера,
5) The Prodigy feat. Tom Morello — No Man Army,1:23:30,meganekka,заказ,атлична - -,,,инструментал / рок / электронное,
6) Jesse Cook — Tempest,1:35:55,Rtur,долг Х7🥀,хорошечно-,,,фолк ,
7) Juicer — Monologue of Three [Path to Nowhere OST],1:44:50,laitsberg,долг Х6👻,хорошечно-,Игра,,мюзикл/опера,
8) The Moon And The Nightspirit — Égnyitó {На вихрящемся небосводе / Upon The Whirling Welkin},2:09:10,SinWarlock,долг Х5⚰️,атлична - -,,,фолк / баллада,
9) Mike Hawkins & JETFIRE — Desert Storm (Original Mix),2:21:20,Rtur,долг Х4☠️,хорошечно-,,,электронное / инструментал,
10) Imagine Dragons — Dream,2:33:10,Boevaya_riba,долг Х3💀,атлична - -,,,поп-рок,
11) Leo/need feat. Ichika Hoshino & Hatsune Miku — Roku-chou Nen to Ichiya Monogatari {Шесть триллионов лет и одна ночная история / Six Trillion Years and One Night's Story / 六兆年と一夜物語} (kemu feat. IA - Roku-chou Nen to Ichiya Monogatari; Cover) [OST; Project SEKAI Colorful Stage! feat. Hatsune Miku],2:54:55,Акума,заказ,хорошечно+,,,поп / электронное,
12) Alcest — L'Envol (OFFICIAL MUSIC VIDEO),3:09:15,Hantrik,долг Х2,хорошечно++,,,инди / рок,
13) Муслим Магомаев — Синяя вечность {Blue Eternity} (Live),3:22:05,Влад Горшков,долг,атлична+,,,оркестровое / баллада,
14) w-inds. — Be As One [6 Ending Fairy Tail / Хвост Феи],3:43:00,DzenDish,долг Х10☄️,нормас+,Аниме,,поп,
15) Sweat Police — Arc,3:53:45,QuestingLion,заказ,атлична,,,электронное,
16) Austin Wintory — I Was Born for This [Journey OST],4:03:45,Noveske,долг Х8🌋,атлична+,,,,
16.5) Faryma.composer импровизирует на тему оркестра + показывет инструменты библиотеки,4:12:10,Faryma.composer,,,,,,
СТРИМ №198 (31.01.26),, ,,,,,,
1) Utsu-P feat. GUMI — The Magic of the Massacre {Магия резни / Minagoroshi no Magic /  Minagoroshi no Majikku / 皆殺しのマジック},12:05,WalkingSpeed,донат,хорошечно+,,,метал,
2) BACK-ON — STRIKE BACK [2/16 Opening Fairy Tail (2014) / Хвост Феи 2],29:50,DzenDish,долг Х9🌑,нормас+,Аниме,,поп-рок / рок,
3) Hana — Shuumatsu no Bishou {Финальная улыбка / The Final Smile / 終末の微笑} [VN; Ending Wonderful Everyday / Subarashiki Hibi ~Furenzoku Sonzai~ / Чудесные дни ~Прерывистое существование~],43:50,egorkasprigorca,донат,хорошечно-,Игра,,инди / рок,
4) The Moody Blues — A Simple Game,1:01:25,Alan008,долг Х8🌋,атлична-,,,поп-рок ,
5) Aiobahn feat. Yui Makino — non-reflection (Official Music Video),1:12:40,wend1g,донат,атлична,,,электронное / поп,
6) C418 — Subwoofer Lullaby [OST; Minecraft / Майнкрафт],1:22:30,oppux,заказ,атлична,Игра,,инструментал / баллада / электронное,
7) Hiroyuki Sawano feat. mizuki — CRY (NHK Edition) [1 Opening Legend of the Galactic Heroes: Die Neue These / Легенда о героях Галактики: Новый тезис. Встреча],1:33:50,DzenDish,долг Х7🥀,хорошечно,Аниме,,поп-рок / баллада,
8) Любовь которая поёт — Мяу мяу {Meow meow},1:47:15,lilzvezda,донат,нормас++,,,поп,
9) Yelzhar — Summer Holidays,2:21:30,Ельжар Жакиянов,долг Х6👻,нормас - -,,original content,оркестровое / инструментал,
10) Warrant — Mr. Rainmaker,2:40:10,MeinJurer,донат,хорошечно++,,,метал,
11) Terry Zhong feat. Eileen Marine — Catch Me If You Can (Lynae EP) [Wuthering Waves OST],2:52:40,laitsberg,долг Х5⚰️,нормас++,Игра,,электронное / поп,
12) DJ Sharpnel — Mmmmmmm,3:06:30,egorkasprigorca,донат,хорошечно,,,электронное ,
13) ICHIGORINAHAMU — ZONE BRRN {Вдоволь / Enough / Zonbun / 存分},3:37:00,Sheruka,долг Х4☠️,гениально - -,,,электронное / поп,
14) Connor Kauffman — Bleed,3:51:15,hhiroko,донат,хорошечно++,,,рок / поп-рок,
15) AC/DC — Thunderstruck (Official Video),4:01:05,upucka18,заказ,гениально,,,рок,
16) Kano — Walk This Way! [Osu! OST],4:15:10,egorkasprigorca,донат,хорошечно - -,Игра,,поп-рок,
17) Chevon — Banquet (Music Video),4:52:45,AndrLord,долг Х2,атлична,,,поп-рок,
"18) Прохор Шаляпин — Красиво жить {To Live Beautifully} (автор — Алексей Малахов, премьера 2025)",5:07:05,ayl1es,донат,ну такое++,,,поп / рэп,
19) Derek Duke — Urzael [OST; Diablo III: Reaper of Souls / Diablo 3: Reaper of Souls],5:18:40,SinWarlock,долг,нормас++,Игра,,оркестровое / инструментал,
20) LUDOMUSIC — Депнул батарейку (Жуки - Батарейка; Cover),5:28:10,Влад Горшков,донат,хорошечно,,,поп,
21) Anju Inami — One More Sunshine Story (Сэйю Chika Takami from Aqours) [Character Song; Love Live! Sunshine!! / Живая любовь! Сияние!!],5:38:15,Ivan_Vitalyevich,долг Х9🌑,атлична+,Аниме,,оркестровое / джаз,
22) ЯРЦЕВ — Призрак ночи {Phantom of the Night},5:53:10,Андрей Ярцев,донат,нормас-,,,оркестровое / инструментал,
23) DJ Sharpnel — Over The Fullereneshift (Utada Hikaru - Sakura Nagashi; Remix) [Ending Evangelion: 3.0 You Can (Not) Redo / Евангелион: 3.0 Ты (не) исправишь],6:24:35,egorkasprigorca,долг Х8🌋,нормас++,,,электронное ,
24) Imagine Dragons — Real Life,6:38:55,Boevaya_riba,донат,хорошечно,,,поп-рок,
25) ZUTOMAYO — KUZURI {Kuzuri Nen / クズリ念},6:52:20,vio_kim; svd_bb,заказ,атлична,,,инди / поп,
26) Kärtsy Hatakka & Kimmo Kajasto — Main Theme [Max Payne OST],7:07:05,GameCloser,донат,хорошечно,Игра,,инструментал / оркестровое / баллада,
27) Vickeblanka — Winter Beat,7:25:00,Ivan_Vitalyevich,долг Х6👻,хорошечно++,,,оркестровое / поп,
27.5) Faryma.composer говорит с чатом о всяком #1,7:35:15,Faryma.composer,,,,,,
28) UNISON SQUARE GARDEN — Uruwashi {うるわし} [1 Opening In the Clear Moonlit Dusk / Прекрасная вечерняя луна],7:48:15,kumashisan,донат,хорошечно++,Аниме,,поп-рок,
28.1) Faryma.composer говорит с чатом о всяком #2,8:04:20,Faryma.composer,,,,,,
28.2) Faryma.composer сватует чат на стриме #10,8:53:00,Faryma.composer,,,,,,
СТРИМ №197 (29.01.26),, ,,,,,,
ДОЛГОВОЙ,, ,,,,,,
1) Midnight Grand Orchestra — Igniter (Music Video),16:40,Madao,заказ,хорошечно+,,,электронное / поп,
2) ZUTOMAYO — Medianoche {Полночь / Midnight / メディアノーチェ},31:50,ansmit,заказ,атлична,,,инди / поп-рок / электронное,
3) Osaka Shunkashuto — NO-LIMIT [3/25 Opening Fairy Tail: Final Series / Хвост Феи: Финал],46:00,DzenDish,долг Х9🌑,атлична - -,Аниме,,поп-рок / рок,
4) KOTOKO — Kono Aozora ni Yakusoku o - Allegretto ~Sora to Kimi~ {Обещание этому синему небу - Аллегретто ~Небо и ты~ / A Promise to This Blue Sky - Allegretto ~The Sky and You~ / Allegretto～そらときみ～} [VN; Opening Kono Aozora ni Yakusoku o / Обещание этому синему небу],58:40,egorkasprigorca,долг Х8🌋,нормас++,Игра,,поп / электронное,
5) Hiroyuki Sawano feat. Uru — Binary Star [1 Opening Legend of the Galactic Heroes: Die Neue These / Легенда о героях Галактики: Новый тезис. Встреча],1:19:30,DzenDish,долг Х7🥀,нормас++,Аниме,,баллада / поп / поп-рок,
6) Ado — Odoru Ponpokorin {Танцующий Понпокорин / Dancing Ponpokorin / おどるポンポコリン} (B.B.Queens - Odoru Ponpokorin; Cover) [Opening Chibi Maruko-chan / Малышка Маруко],1:37:40,AnonymousAdomin,долг Х6👻,хорошечно,Аниме,,поп / электронное,
7) Hagali feat. Machi*α — Zephyr on a Silent Hill (English Arrange Ver.),2:06:50,s0nezzfest,долг Х5⚰️,хорошечно-,,,инди / баллада,
8) Shiyui — Love Call {Зов любви / Call of love / Rabu Kōru / ラブコール} (Prod by DECO*27) [2 Opening Undead Unluck / Нежить и неудача],2:35:10,AndrLord; Ivan_Vitalyevich,заказ,хорошечно++,Аниме,,поп-рок / метал,
9) Guiano — Sekai no Shikumi {Механизм мира / Mechanism of the world / せかいのしくみ},2:44:50,AnonymousAdomin,долг Х3💀,атлична,,,инди / поп / электронное,
"10) Yoshimasa Terui — No Hesitation [OST; Jujutsu Kaisen: Hidden Inventory/Premature Death, The Shibuya Incident / Магическая битва: Пагубный талант/Таланты умирают молодыми, Инциндент в Сибуе]",2:53:05,hhiroko,долг Х2,атлична - -,Аниме,progressive,инди / поп-рок,
"11) Geordie Greep — Holy, Holy",3:03:30,Matumbafan89,долг,гениально,,progressive,инди / джаз / мюзикл/опера,
12) KOTOKO — Just as time is running out [VN; Opening GiriGiri Love / Гиригири Лав],3:22:00,egorkasprigorca,долг Х9🌑,нормас++,Игра,,электронное / поп,
13) Aeterna — Мёд Одина {Odin's Mead} (Official Music Video),3:38:30,SinWarlock,долг Х8🌋,нормас - -,,,метал / фолк,
13.5) Faryma.composer о блогерах,3:54:50,Faryma.composer,,,,,,
14) Cornelius — Star Fruits Surf Rider,3:57:55,Sheruka,долг Х7🥀,гениально-,,,инди / электронное ,
15) Slaughter to Prevail — Behelit (AMV from Berserk),4:16:55,DzenAko,заказ,хорошечно - -,,,метал,
16) Grabbitz feat. Casey Lee Williams — Running For Your Life (Lupa Theme) [Wuthering Waves OST],4:29:25,laitsberg,долг Х5⚰️,хорошечно++,Игра,,электронное / поп,
17) Hiroyuki Sawano feat. mizuki — A/Z [1 Ending Aldnoah.Zero / Альдноа.Зеро],4:41:40,DzenDish,долг Х4☠️,хорошечно,Аниме,,поп-рок,
17.5) Faryma.composer смотрит музыкальные заметки от Фредди Меркьюри,4:55:55,Faryma.composer,,,,,,
"18) Masafumi Takada feat. TKDz2b, The 49ers, Tribeca & Natalie Oliveri — Never Say Never [1 Opening Danganronpa: The Animation / Школа отчаяния / Данганронпа: Школа надежды и безнадёжные школьники]",4:58:30,Sammy Willbur,долг Х3💀,хорошечно+,Аниме,,инди,
СТРИМ №196 (25.01.26),, ,,,,,,
БЛАГОТВОРИТЕЛЬНЫЙ,, ,,,,,,
1) Ранетки — Моя жизнь {Жить моей жизнью / Live My Life / Ti Parlo di Me} (Elisa Rosselli - Live My Life; Cover) [OST; Winx Club / Клуб Винкс],11:35,Sadierre,очередь,ну такое++,Фильм,cover,поп,
2) Azumi Takahashi — Kimi no Kioku -Reload- {Воспоминания о тебе / Memories of you / キミの記憶} [Persona 3 Reload OST],24:15,@Kaizzoku_Gari,очередь,хорошечно,Игра,,фанк / поп,
3) The Black Eyed Peas — Let's Get It Started,38:25,Cybrex,очередь,атлична,,,рэп / поп,
4) Mabel Matiz — Fırtınadayım {Я в шторме} (Sözleri/English lyrics) [OST; Kingfisher / Зимородок],49:05,@Sadly_Sevda,очередь,хорошечно+,Фильм,,фолк / инди / баллада,
5) YOASOBI — The Blessing {Благословение / Shukufuku / 祝福} [1 Opening Mobile Suit Gundam: The Witch from Mercury / Мобильный воин Гандам: Ведьма с Меркурия],59:45,@Diart421,очередь,хорошечно+,Аниме,,поп / электронное,
6) BTS — Not Today,1:13:10,@Dasha_Yarc,очередь,хорошечно - -,,,поп / электронное,
7) Yorushika — That’s Why I Gave Up on Music {Поэтому я бросил музыку / Dakara Boku wa Ongaku o Yameta / だから僕は音楽を辞めた},1:27:45,@hatewilln3verwin,очередь,атлична,,,поп / баллада,
"8) Zakviel — Анархия {Anarchy} (премьера клипа, 2020; prod. erlish)",1:56:55,@mexarchik,очередь,кринж-контент++,Игра,,рэп,
9) Baby Cute — money flow,2:07:15,@Pavuche_k,очередь,нормас+,,,рэп,
10) Jerry Heil — CATHARTICUS(prayer) (Eurovision 2026 Ukraine),2:20:55,@SakhnovshchynaSchoolAlbum,очередь,атлична - -,,,поп / фолк / баллада,
11) Kenya Grace — Strangers (Official Lyric Video),2:32:55,Boevaya_riba,очередь,нормас++,,,поп / электронное,
12) Vickeblanka — Black Catcher (Full Version) [10 Opening Black Clover / Черный клевер],2:43:10,@Arseniy5348,очередь,гениально - -,Аниме,,поп-рок,
"13) dai & Luck Ganriki feat. Nei Kino — Raion Iwaku Hoeyo Tikuwa {The lion said: Roar, Chikwa / Meeting the Shrine Lion / Raion Iwaku Hoero yo Chikuwa / ライオン曰く吼えよチクワ} [OST; Higurashi: When They Cry / Когда плачут цикады]",2:56:40,Monstrrro,очередь,атлична,Игра,,оркестровое / джаз / инди,
14) Nujabes feat. Clammbon — Imaginary Folklore (Clammbon - Folklore; Remix),3:23:15,inferno_giza,очередь,атлична+,,,джаз / инди / баллада,
15) BPM15Q & 4s4ki — ReDreaming Angel (Angels of Delusion / Ангелы наваждения EP) [Zenless Zone Zero OST],3:38:50,@Baobab123453,очередь,атлична - -,Игра,,электронное / поп,
16) Zhong Yuheng — Manipulator {Манипулятор / Manipulator /《時光代理人 英都篇》劉梟角色曲} (character preview song) [OST; Link Click: Bridon Arc / Агент времени: Глава о британской столице],3:50:45,@jamatar,очередь,нормас++,Аниме,,поп / джаз,
17) monet — Kagami no Sekai ni wa Watashi shika Inai -another version- {В зеркальном мире только я / There's only me in the mirror world / 鏡の世界には私しかいない– another version –} [VN; Ending Wonderful Everyday / Subarashiki Hibi ~Furenzoku Sonzai~ / Чудесные дни ~Прерывистое существование~],4:04:00,Андрей,очередь,нормас++,Игра,,инди / рок,
18) Survive Said The Prophet feat. Masato of Coldrain — Speak of the Devil [1/7 Ending Fire Force Season 3 Part 2 / Пламенная бригада пожарных: Третья глава. Часть 2],4:19:25,@stepahska228,очередь,хорошечно - -,Аниме,,метал,
19) Hurts — Mercy,4:25:45,@kovitalich,очередь,хорошечно++,,,электронное / инди,
20) The Oral Cigarettes — 5150,4:38:05,arantear,очередь,хорошечно+,,,рок / инди,
21) Snap! feat. Turbo B — The Power,4:50:50,Napporaivo,очередь,хорошечно-,,,электронное / инди / поп,
22) Domitori Taranofu — Sakura Life,5:08:20,Domitori Taranofu,очередь,нормас+,,,баллада / поп,
23) Slipknot — Purity (With Lyrics),5:27:25,Daymis_,очередь,хорошечно,,,метал,
23.5) Faryma.composer сватует чат на стриме #9,5:38:50,Faryma.composer,,,,,,
СТРИМ №195 (24.01.26),, ,,,,,,
1) Martin Severn — Nuclear Silence [OST; Warzone 2100],9:45,General PunisheR,донат,нормас++,Игра,,баллада / электронная,
2) Rina Aiuchi — MAGIC [27 Opening Detective Conan / Детектив Конан],21:10,DzenDish,долг Х8🌋,нормас+,Аниме,,поп / баллада,
3) Hecate Music — Silent Witch {Молчаливая Ведьма / Chinmoku no Majo / 沈黙の魔女} (Yoshihisa Kato - Chinmoku no Majo; Epic Orchestral Cover) [OST; Secrets of the Silent Witch / Молчаливая ведьма: Тайна молчаливой колдуньи],33:40,Gagabu,донат,ну такое+,Аниме,cover,оркестровое,
4) Mrs. GREEN APPLE — Kyoshinsho {Сердечный приступ / Heart attack / 狭心症} (RADWIMPS - Kyoshinsho; Cover),44:50,ansmit,долг Х7🥀,атлична+,,cover,инди / поп-рок,
5) RIOT — Metalicious,58:50,arantear,донат,хорошечно,,,метал / электронная,
6) Kohmi Hirose — Groovy! [1 Ending Cardcaptor Sakura / Сакура — собирательница карт],1:15:35,lacew8i8ng,долг Х6👻,атлична,Аниме,,поп / фанк,
7) Cephalectomy — The Igniting Tempest,1:27:50,MeinJurer,донат,нормас+,,,метал,
8) Ai Mori feat. Astra Yao — Stars Align (Evelyn EP) [Zenless Zone Zero OST],1:44:20,laitsberg,долг Х5⚰️,нормас++,Игра,,баллада / поп ,
9) Reol — Asymmetry {Асимметрия / Ashimmetorī / アシンメトリー} (Giga feat. Kagamine Rin - Asymmetry; Cover),2:15:10,arantear,донат,хорошечно++,,,электронное / поп,
"10) Shinsei Kamattechan — Shinitai Himawari {Подсолнух, который хочет умереть / The Sunflower That Wants to Die / 死にたいひまわり}",2:31:05,Shmatok ,долг Х4☠️,гениально - -,,,инди,
11) ROME — Swords to Rust - Hearts to Dust,2:43:45,Rtur,донат,атлична-,,,фолк,
12) Hiroyuki Sawano feat. mizuki — &Z [2 Opening Aldnoah.Zero / Альдноа.Зеро],2:52:50,DzenDish,долг Х3💀,хорошечно,Аниме,,поп-рок / баллада,
13) Javi Medina — Personas,3:06:05,SirVokrich,донат,хорошечно - -,,,фолк,
14) Awich & ALI — Golden Horizon {Золотой горизонт / Ōgon no Kanata / 黄金の彼方} [1/5 Opening Golden Kamuy Final Season / Золотое божество: Финал],3:16:40,AndrLord,долг Х2,атлична+,Аниме,,инди / фолк /рэп,
15) AWOLNATION — Sail (Official Music Video),3:30:55,wend1g,донат,нормас++,,,поп / инди,
16) The Chemical Brothers — Rize Up,3:58:35,Rtur,долг,нормас++,,,электронное / инструментал,
"17) нееет, ты что — Шабан {Shaban}",4:09:10,SirVokrich,донат,атлична-,,experimental,джаз / фолк / инди,
18) Yuuhei Satellite feat. senya — Higanbana ～Scarlet Ver.～ {Хиганбана Алая Вер. / Higanbana Scarlet Ver. / 彼岸花～Scarlet Ver.～} (ZUN - Higan Retour ~ Riverside View; Remix) [OST; Touhou 9: Phantasmagoria of Flower View / Touhou Kaeizuka ～ Phantasmagoria of Flower View],4:20:50,egorkasprigorca,долг Х8🌋,нормас-,,,поп-рок,
19) Hudson Lee feat. Frequent & Alexander Panos — Curve This,4:33:35,Matumbafan89,донат,гениально-,,progressive,электронное / инди,
20) Алёна Беседа — Tabi No Tochuu  {В пути / Tabi no Tochū / 旅の途中} (Natsumi Kiyoura - Tabi No Tochuu; RUS Cover) [1 Opening Spice and Wolf / Волчица и пряности],4:49:40,vovazavr89,долг Х7🥀,хорошечно-,Аниме,cover,фолк / баллада,
21) Sophus Alf feat. Troels Rohde Jørgensen — Horrors of Hoxxes [Deep Rock Galactic OST],4:57:10,UnknownSekorsky,донат,хорошечно-,Игра,,электронная / инструментал,
22) Trans-Siberian Orchestra — Mephistopheles' Return,5:05:00,Rtur,долг Х6👻,ну такое++,,,мюзикл/опера / рок,
23) Kit Sebastian — Yeter,5:19:15,SirVokrich,донат,атлична - -,,,инди / поп / фолк,
24) Nobuo Uematsu — Quina's Theme {クイナのテーマ} [OST; Final Fantasy IX],5:48:50,SinWarlock,долг Х5⚰️,хорошечно+,Игра,,электронное / фолк / инструментал,
25) King & Prince — Theater (MV Parallel reel),5:56:10,AndrLord,донат,хорошечно,,,поп / фанк,
26) Sān-Z & HOYO-MiX feat. Shiding Su — Almost {Почти / Bùjí / 不及} [Zenless Zone Zero OST],6:05:35,laitsberg,долг Х4☠️,хорошечно,Игра,,поп / баллада,
"27) devalon — Zoa, Princess of R'lyeh [OST; Black Souls II]",6:15:25,wend1g,донат,кринж-контент+,Игра,,оркестровое / инструментал,
28) ClascyJitto — World Wide Noise [Pizza Tower OST],6:25:25,eurodance_with_cat,заказ,хорошечно+,Игра,,электронное / инди / инструментал,
29) Eluun — SOULCHILD,6:33:45,Rtur,долг Х3💀,хорошечно++,,progressive,электронное / инструментал,
30) Rammstein — Keine Lust {Нет желания},6:42:10,Алёшенька,донат,хорошечно,,,метал,
31) UNISON SQUARE GARDEN — fake town baby [1/2 Opening Blood Blockade Battlefront & Beyond / Фронт кровавой блокады 2],6:54:35,Triple_AI; kumashisan,заказ,атлична - -,Аниме,,рок,
32) HOYO-MiX — Rerir Boss Theme(All Phases) (Blasphemy Against Death) [Genshin Impact OST],7:09:55,EpicFire,донат,нормас-,Игра,,оркестровое / фолк / инструментал,
33) ONIMAI SISTERS — Himegoto*CriSisters {HimegotoCriSisters / ひめごとクライシスターズ} [1 Ending Onimai: I'm Now Your Sister! / Мой братик теперь не братик!],7:26:40,wend1g,долг,хорошечно,Аниме,,поп / электронное ,
34) Satoshi Ashikawa — Still Space,7:42:05,SirVokrich,донат,хорошечно+,,ambient,электронное / инструментал,
СТРИМ №194 (23.01.26),, ,,,,,,
 Сборник треков от TOOBOE,, ,,,,,,
0.5) Описание сборника от Xlibunka,4:20,Xlibunka,заказ,,,,,
1) TOOBOE — purple {紫 / Murasaki},7:40,Xlibunka,заказ,атлична - -,,,инди,
2) TOOBOE — funny {Странный / Hen / 変},22:15,Xlibunka,заказ,хорошечно++,,,инди / электронное,
3) TOOBOE — Wednesday,35:35,Xlibunka,заказ,атлична,,,инди / фанк,
4) TOOBOE — Darwin {Дарвин / Dāwin / ダーウィン},45:10,Xlibunka,заказ,атлична,,,поп ,
5) TOOBOE — Himawari {Подсолнух / Sunflower / 向日葵},57:15,Xlibunka,заказ,хорошечно++,,,инди,
6) TOOBOE — blue monday {Синий понедельник / Burū Mandē / ブルーマンデー},1:09:35,Xlibunka,заказ,атлична,,,поп,
7) TOOBOE — Memai {Головокружение / Воспоминания / Dizziness / 目眩},1:21:35,Xlibunka,заказ,хорошечно++,,,поп ,
8) TOOBOE — Hakuai {Всеобщая любовь / Universal love / benevolence / 博愛},1:31:35,Xlibunka,заказ,гениально - -,,,поп,
9) TOOBOE — oxygen,1:51:05,Xlibunka,заказ,атлична - -,,,инди / поп,
9.5) Faryma.composer общается с чатом,2:06:20,Faryma.composer,,,,,,
10) Domitori Taranofu — Soft Rain,2:24:00,Domitori Taranofu,долг Х2,нормас,,,инструментал / инди / баллада,
"11) Intensive Evening — Спасение {Salvation} (Official Audio, 2026)",2:40:00,Static_Streams_,заказ,нормас - -,,,метал,
12) Pegboard Nerds — Try This [Just Shapes & Beats OST],2:59:40,arantear,долг,хорошечно - -,Игра,,электронное / инструментал,
13) Beridok — Orc Dungeon - Road to Underworld [Royal Quest OST],3:10:55,agaton006,заказ,ну такое++,Игра,,инструментал / рок / электронное,
14) tuki. — Song of Life {Песня жизни / Hymn to life / Jinsei Sanka / 人生讃歌} [OST; Orokamono no Mibun / Baka's Identity / Статус дурака],3:17:40,AnonymousAdomin,долг Х7🥀,хорошечно++,Фильм,,поп / оркестровое / поп-рок / баллада,
14.5) Faryma.composer о опыте с ИИ,3:29:40,Faryma.composer,,,,,,
15) Shokran — Khonsu: The Traveler from Thebes,3:32:05,Бывший Аноним,долг Х6👻,хорошечно+,,,метал,
16) Tim Follin & Geoff Follin — Plok's Theme (Title Music) [Plok! OST],4:05:10,MacTepOk,долг Х5⚰️,хорошечно+,Игра,,электронное / инструментал / фолк,
17) VIXX — Chained up {사슬},4:18:35,Sadierre,заказ,нормас++,,,поп,
18) Kocchi no Kento — Kekka Orai {Результат в порядке / The result is ok / けっかおーらい} [1 Opening My Hero Academia: Vigilantes / Моя геройская академия: Вне закона],4:30:15,AndrLord,долг Х4☠️,атлична-,Аниме,,электронное / инди,
19) Linkin Park — One Step Closer (Official HD Music Video),4:41:10,Static_Streams_,долг Х3💀,атлична,,,метал / рок,
20) 5opka feat. MellSher — Gde mama? {Где мама?} (BOOKER — GDE PAPA?; Cover),4:51:20,wend1g,долг Х2,хорошечно-,,meme,рэп ,
21) Utsu-P feat. flower — Vulgar {Вульгарный / 下品},5:01:45,HourlyRaptor7,долг,хорошечно,,,метал / электронное,
СТРИМ №193 (22.01.26),, ,,,,,,
ДОЛГОВОЙ,, ,,,,,,
1) UVERworld — MMH (Official Music Video) [1 Opening The Seven Deadly Sins: Four Knights of the Apocalypse / Семь смертных грехов: Четыре всадника Апокалипсиса],14:50,DzenDish,долг Х8🌋,хорошечно-,Аниме,,метал / электронное,
2) Linkin Park — Lying From You,27:45,Static_Streams_,заказ,атлична - -,,,рок / метал,
3) Yorushika — DARMA GRAND PRIX {ダルマグランプリ} (RADWIMPS - DARMA GRAND PRIX; Cover),40:30,ansmit,долг Х7🥀,атлична - -,,cover,поп-рок / инди,
4) Slava Marlow feat. Therr Maitz — Вечно молодой {Forever young} (Смысловые галлюцинации - Вечно молодой; Cover) [OST; Brother 2 / Брат 2],54:35,AVelzi,долг Х6👻,атлична-,Фильм,cover,инди / оркестровое ,
5) The Immortals — Techno Syndrome(Mortal Kombat) [Mortal Kombat OST],1:07:10,Sammy Willbur,долг Х5⚰️,атлична,Фильм,,электронное / инструментал,
6) Oneohtrix Point Never — A Barely Lit Path (Official Music Video),1:37:20,Pyssell,долг Х4☠️,атлична+ ,,progressive,электронное / инструментал / оркестровое ,
7) Ryo (supercell) feat. Hatsune Miku — ODDS&ENDS {Odds & Ends} (rus sub),1:51:20,Акума,долг Х3💀,атлична - -,,,поп-рок ,
7.5) Боня съел стрим: Месть за Чик-чик,2:08:15,Faryma.composer,,,,,,
СТРИМ №192 (21.01.26),, ,,,,,,
OST ENDLESS LEGEND 2,, ,,,,,,
1) Arnaud Roy feat. Jean-Noël Godard — Saiadha's Song [OST; Endless Legend II / Endless Legend 2],12:25,General PunisheR,заказ,хорошечно++,Игра,,фолк / оркестровое / инструментал,
1.5) Endless Legend 2 - Gameplay Trailer,24:10,General PunisheR,заказ,,,,,
2) Arnaud Roy — The Starfall [OST; Endless Legend II / Endless Legend 2],27:20,General PunisheR,заказ,хорошечно,Игра,,фолк / оркестровое / инструментал,
3) Arnaud Roy — Children of Garin (Kin of Sheredyn Theme) [OST; Endless Legend II / Endless Legend 2],36:05,General PunisheR,заказ,нормас++,Игра,,фолк / оркестровое / инструментал,
4) Arnaud Roy feat. Jean-Noël Godard — Lazualin [OST; Endless Legend II / Endless Legend 2],45:50,General PunisheR,заказ,хорошечно - -,Игра,,фолк / оркестровое / инструментал,
5) Arnaud Roy — Beneath the Waves [OST; Endless Legend II / Endless Legend 2],54:15,General PunisheR,заказ,нормас+,Игра,,фолк / оркестровое / инструментал,
6) Arnaud Roy — Lords of the Amber Plains (Last Lords Theme) [OST; Endless Legend II / Endless Legend 2],1:06:10,General PunisheR,заказ,хорошечно-,Игра,,фолк / оркестровое / инструментал,
7) Arnaud Roy feat. Jean-Noël Godard — Study of Aether [OST; Endless Legend II / Endless Legend 2],1:18:55,General PunisheR,заказ,нормас++,Игра,,фолк / оркестровое / инструментал,
8) Arnaud Roy feat. Valentin Mussou — Litany of the Warrior [OST; Endless Legend II / Endless Legend 2],1:27:30,General PunisheR,заказ,нормас++,Игра,,фолк / оркестровое / инструментал,
9) Arnaud Roy — Tempestuous Night [OST; Endless Legend II / Endless Legend 2],1:40:35,General PunisheR,заказ,нормас++,Игра,,фолк / оркестровое / инструментал,
10) Arnaud Roy — Panopticon [OST; Endless Legend II / Endless Legend 2],1:47:15,General PunisheR,заказ,хорошечно-,Игра,,фолк / оркестровое / инструментал,
11) Arnaud Roy feat. Jean-Noël Godard — Dream Haze [OST; Endless Legend II / Endless Legend 2],2:18:50,General PunisheR,заказ,хорошечно,Игра,,фолк / оркестровое / инструментал,
12) Arnaud Roy — Awakening Queen (Necrophage Theme) [OST; Endless Legend II / Endless Legend 2],2:28:10,General PunisheR,заказ,атлична - -,Игра,,фолк / оркестровое / инструментал,
13) Arnaud Roy feat. Jean-Noël Godard — The Golden Shell [OST; Endless Legend II / Endless Legend 2],2:35:50,General PunisheR,заказ,атлична - -,Игра,,фолк / оркестровое / инструментал,
14) Arnaud Roy — Shock Tactics [OST; Endless Legend II / Endless Legend 2],2:41:20,General PunisheR,заказ,нормас+,Игра,,фолк / оркестровое / инструментал,
14.5) Боевая тема от Faryma.composer,2:51:50,Faryma.composer,,,,,,
15) Arnaud Roy feat. Jean-Noël Godard — Water Gardens [OST; Endless Legend II / Endless Legend 2],2:58:10,General PunisheR,заказ,хорошечно-,Игра,,фолк / оркестровое / инструментал,
16) Arnaud Roy — Equilibrium (Aspects Theme) [OST; Endless Legend II / Endless Legend 2],3:02:50,General PunisheR,заказ,хорошечно,Игра,,фолк / оркестровое / инструментал,
17) Arnaud Roy feat. Jean-Noël Godard — Sky Monastery [OST; Endless Legend II / Endless Legend 2],3:12:00,General PunisheR,заказ,хорошечно - -,Игра,,фолк / оркестровое / инструментал,
18) Arnaud Roy — Glade of Wisdom [OST; Endless Legend II / Endless Legend 2],3:19:15,General PunisheR,заказ,хорошечно-,Игра,,фолк / оркестровое / инструментал,
19) Arnaud Roy feat. Jean-Noël Godard — Crystal Dunes [OST; Endless Legend II / Endless Legend 2],3:27:00,General PunisheR,заказ,нормас++,Игра,,фолк / оркестровое / инструментал,
20) Arnaud Roy — The Holy Oculum (Tahuks Theme) [OST; Endless Legend II / Endless Legend 2],3:37:10,General PunisheR,заказ,хорошечно - -,Игра,,фолк / оркестровое / инструментал,
21) Arnaud Roy — High Marshes [OST; Endless Legend II / Endless Legend 2],3:49:25,General PunisheR,заказ,хорошечно,Игра,,фолк / оркестровое / инструментал,
СТРИМ №191 (17.01.26),, ,,,,,,
1) KAMI WA SAIKORO WO FURANAI & Tatsuya Kitani — Two Creatures {Зверь любви / Beast of love / Ai no Kedamono / 愛のけだもの},11:40,scuk0_bl1n,заказ,атлична,,,фанк / поп,
2) Jean-Michel Jarre — Ethnicolor,30:35,J82Cerber31,заказ,атлична+,,,электронное / баллада,
3) natori — DRESSING ROOM,44:30,hhiroko,донат,атлична,,,фанк / поп,
4) Mrs. GREEN APPLE — lulu. [1/3 Opening Frieren: Beyond Journey's End Season 2 / Провожающая в последний путь Фрирен 2],1:01:40,Monstrrro,донат,атлична - -,Аниме,,поп / оркестровое,
5) Tsuki Amano — Torikago -In This Cage- {В этой клетке / 鳥籠 -in this cage-} [OST; Fatal Frame: Maiden of Black Water],1:23:15,Чедомир Браевич,долг Х8🌋,хорошечно-,Игра,,поп-рок / баллада,
6) Tatsuya Kitani & natori — Chained {Прикованный / Iranai Mono / いらないもの} [1 Opening Rurouni Kenshin: Kyoto Disturbance / Бродяга Кэнсин: Беспорядки в Киото],1:38:00,hhiroko,донат,хорошечно++,Аниме,,поп / поп-рок,
7) m.c.A·T — BOMB A HEAD [1 Opening Tenjho Tenge / Небо и земля],1:53:00,@Denis_e_87,заказ,хорошечно++,Аниме,,рэп,
8) UVERworld — Itteki no Eikyou {Одна капля влияния / One drop of influence / 一滴の影響} [1 Opening Blue Exorcist: Kyoto Saga / Синий экзорцист: Нечестивый король Киото],2:25:20,DzenDish,долг Х7🥀,хорошечно,Аниме,,рок,
9) ZUTOMAYO — Yushinron {有心論} (RADWIMPS - Yushinron; Cover),2:41:35,ansmit,долг Х6👻,атлична - -,,,поп-рок / инди,
10) Archspire — Carrion Ladder (Official Music Video),3:00:10,MeinJurer,донат,хорошечно-,,,метал,
11) Celtic Metal Dude & Eric W. Brown — Encounter Elite!(Pirate Version) [Sea of Stars OST],3:19:00,SinWarlock,долг Х5⚰️,нормас++,Игра,,фолк / инструментал,
12) HOYO-MiX — Dottore Boss Fight Theme (Finalized Version) [Genshin Impact OST],3:27:35,EpicFire; Летта,донат,хорошечно,Игра,,оркестровое / инструментал / электронное,
13) Russell Brower — Heart of Pandaria (All Themes Labeled; Login Screen Music) [World of Warcraft: Mists of Pandaria OST],4:08:35,Noveske,долг Х4☠️,хорошечно-,Игра,,оркестровое / инструментал,
14) Aiobahn +81 feat. FUWAMOCO — Side by Side (Official Music Video) [NEKOPARA After: La Vrai Famille OST],4:33:00,wend1g,донат,нормас++,Игра,,поп ,
"15) Jessica Vosk, Alex Brightman, Sam Haft & Andrew Underberg — Gravity [OST; Hazbin Hotel Season 2 / Отель Хазбин 2]",4:44:50,кундалини,долг Х3💀,хорошечно+,Фильм,,мюзикл/опера / рок,
16) Daoko — Fighting Pose,4:59:00,arantear,донат,хорошечно+,,,рэп / поп / инди,
"17) Reol — Give me a break Stop now {Дай мне перерыв, остановись сейчас / Gimiaburesutannau / ギミアブレスタッナウ} (+ Теория музыки о барабанах от Faryma.composer)",5:15:10,AndrLord,долг Х2,хорошечно++,,,электронное / поп,
"18) Laura Dreyfuss, Michael Park & Jennifer Laura Thompson — Requiem [OST; Dear Evan Hansen / Дорогой Эван Хансен]",5:51:20,Indie Anthems,донат,хорошечно++,Фильм,,мюзикл/опера,
"18.5) Faryma.composer о том, как научится определять на слух ноты в музыке",6:11:05,Faryma.composer,,,,,,
19) King Gnu — AIZO {愛憎} [1/5 Opening Jujutsu Kaisen: The Culling Game Part 1 /  Магическая битва: Смертельная миграция],6:12:50,aloka_sokoloka,долг,хорошечно++,Аниме,,рок / электронное,
20) Yutaka Yamada — Das zweite Kapitel {Das erste Kapitel} [OST; Tokyo Ghoul / Токийский гуль],6:30:20,hhiroko,донат,атлична - -,Аниме,,инструментал / инди / поп-рок,
20.5) Faryma.composer о жизни в интернете,6:42:00,Faryma.composer,,,,,,
"21) Rubén J. Carbajal feat. John Cardoza, Mili Diaz, Cailen Fu & Eric Peters — Prologue (My Heart Says Go / Моё сердце говорит идти)",6:45:55,Triple_AI,долг Х7🥀,нормас ,,,мюзикл/опера / рэп,
22) hololive English -Advent- — Ai wo Torimodose!! {Верни любовь!! / Bring back the love!! / 愛をとりもどせ!!} (Crystal King - Ai wo Torimodose!!; Cover) [1 Opening Fist of the North Star / Кулак Северной Звезды],7:00:30,wend1g,донат,нормас,Аниме,"cover, meme",рок,
23) The Butcher Sisters — Mein Stern {Моя звезда} (Offizielles Musikvideo),7:23:40,AnToteKote,долг Х6👻,нормас++,,meme,рок / баллада,
24) Sqwore & 17 SEVENTEEN — Девочка в окне напротив {Girl in the window opposite / GITWO},7:36:05,hhiroko,донат,нормас++,,,рок / инди / поп-рок,
25) OTYKEN — LEGEND {ЛЕГЕНДА},7:46:50,Rtur,долг Х5⚰️,хорошечно-,,,фолк / поп / электронная,
"26) Mike Faist, Ben Platt & Will Roland — Sincerely, Me [OST; Dear Evan Hansen / Дорогой Эван Хансен]",7:57:25,Indie Anthems,донат,атлична - -,Фильм,,мюзикл/опера,
27) Tim Follin & Geoff Follin — BGM 1 {BGM I} (Level 1; Nes Music) [Silver Surfer OST],8:12:00,MacTepOk,долг Х4☠️,хорошечно - -,Игра,,инструментал / электронное,
28) Invent Animate — Without A Whisper (Official Music Video),8:23:35,trivia_holic,донат,хорошечно++,,,метал,
29) Eiffel — Le même train,8:40:40,Ян О'Дристалл,долг Х3💀,хорошечно++,,,поп / поп-рок,
"30) Soma Tanizaki — Caligo, Miasma Of Night [Elden Ring Nightreign OST]",8:56:05,NeOleg,донат,хорошечно-,Игра,,оркестровое / инструментал,
СТРИМ №190 (15.01.26),, ,,,,,,
ДОЛГОВОЙ,, ,,,,,,
1) Nightwish — The Phantom Of The Opera (Andrew Lloyd Webber - The Phantom Of The Opera; Live; Cover) [OST; The Phantom of the Opera / Призрак оперы],11:45,Kirilicus,заказ,атлична,Фильм,cover,метал / оркестровое,
2) Utsu-P feat. Hatsune Miku — Hana {Цветок / Flower / 華} (rus sub),32:30,sodamin_,заказ,хорошечно - -,,,метал,
3) Intensive Evening — Самопреодоление {Self-overcoming} (secret version for composer),50:05,Static_Streams_,заказ,ну такое++,,,инди / рок,
4) Coheed and Cambria — Welcome Home,1:14:20,Nech,долг Х8🌋,хорошечно,,,метал,
5) Nano — Nevereverland [1 Opening Ark IX / Девятый ковчег],1:28:50,Ivan_Vitalyevich,долг Х7🥀,хорошечно,Аниме,,рок,
"6) Linkin Park — Somewhere I Belong {Там, где моё место} (Official Music Video)",1:43:45,Static_Streams_,долг Х6👻,хорошечно+,,,рок / рэп,
7) Domitori Taranofu — Midnight Time {Полночное время},2:18:10,Domitori Taranofu,долг Х4☠️,нормас++,,,электронное / инструментал,
8) Enygma Rapper — Sua Agonia {Твоя агония / Your agony} (Five Nights at Freddy's / Пять ночей у Фредди),2:33:20,Faralon,долг Х5⚰️,хорошечно+,,,метал,
9) DEEP-EX-SENSE & Лжедмитрий IV — Бэкап {Backup},3:01:45,UnknownSekorsky,долг Х3💀,атлична - -,,,рэп / метал / мюзикл/опера,
10) The White Stripes — Conquest (Patti Page - Conquest; Cover),3:22:25,Rtur,долг Х2,хорошечно+,Игра,,инди / рок,
11) Eric W. Brown — Encounter Elite! [Sea of Stars OST],3:32:25,SinWarlock,долг,хорошечно - -,,,инди / инструментал,
12) Exaloud — Dirt (OFFICIAL VIDEO),3:52:20,meganekka,заказ,хорошечно - -,,,рок,
13) Yellow Fire — MineShield {МайнШилд} (Minecraft Клип),4:02:05,TrollFace324,долг Х7🥀,нормас-,,,поп,
14) Shiro Sagisu — Blood and Guts (closing credits) [OST; Berserk: The Golden Age Arc I - The Egg of the King / Берсерк: Золотой век I — Бехерит властителя],4:13:50,Alan008,долг Х6👻,атлична,Аниме,,оркестровое / инструментал,
14.5) Добавили промежуточные оценки в FAQ,4:25:15,Faryma.composer,,,,,,
СТРИМ №189 (10.01.26),, ,,,,,,
1) George Michael — Freeek! (2002 Music Video),13:20,Rtur,донат,хорошечно-,,,электронное,
2) MADKID — FLY (Performance Video) [1 Opening Sasaki and Peeps / Сасаки и Пи],36:15,DzenDish,долг Х7🥀,нормас+,Аниме,,поп / поп-рок / рэп,
3) Aiobahn +81 feat. Nanahira & PMarusama — Tententengokujigokugoku {Тройное небо ад страна / Triple Heaven Hell Country / Ten Ten Tengoku Jigoku Koku / 天天天国地獄国} (Official Music Video),52:40,wend1g,донат,нормас++,,,электронное / поп,
4) Mrs. GREEN APPLE — How-to,1:06:55,AndrLord,долг Х6👻,хорошечно+,,,поп / электронное,
5) Neuro-sama & Evil Neuro — NEVER,1:20:25,PoTapkam,донат,хорошечно- -,,,электронное / баллада / поп,
6) Alexandre Desplat — Traditional Arrangement: 'Moonshine' [OST; The Grand Budapest Hotel / Отель «Гранд Будапешт»],1:54:20,Alan008,долг Х5⚰️,атлична - -,Фильм,,фолк / инструментал / оркестровое,
7) Nanahira — Cubibibibism (OMGkawaiiAngel & Sasuke Haraguchi - Cubibibibism; Cover) {きゅびびびびずむ} [OST; NEEDY STREAMER OVERLOAD / NEEDY GIRL OVERDOSE],2:06:45,wend1g,донат,атлична - -,Игра,progressive,электронное / поп,
8) KOKO — Slashing Bloom {Рассекающий расцвет / Cleaving Bloom / Kirisaku / 切り咲く} (Chisa Theme) [Wuthering Waves OST],2:22:25,laitsberg,долг Х4☠️,атлична - -,Игра,,поп-рок / поп,
9) Трупный Яд — Заряжай {Charge},2:39:10,MeinJurer,донат,нормас-,,,метал,
10) Senjougahara Yousei — Mogutto 'djent' de Sekkin Chuu! {もぎゅっと“djent”で接近中!} (μ's - Mogyutto 'love' de Sekkin Chuu!; Cover) [OST; Love Live! School Idol Project / Живая любовь! Проект «Школьный идол»],2:55:30,trivia_holic,долг Х3💀,нормас-,Аниме,cover,метал,
11) Fellowship — Glory Days,3:27:25,arantear,донат,нормас++,,,метал,
12) nenpulse — Hana no Tou {Башня цветов / Tower of Flowers / 花の塔} (Sayuri - Hana no Tou; Bootleg Remix) [1 Ending Lycoris Recoil / Ликорис Рекойл],3:43:40,egorkasprigorca,долг Х2,нормас+,Аниме,remix,электронное,
13) Eastern High — Bottled Insanity,3:59:50,MeinJurer,донат,хорошечно++,,,метал,
14) FUWAMOCO — Zako {Слабак / Weak / 雑魚} (Hiiragi Magnetite feat. Akita Neru — Zako; Cover),4:14:20,wend1g,долг,хорошечно - -,,,поп,
15) Misato — Zako {Слабак / Weak / 雑魚} (Hiiragi Magnetite feat. Akita Neru — Zako; Cover),4:27:55,eu_gor,заказ,ну такое,,cover,поп / электронное,
16) Black Foxxes — Badlands,4:40:55,Indie Anthems,донат,атлична,,,инди / рок,
17) Toby Fox — TV WORLD (Chapters 3+4) [Deltarune OST],5:15:55,Eagler,долг Х7🥀,хорошечно- ,Игра,,поп / фанк,
18) Woodscream — Возвращение {Return},5:25:20,arantear,донат,нормас-,,,фолк / метал,
19) The Weeknd feat. Justice — Wake Me Up [OST; Hurry Up Tomorrow / Последнее завтра],5:47:35,enchi__i,заказ,атлична - -,Фильм,,поп / фанк,
20) СЕРЕГА ПИРАТ — Мутанты из канализации {Mutants from the Sewer / MFTS},6:05:05,50 50,донат,нормас++,,,инди / поп-рок,
21) eill — Koko de Iki wo Shite {Дыши здесь / Breathe here / ここで息をして} [1 Ending Tokyo Revengers / Токийские мстители],6:17:00,AndrLord,заказ,атлична - -,Аниме,,поп / фанк,
22) Sakuzyo feat. Hatsune Miku — Kaijuu ni Naritai {Я хочу стать монстром / I Want to Be a Monster / 怪獣になりたい} (Project SEKAI Championship 2025) [OST; Project SEKAI Colorful Stage! feat. Hatsune Miku],6:27:20,Акума,долг Х5⚰️,атлична,Игра,progressive,электронное,
23) devalon — Alice's Memory [OST; Black Souls II],6:56:05,wend1g,донат,ну такое+,Игра,,баллада / инструментал / оркестровое,
24) HHSU 𓃚 Cambium — unearthing,7:06:25,Napporaivo,долг Х4☠️,атлична-,,progressive,электронное,
25) Johnny Beast & MC Winnie The Pooh — Face Control 2008 (Radio Mix),7:21:35,50 50,донат,ну такое+,,meme,электронное,
26) Metallica — Master Of Puppets {Кукловод} (Remastered),7:33:00,Sendy Polaris,долг Х3💀,гениально - -,,,метал,
27) Des Rocs — Why Why Why,7:59:25,Indie Anthems,донат,атлична+,,,инди / рок,
28) Perry Como — Magic Moments {Волшебные мгновения},8:12:40,GameCloser,долг Х2,атлична,,,поп / джаз,
29) Theocracy — Mirror of Souls,8:24:15,Mosquito,донат,нормас+,,,метал / баллада,
СТРИМ №188 (09.01.26),, ,,,,,,
ДОЛГОВОЙ (ПРОГРЕССИВ-РОК АЛЬБОМ!),, ,,,,,,
"1) Jackie-O — Losin' Streak {Проигрышная полоса} (Blake Roman, Sam Haft & Andrew Underberg - Losin' Streak; Cover) [OST; Hazbin Hotel Season 2 / Отель Хазбин 2]",11:05,Monstrrro,заказ,хорошечно++,Фильм,cover,мюзикл/опера,
1.5) Информация о группе Agent Fresco,24:30,Hantrik,,,,,,
2) Agent Fresco — Let Them See Us,31:30,Hantrik,заказ,хорошечно++,,,инди / рок / поп-рок,
3) Agent Fresco — Dark Water,43:30,Hantrik,заказ,атлична - -,,,инди / рок / поп-рок,
4) Agent Fresco — Pyre {Погребальный костёр},55:10,Hantrik,заказ,хорошечно++,,,инди / рок / поп-рок,
5) Agent Fresco — Destrier,1:09:05,Hantrik,заказ,хорошечно++,,,инди / рок / поп-рок,
6) Agent Fresco — Wait for Me,1:18:50,Hantrik,заказ,атлична-,,,инди / рок / поп-рок,
7) Agent Fresco — Howls,1:30:25,Hantrik,заказ,атлична,,,инди / рок / поп-рок,
8) Agent Fresco — The Autumn Red,1:38:25,Hantrik,заказ,хорошечно,,,инди / рок / поп-рок,
9) Agent Fresco — Citadel,1:53:45,Hantrik,заказ,хорошечно+,,,инди / рок / поп-рок,
10) Agent Fresco — See Hell,2:20:30,Hantrik,заказ,атлична,,,инди / рок / поп-рок,
11) Agent Fresco — Let Fall the Curtain {Пусть Опустится Занавес},2:40:05,Hantrik,заказ,атлична,,,инди / рок / поп-рок,
12) Agent Fresco — Bemoan {Оплакивание},2:46:50,Hantrik,заказ,атлична - -,,,инди / рок / поп-рок,
13) Agent Fresco — Angst {Тревога},2:58:20,Hantrik,заказ,атлична-,,,инди / рок / поп-рок,
14) Agent Fresco — Death Rattle {Предсмертый Хрип},3:03:45,Hantrik,заказ,атлична,,,инди / рок / поп-рок,
15) Agent Fresco — Mono No Aware {Печальное Очарование},3:10:50,Hantrik,заказ,хорошечно+,,,инди / рок / поп-рок,
15.5) Faryma.composer и Аня о выставке в ARTPLAY,3:26:30,Faryma.composer,,,,,,
16) Agent Fresco — Stillness {Спокойствие} (Bonus Track),3:38:25,Hantrik,заказ,хорошечно,,,инди / рок / поп-рок,
16.5) Faryma.composer сочиняет прогрессив-рок альбом,3:54:00,Faryma.composer,,,,,,
СТРИМ №187 (03.01.26),, ,,,,,,
1) Kalafina — Heavenly Blue [1 Opening Aldnoah.Zero / Альдноа.Зеро],12:35,DzenDish,заказ,нормас++,Аниме,,поп-рок / оркестровое,
2) Masumi Tazawa — Excellent Condition (Сейю Ikuno Dictus) [Character Song; Uma Musume: Pretty Derby / Девушки-пони: Славное дерби],40:00,Svd_bb,заказ,хорошечно-,Игра,,электронное / поп,
3) NF — HOPE,53:00,ansmit,заказ,атлична - -,,,рэп / оркестровое,
4) 5opka & MellSher — Хламидия {Chlamydia},1:07:35,wend1g,донат,ну такое,,meme,поп ,
5) Ado — Usseewa {うっせぇわ} (THE FIRST TAKE),1:19:35,AnonymousAdomin,долг Х6👻,атлична-,,,оркестровое / рок,
6) BLUE ENCOUNT — Bad Paradox {Плохой парадокс / Baddo Paradokkusu / バッドパラドックス} [OST; Voice: 110 Emergency Control Room / Голос: 110 Комната экстренного управления],1:37:15,kumashisan,заказ,хорошечно-,Фильм,,рок,
"6.5) Faryma.composer о новом формате доп. стримов + Котик Боня, после перерыва",1:50:35,Faryma.composer,,,,,,
7) Yooh — Salvation,2:13:15,egorkasprigorca,донат,нормас++,Игра,,электронное / инструментал,
8) F Rabbeat feat. mustard — How To Make Otoge Kyoku! {Как создавать музыкальные игровые композиции! / How To Make Music Game Songs! / How To Make 音ゲ～曲！},2:28:45,4d_Nyashka,долг Х5⚰️,хорошечно,,,электронное,
9) coldrain — VENGEANCE (Official Music Video) [1 Opening Ninja Kamui / Ниндзя Камуи],2:39:20,Aleks kun,донат,хорошечно,Аниме,,метал,
10) Official HIGE DANdism — Same Blue [1 Opening Blue Box / Голубая шкатулка],2:51:20,AndrLord,долг Х4☠️,атлична - -,Аниме,,инди / поп-рок,
11) t+pazolite — CENSORED!! (ZUN - Hartmann’s Youkai Girl; Remix) [OST; Touhou 11: Subterranean Animism / Восточный дворец духов Земли],3:03:45,egorkasprigorca,донат,хорошечно - -,Игра,,электронное,
12) GLAY — Dead Or Alive [1/3 Opening Record of Ragnarok III / Повесть о конце света 3],3:17:05,Sammy Willbur,долг Х3💀,хорошечно,Аниме,,рок,
13) Aiobahn +81 feat. KOTOKO — INTERNET YAMERO {Останови интернет / INTERNET YAMERO / インターネットやめろ} [OST; NEEDY STREAMER OVERLOAD / NEEDY GIRL OVERDOSE],3:26:20,wend1g,донат,хорошечно+,Игра,,электронное / поп,
14) Queen — Who Wants to Live Forever {Кто хочет жить вечно} [OST; Highlander / Горец],3:53:45,TRISSAR; Static_Streams_,долг Х2,атлична,Фильм,,оркестровое / баллада / рок,
15) dj TAKA feat. AiMEE — True Blue [jubeat saucer OST],4:06:10,egorkasprigorca,донат,нормас+,,,электронное,
16) Futakuchi Mana — Jaded (Spiritbox - Jaded; JP Cover),4:20:55,Aleks kun,донат,хорошечно-,,cover,метал,
"17) Игорь Корнелюк — Город, которого нет (Выступление в Юрмале; Live) [Бандитский Петербург OST]",4:34:50,AShibaT,долг,хорошечно++,Фильм,,баллада / поп-рок,
18) MADKID — Resolution [1/5 Opening The Rising of the Shield Hero Season 4 / Восхождение героя щита 4],4:53:30,DzenDish,долг Х6👻,хорошечно - -,Аниме,,метал / электронное,
19) Culprate — Jalaana {Гореть / जलाना},5:15:20,Matumbafan89,донат,гениально - -,,progressive,фолк / электронное,
20) Gipsy Kings — Pharaon,5:31:55,Rtur,долг Х5⚰️,хорошечно - -,,,фолк / инструментал,
21) madk1d — так по*** {so fu***},5:42:50,arantear,донат,нормас-,,,поп / рэп,
СТРИМ №186 (30.12.25),, ,,,,,,
ДОЛГОВОЙ,, ,,,,,,
1) R24Del — Hartmann's Youkai Girl {Девушка-ёкай Хартмана / Hartmann no Youkai Shoujo / ハルトマンの妖怪少女} (ZUN - Hartmann's Youkai Girl; Piano Cover) [Extra Boss Theme; Touhou 11: Subterranean Animism / Восточный дворец духов Земли],9:10,Green_Piece,долг Х6👻,нормас,Игра,solos instrument,оркестровое / инструментал,
2) Eric Shumaker & Francis Coulombe — Outside the Window [Look Outside OST],29:55,eurodance_with_cat,заказ,нормас,Игра,,инструментал / электронное,
3) Danny Baranowsky — Hallow Queen [Rift of the NecroDancer OST],43:00,SinWarlock,долг Х4☠️,хорошечно - -,Игра,,электронное / рок / инструментал,
4) thquib feat. Fukase — The Court Jester (OC Animatic),55:25,Faralon,долг Х3💀,хорошечно,,,инди,
5) The Chalkeaters feat. PiNKII — Breathtaking (Keanu Reeves Song; Cyberpunk 2077),1:44:35,wend1g,долг Х2,хорошечно - -,,,инди / поп,
6) Nikolay Gnomov — Оо Погода На Улице Ужасная {Оо погода на улице ужасная / Oh the Weather Outside Is Frightful} (Dean Martin - Let It Snow! Let It Snow! Let It Snow!; Cover),1:53:00,GameCloser,долг,нормас (атлична),,meme,оркестровое / джаз ,
7) MADKID — SIN [1/4 Opening The Rising of the Shield Hero Season 3 / Восхождение героя щита 3],2:09:10,DzenDish,долг Х6👻,нормас++,Аниме,,поп-рок / поп,
8) Nobuo Uematsu — Battle 1 [OST; Final Fantasy IX],2:26:30,SinWarlock,долг Х5⚰️,хорошечно,Игра,,оркестровое / инструментал / электронное,
9) Hitomi Ueda — Golshi Rap -It's Muri Muri- {Golshi Rap: No Way José / Gorushi Rappu -It's Muri Muri- / ゴルシラップ -It's Muri Muri-} (Сейю Gold Ship / Голд Шип) [Character Song; Uma Musume: Pretty Derby / Девушки-пони: Славное дерби],2:39:00,Svd_bb,долг Х4☠️,хорошечно-,Игра,,рэп / поп / электронное,
10) jam-jam — SURVIVOR {Выживший} (Мужской вокал) [Lies of P: Overture OST],2:56:15,SinWarlock,долг Х3💀,хорошечно,Игра,,баллада / поп ,
11) N.O.H.A. — Cuerpo y Alma,3:28:15,Rtur,долг Х2,атлична - -,,,инди ,
12) Hiroyuki Sawano feat. mizuki & Tielle — Christmas Scene,3:42:40,DzenDish,долг,атлична - -,,,баллада / поп / поп-рок,
13) Toby Fox — Dating Start! [Undertale OST],4:00:05,Eagler,долг Х6👻,хорошечно,Игра,,электронное / инструментал,
14) Nemo — The Code (Eurovision 2024; Switzerland),4:08:55,gian_blackbell,заказ,гениально - -,,,электронное / поп / рэп,
15) Midnight Grand Orchestra — Midnight Mission (Music Video),4:22:25,Madao,долг Х4☠️,гениально - -,,,фанк / поп / инди,
16) Trans-Siberian Orchestra — What Is Eternal (Official Lyric Video),4:38:10,Rtur,долг Х3💀,ну такое++,,,рок / мюзико/опера,
17) Tsukuyomi — Yodaka {Йодака / Yodaka / ヨダカ} [1 Ending Birdie Wing: Golf Girls' Story / Птичье крыло: История гольфисток],4:56:15,AndrLord,долг Х2,хорошечно++,Аниме,,поп-рок / поп ,
СТРИМ №185 (27.12.25),, ,,,,,,
1) Cut Capers — Elephant (Official MV),15:30,Rtur,донат,атлична - -,,,фанк,
2) MADKID — RISE [1 Opening The Rising of the Shield Hero / Восхождение героя щита],29:05,DzenDish,долг Х6👻,нормас,Аниме,,поп / поп-рок,
3) D/Zeal — Hanamuke no Tori {Птица прощального подарка / Bird of a Farewell Gift / 餞の鳥} [OST; The Idolm@ster Million Live: Theater Days / Идолмастер: Миллион Лайв! Театральные дни],41:30,trivia_holic,донат,хорошечно-,Игра,,баллада / поп,
4) Turjan Aylahn — Tanc a Lelek [Highfleet OST],1:00:15,General PunisheR,донат,хорошечно++,Игра,,фолк,
5) Lionel Yu — Moonlight Sonata Nightmare (Ludwig van Beethoven - Moonlight Sonata; Piano Solo; Cover),1:13:30,Rtur,долг Х5⚰️,нормас,,"cover, solo instrument",оркестровое,
6) Des Rocs — In The Night,1:35:50,Indie Anthems,заказ,атлична+,,,инди ,
7) I See MONSTAS — Holdin' On (Skrillex & Nero Remix),1:51:05,Verzweiflung12,заказ,атлична - -,,cover,электронное,
8) Keiichi Okabe —  The Final Song ~ Black Song White Scales (ПОВТОР: СТРИМ №68.5; Трек от actusfide) [Drakengard 3 OST],2:25:30,wend1g,повтор,атлична - -,Игра,,фолк / баллада / оркестровое,
9) Nanahoshi Kangen Gakudan feat. Hatsune Miku — Dance Number o Tomo ni {С танцевальным номером / With a Dance Number / ダンスナンバーを共に},3:03:35,egorkasprigorca,долг Х3💀,хорошечно-,,,рок,
10) Dunik — Новогодняя (Дискотека Авария — Новогодняя; Metal version; Cover),3:25:25,MeinJurer,донат,ну такое++,,cover,метал,
11) Zao An — Where the Blade Never Sleeps {Где клинок никогда не спит / Bu Ci Yuan / 不辞远} (EP2.7; Qiuyuan) [Wuthering Waves OST],3:42:05,laitsberg,долг Х2,хорошечно,Игра,,фолк / поп,
12) Domitori Taranofu — New Year is Coming Soon...,3:53:00,Domitori Taranofu,донат,ну такое++,,,электронное,
13) Wham! — Last Christmas (Official Video),4:17:05,GameCloser,заказ,атлична - -,,,поп / электронное,
14) James Brown feat. Fred Wesley & The J.B.'s — People Get Up And Drive Your Funky Soul(Remix) [OST; Spider-Man 3 / Человек-паук 3],4:38:20,Monstrrro,заказ,хорошечно++,Фильм,,фанк,
15) devalon — Cheshire Cat's Theme [OST; Black Souls II],4:58:50,wend1g,долг,нормас+,Игра,,оркестровое / инструментал,
16) Peter Auty — Walking in the Air [OST; The Snowman / Снеговик],5:04:45,Kirilicus,донат,атлична - -,Фильм,,оркестровое,
17) Yuzuki Choco — Nobody Christmas {Рождество для никого / Nōbadi Kurisumasu / のーばでぃーくりすます！},5:16:25,AShibaT,долг Х6👻,нормас+,,,поп,
18) UNISON SQUARE GARDEN — Hakoniwa Rock Show(D.A style) {Рок-шоу в миниатюрном саду / Rock show in a miniature garden / Hakoniwa Rokku Shō - D.A style / 箱庭ロック・ショー},5:33:05,kumashisan,заказ,хорошечно++,,,рок,
19) Андрей Губин — Зима-холода {Winter-cold} (HD Remastered),5:51:00,wend1g,донат,нормас++,,,поп,
20) MADKID — Bring Back [1/3 Opening The Rising of the Shield Hero Season 2 / Восхождение героя щита 2],6:28:40,DzenDish,долг Х5⚰️,нормас,Аниме,,рок,
"21) BRUTALISM — С новым годом, суки!",6:48:35,arantear,донат,нормас - -,,,метал,
22) Zakviel — Новая Эра {New Era} (Премьера клипа 2019),7:00:30,TrollFace324,долг Х4☠️,ну такое++,,,рэп,
23) Black Foxxes — Jungle Skies,7:12:45,Indie Anthems,донат,хорошечно,,,инди,
24) SAWTOWNE feat. Hatsune Miku — M@GICAL CURE! LOVE SHOT! {M@GICAL☆CURE! LOVE ♥ SHOT!} (Hatsune Miku Expo 10th Anniversary Song),7:39:20,Акума,долг Х3💀,хорошечно+,,,электронное / поп,
25) ABBA — Happy New Year (Official Lyric Video),7:51:50,Boevaya_riba,донат,атлична+,,,поп,
26) Dios — Darkroom {Темная комната / Dākurūmu / ダークルーム} [OST; Future Century SHIBUYA / Mirai Seiki Shibuya / Будущий век Шибуя],8:08:45,AndrLord,долг Х2,атлична,Фильм,,инди ,
27) 5opka — СЛАВА БОССУ {СЛАВА БО55У / Glory to the Boss} (SLAY DISS),8:15:45,wend1g,донат,нормас++,,,рэп,
28) Brenda Lee — Rockin' Around The Christmas Tree (Official Music Video),8:29:30,GameCloser,долг,атлична - -,,,поп-рок,
29) Elliott Smith — Between The Bars [OST; Good Will Hunting / Умница Уилл Хантинг],8:51:00,Криптокек,донат,атлична - -,Фильм,,инди / баллада,
30) MADKID — FAITH [2 Opening The Rising of the Shield Hero / Восхождение героя щита],9:03:45,DzenDish,долг Х6👻,нормас,Аниме,,рок,
31) Laur — SYSTEM ERROR,9:14:30,egorkasprigorca,донат,атлична - -,,progressive,электронное / фолк,
32) Phantom Siita — Noah {Ноа / Noa / ノア} (Producer Ado),9:31:00,AnonymousAdomin,долг Х5⚰️,хорошечно++,,progressive,инди / электронное,
СТРИМ №184 (25.12.25),, ,,,,,,
ДОЛГОВОЙ,, ,,,,,,
1) Jorge Rivera-Herrans feat. Anna Lea & Cast of EPIC: The Musical — The Challenge [OST; EPIC: The Musical / ЭПИК: Мюзикл],11:50,Triple_AI,долг Х8🌋,хорошечно,Фильм,,мюзикл/опера,
"2) MADKID — Change The World [1 Opening The Beast Tamer Who Got Kicked Out From His Party Meets a Cat Girl From the Superior Race / Укротитель зверей, изгнанный из команды героя, встретил девочку-кошку из сильнейшей расы]",28:30,DzenDish,долг Х6👻,нормас-,Аниме,,поп-рок / поп,
3) Ado — Chandelier (Sia - Chandelier; Live Cover),42:00,AnonymousAdomin,долг Х5⚰️,атлична+,,cover,поп,
4) sotode 外で — призрак {ghost},57:05,Indie Anthems,заказ,хорошечно,,,инди,
5) Camellia — We Could Get More Machinegun Psystyle! -And More Genre Switches-,1:11:05,egorkasprigorca,долг Х4☠️,атлична - -,,,электронное ,
6) Camellia — Exit This Earth's Atomosphere (Remix),1:48:20,Hantrik,долг Х3💀,хорошечно++,,,электронное / инструментал,
6.5) Faryma.composer показывает статистику на своём YouTube канале + Котик Боня,2:05:00,Faryma.composer,,,,,,
7) ХаТуР — ЭЛЛЮЖН {Illusion / Ellyuzhn},2:16:20,wend1g,долг Х2,ну такое+,,,инди / рок,
8) Doves — Spirit Of Your Friend,2:25:55,Indie Anthems,долг,хорошечно-,,,инди,
"9) Kaede Hondo, Miyu Tomita, Maria Naganawa, Asami Seto & Ayaka Asai — Daidaidaidaidaisuki na Kimi e {Тебе, кого я очень-очень-очень-очень-очень люблю / To you, whom I love very-very-very-very-very much / 大大大大大好きな君へ♡} (Сейю Hakari Hanazono, Karane Inda, Shizuka Yoshimoto, Nano Eiai & Kusuri Yakuzen) [1 Opening The 100 Girlfriends Who Really, Really, Really, Really, Really Love You / Сто девушек, которые очень-очень-очень-очень-очень сильно тебя любят]",2:36:15,kumashisan,заказ,атлична-,Аниме,,поп-рок / оркестровое ,
10) Mittsies — Alchemy [Helltaker OST],2:48:30,wend1g,заказ,нормас+,Игра,,электронное / инструментал,
11) Tsukuyomi feat. Yue — Mayday {Mede / メデ},2:57:15,AndrLord,долг Х8🌋,хорошечно -,,,поп-рок,
12) takao_yamataki — SOSAL,3:09:30,takao_yamataki,долг Х6👻,нормас++,,,оркестровое / рок / электронное ,
"13) Tomori Kusunoki, Saori Hayami, Reina Aoyama & Aoi Koga — Annoying! San-san week! {Раздражающий! Сан-сан уик! / Annōingu! San San Wīku! / アノーイング！さんさんウィーク！} (Сейю Futaba Igarashi, Touko Sakurai, Natsumi Kurobe & Mona Tsukishiro) [1 Opening My Senpai Is Annoying / Мой сэмпай раздражает!]",3:50:50,AndrLord; Ivan_Vitalyevich,заказ,хорошечно++,Аниме,,поп / оркестровое,
14) Nyxen — Godless (AI Song),4:05:30,AnonymousAdomin,долг Х4☠️,хорошечно-,,,метал,
15) Ashley Eriksson — Island Song(Come Along with Me) [OST; Adventure Time / Время приключений],4:24:55,wend1g,долг Х3💀,хорошечно-,Фильм,,инди / поп / баллада,
16) BRUTALLIZM & Базлань — БАНЯ,4:40:25,arantear,долг Х2,хорошечно-,,,метал,
17) Reol — YoiYoi Kokon {Вечера древние и современные / Evenings ancient and modern / 宵々古今},4:49:20,wend1g,заказ,гениально - -,,,электронное,
18) Ludicin — Everlasting Eternity (BSWC 2023 Grand Finals Tiebreaker),5:00:40,egorkasprigorca,долг,хорошечно,,,электронное / инструментал,
СТРИМ №183 (20.12.25),, ,,,,,,
1) devalon — White Queen Node [OST; Black Souls II],24:00,wend1g,донат,хорошечно++,Игра,,инструментал / электронное,
2) Akiko Yano — Kikyu ni Notte {На воздушном шаре / In a hot air balloon / 気球にのって},38:05,Sheruka,долг Х7🥀,гениально - -,,progressive,джаз / инди,
3) FARUCO & DJ Myosuke feat. Mustard & beatMARIO — Oshikatsu Angel Miss Vivian {Ошикацу Ангел Мисс Вивиан / 推活天使ビビアンちゃん} [Zenless Zone Zero OST],59:45,wend1g,заказ,атлична - - ,Игра,,электронное / поп,
4) Armin van Buuren feat. Sharon den Adel — In and Out of Love (Official Music Video),1:11:00,50 50,донат,хорошечно+,,,поп / электронное,
5) MOB CHOIR feat. sana — 1 [1/3 Opening Mob Psycho 100 III / Моб Психо 100 3],1:33:50,ansmit,долг Х5⚰️,атлична - -,Аниме,,рок / электронное / поп-рок,
6) The Quick Brown Fox — The Big Black,2:04:55,egorkasprigorca,донат,нормас+,,,электронное,
7) Sabrina DiDuro & Leilani Wilson — Globe Opera 1 (Stage 10) [Freedom Planet 2 OST],2:16:15,SinWarlock,долг Х4☠️,нормас,Игра,,электронное / инструментал / поп-рок,
8) DJ Ivan Frost — Па Пара пам па {Pa Para pam pa},2:23:05,50 50,донат,нормас - -,,,электронное ,
9) Reol — DDD,2:32:25,AndrLord,долг Х3💀,гениально - -,,,поп / электронное,
10) Kurokotei — Galaxy Collapse (ZUN - Heian no Alien; Remix) [Extra Stage Theme; Touhou 12: Undefined Fantastic Object / Тохо 12: Неопределённый фантастический объект],2:47:30,egorkasprigorca,долг Х2,ну такое+,,,электронное / инструментал,
11) devalon — Prince of Hell - Playwright Lorde [OST; Black Souls II],3:08:15,wend1g,донат,нормас+,Игра,,инструментал / инди / оркестровое,
12) Mick Gordon — Horton Hears a Revolution [Wolfenstein II: The New Colossus OST],3:20:15,131SEM131,заказ,атлична-,Игра,,метал / джаз,
13) Кислотно-щелочной Банан — Мальчик-отец {Boy father},3:30:15,Indie Anthems,заказ,хорошечно,,,электронное / инди,
14) Красная Плесень — У ресторана в Ленинграде(New Version) {Near a restaurant in Leningrad},4:01:10,MeinJurer,донат,ну такое++,,,метал / электронное,
14.5) Faryma.composer о термине 'Диатоника',4:16:15,Faryma.composer,,,,,,
"15) Saki Miyashita — Aimai, Kurai. (Сейю Still in Love) {Любовь танцует, пожирай. / Love dances, devour it. / 愛舞い、喰らい。} [OST; Uma Musume: Pretty Derby WINNING LIVE 21 / Девушки-пони: Славное дерби WINNING LIVE 21]",4:19:35,Svd_bb,долг,атлична - -,Игра,progressive,метал / поп ,
16) Silent Planet — Mindframe,4:35:10,Indie Anthems,донат,хорошечно++,,,метал,
17) OxT — Laughter Slaughter [OST; Overlord: The Dark Hero / Повелитель: Тёмный воитель],4:47:15,DzenDish,долг Х7🥀,атлична - -,Аниме,progressive,инди / рок / электронное,
18) μ's — Snow halation {Снежный ореол  / スノウハレーション} [ep 9; OST; Love Live! School Idol Project 2nd Season / Живая любовь! Проект 'Школьный идол' 2],5:02:00,ShadeR_93,донат,нормас++,Аниме,,поп / поп-рок,
19) Carl Orff — O Fortuna {О Фортуна} (1 Movement Carmina Burana / Кармина Бурана; Live),5:28:10,GameCloser,заказ,гениально - -,,,оркестровое,
20) MADKID — Mad Pulse [1 Opening Digimon Beatbreak / Дигимон Битбрейк],5:59:10,DzenDish,долг Х5⚰️,хорошечно-,Аниме,,рок / рэп,
21) MeinJurer — Self Lies Addiction (Destinity - Self Lies Addiction; Cover),6:13:40,MeinJurer,донат,хорошечно++,,,метал,
"22) Mari Boine — Dánsso Fal Mu Váhkaran {Продолжай танцевать, вáhkaran / Keep dancing, váhkaran} (Official Studio Video)",6:30:20,Napporaivo,заказ,гениально - -,,,фолк / электронное,
23) KOTOKO — We Survive [1 Opening Variable Geo Neo / Новая Переменная Гео],6:59:15,egorkasprigorca,донат,нормас+,Аниме,,поп / электронное,
24) Darren Korb — Sky Dance [Pyre OST],7:15:00,SinWarlock,долг Х3💀,хорошечно,Игра,,инструментал / фолк,
24.5) Faryma.composer о своём проекте для еды,7:24:40,Faryma.composer,,,,,,
25) Killagram — Путь домой {Way home},7:26:50,MeinJurer,донат,нормас+,,,инди / рэп,
26) devalon — Triple Alice - Grand Guignol Phase 2 [OST; Black Souls II],7:41:30,wend1g,долг Х2,хорошечно - -,Игра,,оркестровое / инструментал,
27) Shiena Nishizawa — Brand-new World [1 Opening The Asterisk War / Боевая академия города Астериск],7:51:30,egorkasprigorca,донат,нормас++,Аниме,,поп / электронное,
28) Trans-Siberian Orchestra — Christmas Nights in Blue,8:05:55,Rtur,долг,нормас++,,,метал / мюзикл/опера,
29) Sān-Z & HOYO-MiX feat. Ikumi Hasegawa — Wonderland Trickery (Ukinami Yuzuha EP) [Zenless Zone Zero OST],8:19:00,laitsberg,донат,атлична - -,Игра,,электронное / поп,
29.5) Faryma.composer импровизирует под конец стрима,8:31:15,Faryma.composer,,,,,,
СТРИМ №182 (18.12.25),, ,,,,,,
ДОЛГОВОЙ,, ,,,,,,
1) OneRepublic — Give Me Something [Arknights: Endfield OST],11:05,laitsberg,заказ,хорошечно,Игра,,поп / электронное,
2) Twenty One Pilots — Backslide,23:00,Zharik,заказ,хорошечно-,,,поп / инди,
"3) Hei Dou Ado feat. Wang Shu Shu — Feng Chui Yin Xing Luo Man Di {Ветер дует, листья гинкго падают по всей земле / The wind blows, ginkgo leaves fall all over the ground / 风吹银杏落满地}",36:45,AnonymousAdomin,долг Х7🥀,нормас+,Фильм,,поп / баллада,
4) King Gnu — Sorrows,48:00,Cybrex,заказ,хорошечно++,,,фанк / поп,
5) BRADIO — Shiawase no Shanana {Счастливая Шанана / Happiness Shanana / Shiawaseno Shanana / 幸せのシャナナ} [OST; O-Edo Steam Punk / Оэдо Стимпанк],58:55,AndrLord,очередь,хорошечно++,Фильм,,фанк / поп,
6) MOB CHOIR feat. sajou no hana — 99.9 [1/2 Opening Mob Psycho 100 2nd Season / Моб Психо 100 2],1:22:45,ansmit,долг Х5⚰️,хорошечно++,Аниме,,метал / рок,
"7) Sān-Z & HOYO-MiX feat. alan — As the Sugar Cube Floats, Fleeting in Time {Время тает, как кубик сахара / Kakusatō ga Shizumu Made / 角砂糖が沈むまで} [Zenless Zone Zero OST]",1:36:50,laitsberg,долг Х4☠️,хорошечно++,Игра,,джаз / баллада,
8) Omaru Polka — Envy Baby {Энви Бейби / Envi Beibi / エンヴィーベイビー} (Kanaria feat. GUMI - Envy Baby; Cover),2:10:40,wend1g,долг Х3💀,нормас++,,,поп / ,
9) Dope — Die MF Die,2:30:10,Rtur,долг Х2,атлична+,,,метал,
10) JYOCHO — Life Was Cheap {Дешёвая жизнь / Cheap living / Yasui Inochi / 安い命},2:40:25,trivia_holic,долг,атлична,,progressive,инди,
"11) Julémil Ricard-Moïse — Agony (KOTOKO - agony; Remix) [1 Ending Destiny of the Shrine Maiden / Жрица Луны, жрица Солнца]",2:58:40,egorkasprigorca,долг Х2,нормас+,Аниме,cover,поп / электронное,
12) OxT — grayscale dominator [1/2 Opening The Eminence in Shadow Season 2 / Восхождение в тени! 2],3:13:40,DzenDish,долг Х7🥀,атлична,Аниме,,инди / поп-рок,
13) Hayato Sumino — Cadenza(After Liszt),3:28:05,Triple_AI,долг Х5⚰️,гениально,,solo instrument,оркестровое / инструментал ,
14) Derek Duke — Zerg One [StarCraft OST],4:00:15,MacTepOk,долг Х4☠️,гениально - -,Игра,progressive,инструментал / электронное / рок,
15) Daisy×Daisy feat. Another Infinity — Towa no Kizuna {Вечные узы / Everlasting Bond / Eternal bonds / 永久のキズナ} [9 Opening Fairy Tail / Хвост Феи],4:17:50,DzenDish,долг Х3💀,нормас++,Аниме,,поп / электронное,
16) ТЕППО — КУЛЬТ,4:32:00,UnknownSekorsky,долг,атлична,,,метал,
СТРИМ №181 (14.12.25),, ,,,,,,
БЛАГОТВОРИТЕЛЬНЫЙ,, ,,,,,,
1) Igorrr — Cheval,13:40,SirVokrich,очередь,атлична+,,progressive,фолк / электронное / метал,
2) kensuke ushio — In The Pool - In The Sea [OST; Chainsaw Man the Movie: Reze Arc / Человек-бензопила: История Резе],25:55,@Ddeshnik,очередь,атлична - -,Аниме,,оркестровое / инструментал,
3) Metallica — The Day That Never Comes (Official Music Video),36:50,Sendy Polaris,очередь,нормас,,,метал,
4) KAMON!!! — Брюнетка {Brunette},50:35,Toxexex,очередь,нормас++,,,поп,
5) void (Mournfinale) feat. Hoshikuma Minami — Testify [Arcaea OST],1:00:50,@SkayletNight,очередь,хорошечно-,Игра,progressive,электронное,
6) Niko — Night of Fire [OST; Initial D / Инициал Ди],1:13:55,DzenAko,очередь,хорошечно-,Аниме,,электронное,
7) HOYO-MiX feat. Sān-Z & Taiga — I Ask {Я спрашиваю / Wèn / 问} (Banyue EP) [Zenless Zone Zero OST],1:26:35,laitsberg,очередь,гениально - -,Игра,,электронное / фолк,
8) Jamie Paige & OK Glass feat. Kasane Teto — BIRDBRAIN,1:35:00,mx14,очередь,атлична,,,инди / электронное / поп,
9) livetune feat. Hatsune Miku — Tell Your World (rus sub),2:02:55,Акума,очередь,хорошечно - -,,,поп / электронная,
10) 1Nm8 — S∀G∀,2:14:00,@russian_empp,очередь,хорошечно - -,,,поп / электронное,
11) Nitepunk — Absolute Zero,2:25:40,@sieistschon,очередь,атлична - -,,,электронное / инструментал,
"12) HOYO-MiX — Shadowbearing Serpent {Змея, несущая тень / Yóu Shé Xián Yǐng / 游蛇衔影} [Genshin Impact OST]",2:41:35,enchi__i,очередь,хорошечно++,Игра,,электронное,
13) Studio EIM feat. Choi Han — Pass On {Исчезает / Sarajinae / 사라지네} [Limbus Company OST],2:49:50,ArtOkno_LG,очередь,нормас-,Игра,,поп-рок / баллада,
14) Jim Johnston feat. Shaman's Harvest — Broken Dreams,3:03:15,@RollinShrek,очередь,нормас,,,рок,
15) Steve Gabry — Memories and Dreams [Sally Face: Strange Neighbors OST],3:12:50,@Coolcola_super,очередь,кринж-контент++,Игра,,рок,
"16) Guillaume David — Noosphere [Warhammer 40,000: Mechanicus OST]",3:19:45,@kondeliabr,очередь,хорошечно+,Игра,,оркестровое / инструментал / электронное,
17) Aya Hirano — Lost my music (Сейю Haruhi Suzumiya) [ep 12; OST; The Melancholy of Haruhi Suzumiya / Меланхолия Харухи Судзумии],3:28:40,@pa4it,очередь,хорошечно,Аниме,,поп-рок,
18) psychoc4t — Может быть всё станет лучше {Maybe everything will get better},3:56:30,@catarium2,очередь,ну такое++,,,электронное / инструментал / инди,
19) UPLIFT SPICE — Omega Rhythm {Омега Ритм / Omega Rizumu / オメガリズム},4:10:20,LegalizeMeToo,очередь,атлична - -,,,рок,
20) Yuyoyuppe feat. Natsuki Karin — Makka {Ярко-красный / Bright red / 真っ赤},4:20:00,@Mugetsu21,очередь,атлична - -,,,метал / электронное,
21) ABBA — The Winner Takes It All {Победитель получает всё} (1980; Live),4:30:55,@SaraAraara,очередь,атлична+,,,поп / баллада,
22) SPYAIR — Last Moment [25 Ending Bleach / Блич],4:43:50,@Terrikon11,очередь,атлична - -,Аниме,,рок ,
23) Puss in Boots — 52Hz no Kujira {Кит 52 Гц / Keith 52 Hz / 52Hzの鯨},5:00:00,@tikkimik,очередь,атлична,,,инди / рок,
24) Oli Frost — The Vampire Conspiracy(Part III) (Music Video),5:11:15,Triple_AI,очередь,хорошечно - -,,,поп,
24.5) Faryma.composer крутит чат на повышение долгов + розыгрыш бана в чате + сватует чат на стриме #8,5:17:30,Faryma.composer,,,,,,
СТРИМ №180 (13.12.25),, ,,,,,,
1) BAND-MAID — Ready to Rock [1 Opening Rock Is a Lady's Modesty / Рок — женская скромность],15:55,Librake,заказ,атлична,Аниме,,рок,
2) Yida feat. Yang Xue — Shadows in Bloom (Entering Revelry Hall Cutscene Theme) [Where Winds Meet OST],35:00,laitsberg,заказ,атлична - -,Игра,,оркестровое / фолк,
3) SOOOO feat. Kagamine Len — nihil hill (Official Music Video),47:55,Cybrex,долг Х6👻,хорошечно - -,,,метал / разное,
4) devalon — Nightmare Alice [OST; Black Souls II],1:04:00,wend1g,донат,кринж-контент++,Игра,,оркестровое / инструментал,
5) Dark Moor — The Moon,1:15:20,AShibaT,донат,нормас++,,,метал / оркестровое ,
6) Adam Sandler feat. Eight Crazy Nights Cast — Bum Biddy (Movie CLIP) [OST; Eight Crazy Nights / Восемь безумных ночей],2:15:55,Triple_AI,долг Х5⚰️,атлична - -,Фильм,,мюзикл/опера,
"7) HHH, MM & ST — Oboro {Оборо / Oboro / 朧} [Jubeat Saucer OST]",2:30:05,egorkasprigorca,донат,нормас++,Игра,,поп / электронное,
"8) Jerome Rosen, Boston Pops Orchestra, Arthur Fiedler, Камиль Сен-Санс — Saint-Saëns: Danse macabre, Op. 40",2:46:15,Максим Мухтаров,долг Х4☠️,гениально - -,,,оркестровое,
9) Clamavi De Profundis — Song of Durin(Complete Edition) {Песня Дурина},3:06:30,Влад Горшков,донат,нормас++,,,разное / фолк,
10) Trans-Siberian Orchestra — Toccata - Carpimus Noctem (Johann Sebastian Bach - Toccata and Fugue in D minor; Cover),3:39:50,Rtur,долг Х3💀,ну такое++,,,метал / оркестровое,
11) Silent Planet — Depths III,3:54:15,Indie Anthems,донат,хорошечно-,,,метал,
12) Laputa — Garasu no Shouzou {Стеклянный портрет / Garasu no Shouzou / 硝子の肖像} (30.09.1996 г.; HD; 1440p),4:05:10,kumashisan,заказ,хорошечно-,,,поп-рок / рок,
13) Бони НЕМ — Unbreak My Heart {Не разбивай моё сердце} (Toni Braxton - Unbreak My Heart; Cover),4:18:10,MeinJurer,донат,хорошечно+,,,фолк / инди / разное,
14) kors k — Der Wald (Eleharmonica - Der Wald; Remix) [Pop'n Music 20 fantasia OST],4:31:55,egorkasprigorca,долг,хорошечно - -,Игра,,электронное,
15) 5opka & 6055 — 42,4:45:55,wend1g,донат,нормас++,,,рэп,
16) OxT — HIGHEST [1 Opening The Eminence in Shadow / Восхождение в тени!],4:54:45,DzenDish,долг Х6👻,атлична+,Аниме,,электронная / рок / инди,
17) Dimmu Borgir — Puritania (Remixed & Remastered),5:08:50,MeinJurer,донат,атлична,,,метал / симфо,
18) Reol — Saisaki {Сайсаки / Saisaki / サイサキ},5:26:25,Sheruka,заказ,атлична+,,,поп,
19) The Chemical Brothers feat. Q-Tip — Galvanize (ПОВТОР: СТРИМ №64; 38 трек от sniffd),5:41:25,50 50,повтор,атлична+,,,электронное,
20) MOB CHOIR — 99 [1 Opening Mob Psycho 100 / Моб Психо 100],6:21:00,ansmit,долг Х4☠️,хорошечно++,Аниме,,метал / электронное,
21) Алексей Пыльная Радуга Румянцев — МТСД {mtsd},6:33:00,Indie Anthems,донат,хорошечно,,,инди ,
22) Steam Powered Giraffe — Un-Break My Heart (Toni Braxton - Unbreak My Heart; Cover),6:48:00,SinWarlock,долг Х3💀,атлична - -,,,фанк / поп / баллада,
"23) DJ SMASH — Moscow Never Sleeps {Москва никогда не спит} (HD, Remastered official video)",6:59:45,ayl1es,донат,хорошечно-,,,поп / электронное,
24) Queen — Jealousy {Ревность} (Remastered),7:13:20,TRISSAR; Static_Streams_,заказ,хорошечно++,,,баллада / поп,
25) Hayato Kagami — PIERCE,7:26:25,Aleks kun,донат,хорошечно+,,,метал ,
26) devalon — Prickett's Song [OST; Black Souls II],7:39:40,wend1g,долг,ну такое+,Игра,,поп-рок,
27) Colp — Bück Dich {Buck Dich / Нагнись} (Rammstein - Bück dich; Cover),7:49:20,MeinJurer,донат,атлична - -,,,метал,
28) SennaRin — KONTINUUM [1 Ending To Be Hero X /  Быть героем Икс],8:14:50,Летта,долг Х6👻,атлична - -,Аниме,,электронное / рок,
"29) yuiko — Inai Sekai {Мир, которого нет / A world that doesn't exist / イナイセカイ}",8:25:00,egorkasprigorca,донат,хорошечно-,,,поп-рок / рок,
30) KT Tunstall — Suddenly I See,8:36:00,Летта; Sendy Polaris,долг Х5⚰️,хорошечно+,,,поп-рок / инди,
31) Vastive — Summoning,8:47:55,SirVokrich,донат,атлична - -,,,электронное / метал,
32) OTYKEN feat. XZIBIT — Belief (OTYKEN - Belief; Remix),8:59:55,Rtur,долг Х4☠️,хорошечно,,,фолк / электронное,
33) Mouse On The Keys — Plateau,9:11:00,Extrapony,донат,атлична - -,,progressive,инди / рок / инструментал,
34) Sān-Z & HOYO-MiX feat. Vanessa Kim — Crimson Pierces the Twilight {Алый пронзает сумерки / Shu ni Somarishi Seien / 朱に染まりし青煙} [Zenless Zone Zero OST],9:27:00,laitsberg,долг Х3💀,хорошечно - -,Игра,,оркестровое / электронное / поп,
СТРИМ №179 (10.12.25),, ,,,,,,
ДОЛГОВОЙ,, ,,,,,,
1) Ado & Suipote! — Wakai Say Yo! {Примирение Say Yo! / Reconciliation Say Yo! / 和解Say Yo!},19:20,AnonymousAdomin,долг Х6👻,нормас++,,,поп-рок,
2) Mass of the Fermenting Dregs — Zureru {ズレる},34:40,ShadeR_93,долг Х5⚰️,хорошечно+,,,инди / рок,
3) Grimdark Tavern — My Blessed Rhino {Мой благословенный Носорог} (Sororitas X Blood Ravens Song; Warhammer 40k Music; Tavern Song - Parody Music),47:35,SinWarlock,долг Х4☠️,нормас - -,,,поп / фолк,
4) HOYO-MiX feat. Alexia Evellyn — Agony Converging into River (Irontomb Boss Theme; All Phases) [Honkai: Star Rail OST],1:04:05,Летта; EpicFire,долг Х3💀,хорошечно++,Игра,,электронное / рок,
5) LV.4 — Angel dust [CHUNITHM AIR OST],1:26:05,egorkasprigorca,долг Х2,нормас+,Игра,,электронное / инструментал,
6) Aina The End — Red:birthmark (Producer TK from Ling tosite sigure) [1/2 Ending Mobile Suit Gundam: The Witch from Mercury Season 2 / Мобильный воин Гандам: Ведьма с Меркурия 2],1:38:40,trivia_holic,долг,гениально - -,Аниме,,инди / рок / поп-рок,
7) Crywolf feat. Everly Frey — Aphelion (Galbrena's Lullaby) [Wuthering Waves OST],2:08:25,laitsberg,заказ,гениально - -,,,электронное / рок / инструментал,
8) Darren Korb — The Bottom Feeders [Bastion OST],2:25:40,SinWarlock,долг Х6👻,атлична-,Игра,,инди / инструментал / электронное,
9) Ling Tosite Sigure — Loo% Who% [1 Ending Gnosia / Гносия],2:33:15,DzenDish,долг Х5⚰️,атлична - -,,,инди / рок,
10) universe — echoes [24 Ending Bleach / Блич],2:44:35,Sammy Willbur,долг Х4☠️,нормас++,Аниме,,поп-рок,
11) Vacuum — I Breathe,3:01:15,Влад Горшков,долг Х3💀,хорошечно,,,инди / поп-рок,
12) Vladimir Bulaev — Melancholy [OST; Tiny Bunny / Зайчик],3:14:50,Monstrrro,долг Х2,нормас++,Игра,solo instrument,оркестровое / инструментал,
13) Max Frost — Creep Back,3:30:55,Indie Anthems,долг,атлична - -,,,поп / инди,
14) ZUTOMAYO — Time Left {Оставшееся время / Remaining time / Zanki / 残機} [2 Ending Chainsaw Man / Человек-бензопила],3:44:40,ansmit,долг Х6👻,атлична,Аниме,,поп-рок / инди,
15) Yasunori Mitsuda — Chrono Trigger {Хроно Триггер / Kurono Torigā / クロノ・トリガー} (Main Theme) [Chrono Trigger OST],3:57:10,SinWarlock,заказ,хорошечно-,Игра,,электронное / инструментал,
"16) Hump Back — Haikei, Shounen Yo {Дорогой юноша / Dear young man / 拝啓、少年よ}",4:09:50,ShadeR_93,долг Х5⚰️,нормас,,,поп-рок,
СТРИМ №178 (6.12.25),, ,,,,,,
1) Elisa Rosselli — Ti parlo di me {Live My Life / Жить моей жизнью} [OST; Winx Club / Клуб Винкс],14:50,Sadierre,заказ,хорошечно - -,Фильм,,поп,
2) DM DOKURO feat. SixteenInMono — Return To Slime (Theme of The Slime God) [Terraria Calamity Mod OST],26:55,BloodAlloy,заказ,хорошечно-,Игра,,метал / оркестровое,
3) Ginkiha — EOS [OST; Sound Voltex II: Infinite Infection],48:25,egorkasprigorca,донат,нормас++,Игра,,электронное ,
3.5) Faryma.composer смотрит итоги 2025 г. на твиче,1:05:20,Faryma.composer,,,,,,
4) SID — Enamel {Эмаль / Enameru / エナメル} [1 Opening Black Butler: Book of Circus / Тёмный дворецкий: Глава о цирке],1:11:30,@tikkimik,заказ,хорошечно,Аниме,,метал,
5) Nobuo Uematsu — Black Mage Village {Деревня чёрных магов / Kuro Madōshi no Mura / 黒魔導士の村} [OST; Final Fantasy IX],1:23:05,SinWarlock,заказ,хорошечно-,Игра,,электронное,
6) Mamoru Samuragochi — Mansion Basement (Dual Shock Ver) [Resident Evil: Director's Cut OST],1:31:20,GameCloser,долг Х6👻,ну такое,Игра,,оркестровое / инструментал,
7) Русские MC'z — Чистое небо {Clear Sky} (S.T.A.L.K.E.R.: Clear Sky),1:36:55,50 50,донат,ну такое++,Игра,,рэп,
8) HOYO-MiX feat. Aylin Abbasova — DAMIDAMI (Lucia EP) [Zenless Zone Zero OST],1:52:35,laitsberg,долг Х5⚰️,гениально - -,Игра,,фолк / поп,
9) Nobuo Uematsu — Dancing Mad {Безумный танец / Yōsei Ranbu / 妖星乱舞} (No Repeats / Short Version) [OST; Final Fantasy VI],2:01:20,Влад Горшков,донат,атлична+,Игра,progressive,оркестровое / электронное / инструментал,
10) Yui Horie — The World's End [2 Opening Golden Time / Золотая пора / Золотое время],2:51:15,AndrLord; Ivan_Vitalyevich,заказ,хорошечно++,Аниме,,поп / оркестровое / метал,
11) MsBigSausage — Отделяться {Separate},3:09:00,wend1g,донат,нормас++,,,инди,
12) Eri Sasaki — Fuyu Biyori {Хороший зимний день / Nice winter day / Fuyubiyori / ふゆびより} [1 Ending Laid-Back Camp / Yuru Camp△ / Лагерь на свежем воздухе],3:16:45,trivia_holic,долг Х3💀,нормас++,Аниме,,поп / баллада,
13) Domitori Taranofu — One Moment From the Past (Less Bass / Меньше баса),3:31:40,Domitori Taranofu,заказ,нормас,,,электронное / баллада,
14) Huby — Danika House (lyrics video),3:47:20,50 50,донат,ну такое++,,,разное,
15) HOYO-MiX feat. Ai Mori — Calydon's Ride {Дорога Калидона / Calydon's Ride / 卡吕冬的骑行} [Zenless Zone Zero OST],4:28:40,wend1g,долг Х2,нормас++,Игра,,метал,
16) Stephen Paul Taylor — Everybody Knows Sht's Fcked (Reddit Edition),4:39:15,MeinJurer,донат,ну такое++,,,инди ,
17) Алексей Пыльная Радуга Румянцев — Музыка,4:53:35,Indie Anthems,долг,хорошечно++,,,инди,
18) DenDerty — Тотальное самоубийство {Total Suicide},5:03:35,SirVokrich,донат,хорошечно - -,,,электронное / инди,
19) Big Matur — Уфа - столица R&B {Ufa - the capital of R&B},5:16:30,Акума; Napporaivo,долг Х5⚰️,нормас++,,,рэп / фолк,
20) Казённый Унитаз — Моча съела говно {Urine ate shit},5:29:45,Влад Горшков,донат,ну такое-,,,рок,
21) Kalafina — Lacrimosa [2 Ending Black Butler / Тёмный дворецкий],5:48:30,DzenDish,долг Х4☠️,хорошечно,Аниме,,оркестровая / баллада / поп-рок,
22) Yuka Kitamura — Darkeater Midir [OST; Dark Souls III / Dark Souls 3],6:21:45,GameCloser,заказ,хорошечно-,Игра,,оркестровое / инструментал,
23) BLiSS — OnnSunTai,6:35:20,SirVokrich,донат,хорошечно++,,,электронное / баллада,
24) Eve — Underdog (Music Video),6:54:05,Svd_bb,долг Х3💀,атлична+,,,поп / поп-рок ,
25) Tom Scripts — Title Screen [Crazy Bus OST],7:07:55,Влад Горшков,донат,кринж-контент,Игра,,электронное / инструментал,
26) UNISON SQUARE GARDEN — Midnight Jungle (Live),7:16:05,kumashisan; Triple_AI,заказ,хорошечно++,,,рок,
27) Ансамбль Христа Спасителя и Мать Сыра Земля — Наши иконы самые красивые {Our Icons Are the Most Beautiful},7:27:55,MeinJurer,донат,кринж-контент++,,,рок / инди,
28) devalon — Queen Alice - Grand Guignol Phase 6 [OST; Black Souls II],7:44:15,wend1g,долг,нормас++,Игра,,метал / оркестровое,
28.5) Faryma.composer узнаёт про 6 декабря + сватует чат на стриме #7 + розыгрыш бана в чате,7:56:45,Faryma.composer,,,,,,
29) Silent Planet — Inhabit the Wound,8:06:35,Indie Anthems,донат,атлична - -,,,метал,
30) Король и Шут — Рогатый {Horned Man},8:15:15,SinWarlock,долг Х5⚰️,хорошечно,,,рок,
31) Ludvig Forssell feat. Jenny Plant — BB's Theme [Death Stranding OST],8:25:20,Влад Горшков,донат,атлична+,Игра,,оркестровое / электронное,
"32) HoneyWorks feat. Saori Hayami — Kawaikute Gomen {Прости, что такая милая / Sorry for being so sweet / 可愛くてごめん} (Сейю Chuu-tan / Chizuru Nakamura) [Character Song; Confession Executive Committee ~Love Series~ / Комитет исполнения признаний ~Серия любви~]",8:39:00,ShadeR_93,долг Х4☠️,хорошечно - -,Аниме,,поп,
СТРИМ №177 (4.12.25),, ,,,,,,
ДОЛГОВОЙ,, ,,,,,,
1) milet — Fly High (Theme Song; NHK Winter Sports),19:05,mage10,долг Х6👻,атлична - -,,,поп / оркестровое,
2) MANNA — Dete koi tobikiri ZENKAI Power! {Выходи! Супер Зенкай Пауэр! / Come out! Super Zenkai Power! / でてこい とびきりZENKAIパワー!} [1 Ending Dragon Ball Z / Драконий жемчуг Зет],33:50,Eagler,долг Х7🥀,хорошечно-,Аниме,,поп / фанк,
3) HALCALI — Otsukare SUMMER {Усталое лето / Tired summer / おつかれSUMMER},45:10,Svd_bb,заказ,гениально - -,,,поп / джаз / инди,
"4) Sān-Z, HOYO-MiX & Alaina Cross — FURYON [Zenless Zone Zero OST]",58:05,laitsberg,долг Х5⚰️,хорошечно+,Игра,,электронное / поп / поп-рок,
5) go!go!vanillas — SHAKE,1:10:40,AndrLord,долг Х4☠️,атлична-,,,поп / джаз ,
6) Alcest — Kodama,1:21:20,Hantrik,долг Х3💀,атлична,,,инди / рок,
7) devalon — No Face - Grand Guignol Phase 5 [OST; Black Souls II],1:40:35,wend1g,долг Х2,хорошечно-,Игра,,оркестровое / инструментал,
"8) Hilcrhyme — Killer Bars [1 Opening My Instant Death Ability Is So Overpowered, No One in This Other World Stands a Chance Against Me! / Другой мир не может противостоять силе мгновенной смерти]",2:08:00,Silicatium,заказ,нормас++,Аниме,,поп / рэп,
9) -45 — G e n g a o z o (2003 BMS event 'LiZ vs OMT'),2:19:35,egorkasprigorca,долг,хорошечно - -,Игра,,электронное / инструментал,
10) The Black Keys — Howlin' for You (Remastered),2:34:35,GameCloser,долг Х6👻,хорошечно++,,,джаз / рок,
11) frederic — Akuma {Дьявол / Devil / 悪魔} [Main Theme; Cinderella Closet / Шкаф Золушки],2:48:00,Svd_bb,долг Х5⚰️,атлична - -,Фильм,,поп / фанк / поп-рок,
"12) Bill Hemstapat feat. Layth Sidiq — Zaahen, the Unsundered [League of Legends OST]",2:58:25,laitsberg,заказ,атлична,Игра,,оркестровое / электронное ,
13) Nyxen — Kurovia,3:06:50,AnonymousAdomin,долг Х4☠️,хорошечно+,,,инди / метал,
14) Mrs. GREEN APPLE — Speaking [4 Ending Yu-Gi-Oh! ARC-V / Югио! Арк-Файв],3:23:10,AndrLord,долг Х3💀,хорошечно,Аниме,,поп-рок,
15) Jake Kaufman — La Danse Macabre(Lich Yard) [OST; Shovel Knight / Лопатный Рыцарь],3:37:40,SinWarlock,долг Х2,хорошечно+,Игра,,электронное / инструментал,
16) Trans-Siberian Orchestra — The Lost Christmas Eve,3:51:10,Rtur,долг,ну такое++,,,метал / баллада / мюзикл/опера,
17) Би-2 feat. Oxxxymiron — Пора возвращаться домой {Time to Return Home},4:04:40,GameCloser,долг Х6👻,атлична,,,поп-рок / рэп,
18) Invent Animate — Elysium,4:15:45,graf_trahula1337,заказ,атлична - -,,,метал / баллада,
19) UNKLE feat. Josh Homme — Restless,4:34:05,Rtur,долг Х4☠️,атлична,,,инди / рок,
20) Jake Kaufman — The Moon (Hiroshige Tonomura - The Moon; Remix) [DuckTales: Remastered OST],4:47:20,SinWarlock,долг Х3💀,хорошечно-,Игра,,электронное / инструментал,
СТРИМ №176 (29.11.25),, ,,,,,,
1) devalon — Beast of Purity and Predation [OST; Black Souls II],16:35,wend1g,донат,атлична,Игра,,оркестровое / фолк / инструментал,
2) Tokyo Ska Paradise Orchestra feat. Kosuke Saito — Shiro To Kuro No Montuno {Белый и чёрный Монтуно / White and black Montuno / 白と黒のモントゥーノ} (Live) [Opening Shinjuku Seven / Семёрка из Синдзюку],43:10,kumashisan,заказ,хорошечно,Фильм,,поп / джаз / фолк,
3) Lorien Testard & Alice Duport-Percier — Flying Waters - Goblu [OST; Clair Obscur: Expedition 33],54:45,SinWarlock,заказ,атлична,Игра,,инструментал / оркестровое / инди,
4) Hiroki Takahashi — Makafushigi Adventure {Мистическое приключение / Mystical adventure / 魔訶不思議アドベンチャー!} [1 Opening Dragon Ball / Драконий жемчуг],1:04:15,Eagler,долг Х6👻,хорошечно,Аниме,,поп / фанк,
5) Soundgarden — Black Hole Sun,1:10:50,50 50,донат,атлична+,,,инди / рок,
6) Hiroyuki Sawano feat. Laco — THE ANSWER [OST; 86 / Eighty-Six / Восемьдесят шесть],1:24:05,DzenDish,долг Х5⚰️,хорошечно - -,Аниме,,поп / поп-рок,
7) Cephalectomy — Shroud of Mysticism(2022),1:38:55,MeinJurer,донат,хорошечно - -,,,метал,
8) Camellia — Flamewall,2:09:55,george,долг Х4☠️,нормас,,,метал,
9) Марина Ланда & Сергей Васильев — Погоня {Chase} [OST; Смешарики],2:31:05,50 50,донат,хорошечно,Фильм,,джаз / инструментал / инди,
10) Phantom Siita — bot bakka {Только боты / Only bots / botばっか} (Producer Ado),2:42:45,AnonymousAdomin,долг Х3💀,хорошечно+,,,поп,
11) LeaF — Alice in Misanthrope {Алиса в мизантропии / Ensei Arisu / 厭世アリス} (Конкурс BOFU2016) [OST; RYCEAM],2:54:10,egorkasprigorca,донат,хорошечно,Игра,,электронное / инструментал,
12) Kevin Penkin — Juroimoh Mutation {Мутация Джуроимо / Juroimoh Mutation / ジュロイモー変異} [OST; Made in Abyss: The Golden City of the Scorching Sun / Созданный в Бездне: Золотой город палящего солнца],3:07:20,ТреньБрень,долг Х2,гениально - -,Аниме,,оркестровое / электронное / инструментал,
13) Марина Ланда & Сергей Васильев — Шу-би-ду(Как хочется спать) {Shu-bi-du} [OST; Смешарики],3:23:10,50 50,донат,атлична,Фильм,,джаз / мюзикл/опера,
14) devalon — Heavenly Beast Florence [OST; Black Souls II],3:32:20,wend1g,долг,нормас++,Игра,,инструментал / оркестровое,
15) Koseki Bijou — ROCK IN!,4:00:05,AShibaT,донат,нормас,,,поп / электронное,
16) Necry Talkie — Hokujou no Susume {Рекомендация на север / Recommendation to the north / 北上のススメ},4:14:00,AndrLord; Ivan_Vitalyevich,заказ,атлична - -,,,поп / фанк,
17) Марина Ланда & Сергей Васильев — Вестибулярный аппарат {Вести-бу-би-лю-би-бу / Vestibular apparatus} (ПОВТОР: СТРИМ №43; 18 трек от @ButDarya) [OST; Смешарики],4:24:50,50 50,повтор,гениально - -,Фильм,,фанк,
18) Neil Patrick Harris feat. Felicia Day — My Eyes [OST; Dr. Horrible's Sing-Along Blog / Музыкальный блог Доктора Ужасного],4:35:40,meganekka,долг Х5⚰️,нормас++,Фильм,,мюзикл/опера,
19) Asaka — Seize The Day [1 Opening Laid-Back Camp Season 2 / Лагерь на свежем воздухе 2],4:45:35,wend1g,донат,атлична,Аниме,,поп / джаз / фанк,
20) Rob Dougan — Furious Angels,4:56:45,Rtur,долг Х4☠️,атлична - -,,,оркестровое / инди / электронное,
21) Марина Ланда & Сергей Васильев — Город Омск {Omsk City} [OST; Смешарики],5:06:55,50 50,донат,атлична,Фильм,,поп / фолк,
22) Kalafina — Manten {Полное небо / Full sky / 満天} [Ending Fate/Zero / Судьба/Начало],5:15:55,DzenDish,долг Х3💀,хорошечно+,Аниме,,оркестровое / рок,
23) VEJERES — Своё вдохновение {Your inspiration},5:31:05,kiberbiller,донат,кринж-контент++,,,инди,
24) TOOBOE — Alien {Инопланетянин / Iseijin / 異星人},6:06:45,Xlibunka,долг Х2,атлична - -,,,инди / поп-рок,
25) Марина Ланда & Сергей Васильев — Марафонец {Marathon Runner} [OST; Смешарики],6:22:10,50 50,донат,атлична,Фильм,,поп / мюзикл/опера,
26) Tokyo Philharmonic Orchestra feat. Hatsune Miku — 1/6 -out of the gravity- (Vocaliod-P feat. Hatsune Miku — 1/6 -out of the gravity-; Live),6:33:50,laitsberg,долг,хорошечно+,,,оркестровое / электронное,
27) Decrepit Birth — Sea of Memories,6:46:35,MeinJurer,донат,хорошечно+,,,метал,
28) HOYO-MiX — Straight Through the Snowtide [Genshin Impact OST],7:04:25,EpicFire,долг Х5⚰️,хорошечно++,Игра,,оркестровое / фолк,
29) Марина Ланда & Сергей Васильев — От винта! {From the Propeller} [OST; Смешарики],7:15:35,50 50,донат,хорошечно++,Фильм,,поп / инди,
"30) Darren Korb feat. Erin Yvette, Ashley Barrett & Judy Alice Lee — Coral Crown [Hades II OST]",7:30:35,SinWarlock,долг Х4☠️,нормас++,Игра,,метал,
31) Domitori Taranofu — Vibe of the Night Cafe,7:41:15,Domitori Taranofu,донат,нормас+,,,инструментал / поп / джаз,
32) Mochiutsune feat. Hatsune Miku — Okusuri Nonde Neyou {Давай выпьем лекарство и ляжем спать / Take medicine and go to sleep / Let's Take Some Medicine and Go to Bed / おくすり飲んで寝よう},7:55:00,ShadeR_93,долг Х3💀,хорошечно-,,,электронное,
33) Марина Ланда & Сергей Васильев — Огород {Vegetable Garden} [OST; Смешарики],8:05:45,50 50,донат,хорошечно,Фильм,,фолк / оркестровое / инструментал,
33.5) Faryma.composer отвечает на вопросы,8:14:10,Faryma.composer,,,,,,
СТРИМ №175 (26.11.25),, ,,,,,,
ДОЛГОВОЙ,, ,,,,,,
1) Robert L. Euvino — Castle Jam [Stronghold OST],10:20,Дотер,долг Х7🥀,хорошечно,Игра,,фолк / инструментал,
2) Laputa — Eve {Eve ~Last Night For You~},22:25,kumashisan,заказ,хорошечно,,,метал,
3) Kalafina — One Light [2 Ending The Heroic Legend of Arslan / Сказание об Арслане],36:10,DzenDish ,долг Х6👻,хорошечно-,Аниме,,рок,
4) Giga feat. Kagamine Rin & Len — BRING IT ON {Rettou Joutou / 劣等上等} (Theme Song; Magical Mirai Kagamine Rin & Len 10th Anniversary),50:40,Sheruka,долг Х5⚰️,гениально - -,,,электронное,
5) Lindsey Stirling feat. Mako — Lose You Now,1:06:45,Enotishche,долг Х4☠️,хорошечно - -,,,поп / баллада,
6) LiSA — Rally Go Round [1 Opening Nisekoi: False Love / Притворная любовь],1:21:05,Ivan_Vitalyevich,долг Х3💀,хорошечно-,Аниме,,поп-рок,
7) 9Lana — Only Way,1:38:10,ansmit,долг Х2,атлична - -,,,рэп,
8) Mori Calliope feat. BOOGEY VOXX — Graveyard Shift,2:08:25,AShibaT,долг,хорошечно,,,электронное / поп,
9) Bakudan Johnny — Tadahitori { 唯一人} [1 Opening Ping Pong The Animation / Пинг-понг],2:22:50,meganekka,долг Х6👻,хорошечно-,Аниме,,рок / инди,
"10) Fear, and Loathing in Las Vegas — Until You Die Out [1 Ending Ninja Vs. Gokudo / Ниндзя и якудза]",2:33:50,DzenDish,долг Х5⚰️,хорошечно - -,Аниме,,электронное / метал,
"11) dai feat. Nei Kino — Spider Lily ~Union of the Birds at Dawn~ {Spider lily - Imose no Musubi wa Shinonome zo / Spider lily -妹背の結びは東雲ぞ} [VN; Ending Higanbana no Saku Yoru ni / В ночь, когда расцветает Красная паучья лилия]",2:46:30,Monstrrro,долг Х4☠️,хорошечно - -,Игра,,поп / баллада,
"12) Tei — Hira-yori Raiya, Sara-riya Takaki { 閃より雷や、更りや高き} [1 Opening My Gift Lvl 9999 Unlimited Gacha: Backstabbed in a Backwater Dungeon, I'm Out for Revenge! / Я был предан товарищами в глубине подземелья, но благодаря своему навыку «Бесконечная гача» я обрёл союзников 9999 уровня, чтобы отомстить бывшим соратникам и всему миру!]",2:59:55,DzenDish,долг Х3💀,атлична-,Аниме,,инди / фолк ,
"13) Mrs. GREEN APPLE — Love me, Love you",3:14:40,AndrLord,долг Х2,атлична - -,,,поп / джаз,
"14) devalon — Mabel, Girl of Nihility [OST; Black Souls II]",3:25:40,wend1g,долг,хорошечно-,Игра,progressive,электронное / инструментал,
15) Father Of Peace — Enemy,3:41:35,laitsberg,заказ,атлична+,,,инди / рок,
СТРИМ №174 (13.11.25),, ,,,,,,
ЗАГАДОЧНЫЙ РЭП-АЛЬБОМ!,, ,,,,,,
1) 163ONMYNECK — Сакура {Sakura},11:30,arantear,заказ,нормас - -,,,рэп,
2) 163ONMYNECK — Угадай мелодию {Guess the melody},27:35,arantear,заказ,нормас-,,,рэп,
3) 163ONMYNECK — Мальчики {Boys},38:50,arantear,заказ,хорошечно-,,,рэп,
4) 163ONMYNECK — Флинт {Flint},49:50,arantear,заказ,атлична - -,,,рэп,
5) 163ONMYNECK — Восап {Wasap},57:20,arantear,заказ,хорошечно-,,,рэп,
6) 163ONMYNECK — Щит толкин {Tolkien's shield},1:05:25,arantear,заказ,хорошечно+,,,рэп,
7) 163ONMYNECK — Другой стиль {Different style},1:11:40,arantear,заказ,нормас,,,рэп,
8) 163ONMYNECK — Гоатс милк {Goats Milk},1:19:30,arantear,заказ,нормас+,,,рэп,
9) 163ONMYNECK — Фри Рио {Free Rio},1:23:45,arantear,заказ,нормас-,,,рэп,
10) 163ONMYNECK — Запах свеч {The smell of candles},1:31:00,arantear,заказ,хорошечно-,,,рэп,
11) 163ONMYNECK — Средний {Average},1:38:05,arantear,заказ,нормас,,,рэп,
12) 163ONMYNECK — Городские девочки {City girls},1:46:15,arantear,заказ,хорошечно - -,,,рэп,
13) 163ONMYNECK — Аутруха {Autruha},1:53:50,arantear,заказ,нормас,,,рэп,
СТРИМ №173 (9.11.25),, ,,,,,,
БЛАГОТВОРИТЕЛЬНЫЙ,, ,,,,,,
1) BECK — Slip Out(Little More than Before) [OST; Beck: Mongolian Chop Squad / Бек: Восточная Ударная Группа],11:15,@VisokomerniyListopadovich,очередь,нормас++,Аниме,,рок,
2) RAISE A SUILEN — STRAY CERBERUS [BanG Dream! Girls Band Party! OST],24:30,LegalizeMeToo,очередь,атлична - -,Игра,,электронное / рок,
3) Sopor Aeternus & The Ensemble Of Shadows — La Mort d'Arthur,39:45,@seeaweedfish,очередь,атлична - -,,,оркестровое / инди / фолк,
4) ovROG feat. Hatsune Miku — Положись на Говновоз (Eight - Yotsuya-san ni Yoroshiku; Vocaloid; Mashup Parody),50:30,eurodance_with_cat,очередь,ну такое,,,рок / электронное ,
"5) КняZz — ПИВО, ПИВО, ПИВО {BEER, BEER, BEER}",1:04:15,SinWarlock,очередь,нормас-,,,рок,
6) STERVELL — Детство {Childhood},1:15:00,@Taidazawr,очередь,хорошечно,,,рок / поп-рок,
7) FENDIGLOCK feat. OG Buda — В Отеле {In the Hotel},1:27:10,@skyshewalkwr,очередь,нормас,,,рэп,
8) mzlff — комната смеха {laughing room / fun room},1:37:30,Jander,очередь,хорошечно,,,рок / рэп,
"9) Qadtbep & Taku Iwasaki — Nikopol (Viral’s Theme) [OST; Tengen Toppa Gurren Lagann / Гуррен-Лаганн, пронзающий небеса]",1:46:45,Меньшиков Максим,очередь,нормас,Аниме,,метал,
10) Playboi Carti — OPM BABI,1:56:45,@Baobab123453,очередь,ну такое+,,,рэп,
11) MiatriSs — Yandere Song (Russian Version; The Original Song),2:07:15,@telott28,очередь,ну такое-,,,электронное / поп,
12) Pedro Silva — DUET [OMORI OST],2:35:05,@Kw14Sl88,очередь,хорошечно - -,Игра,,оркестровое / инструментал,
13) Tristam — Violence,2:42:20,@Cubanexx,очередь,хорошечно+,,,поп,
14) MAXIMUM THE HORMONE — F [OST; Dragon Ball Z: Resurrection 'F' / Драконий жемчуг Зет: Воскрешение 'F'],2:51:45,Kami1929,очередь,атлична-,Аниме,,метал,
15) Kairiki Bear feat. Hatsune Miku — Yamiaka Steroid {Болезненный Стероид / Vent Account Steroid / Painful Steroid / 病み垢ステロイド} (Vocaloid),3:04:30,@name127zHs,очередь,хорошечно++,,,электронное,
16) Justin E. Bell — Ondra's Gift [Pillars of Eternity OST],3:13:45,gigantorix,очередь,нормас++,Игра,,оркестровое / инструментал,
16.5) Faryma.composer показывает свой трек из японского альбома,3:23:30,Faryma.composer,,,,,,
17) Shiro Sagisu — will of the heart [OST; Bleach / Блич],3:28:30,@snaip_91,очередь,хорошечно - -,Аниме,,инструментал / оркестровое,
18) Karanoah — Ban {Пара / Pair / 番} [2 Ending Gachiakuta / Гачиакута / Гатиакута],3:43:50,kumashisan,очередь,атлична,Аниме,,инди / рок / электронное,
19) GACKT — Tsuki no Uta {Песня луны / Song of the Moon / 月の詩} [1 Ending Texhnolyze / Технолайз],4:04:00,@Zagadochniy_Pretendent,очередь,гениально - -,Аниме,,баллада / оркестровое / инди,
20) Devourment — Over Her Dead Body,4:14:35,@Masyanyechka,очередь,хорошечно - -,,,метал,
СТРИМ №172 (8.11.25),, ,,,,,,
1) Marcin — HOW MUSIC WORKS (Proving I'm Not Fake Once And For All),16:50,laitsberg,заказ,атлична++,,solo instrument,оркестровое,
2) Scott Bradlee’s Postmodern Jukebox feat. Haley Reinhart — Creep (Radiohead — Creep; Cover),37:15,Rtur,донат,атлична,,,джаз,
3) Melanie C feat. Lisa 'Left Eye' Lopes — Never Be the Same Again,51:05,meganekka,заказ,хорошечно-,,,фанк / поп,
4) Taku Iwasaki — Kinpaku {Напряжение / Voltage / 緊迫} [OST; Akame ga Kill! / Убийца Акамэ!],1:02:05,arantear,донат,атлична+,Аниме,,оркестровое / фолк / инструментал,
5) Timmy Trumpet & SCNDL — Bleed (Мистер Дудец; Full edition),1:10:35,lombada_rola,заказ,нормас,,,электронное / инструментал,
6) UVERworld — Touch off (ПОВТОР: СТРИМ №2; 39 трек от dzahaines) [1 Opening The Promised Neverland / Обещанный Неверлэнд],1:20:55,lacew8i8ng,повтор,атлична - -,Аниме,,рок / электронное,
"7) Paul Romero, Rob King & Steve Baca — Combat - Fortress (Fortress Battle Theme) [OST; Heroes of Might and Magic V / Герои меча и магии V]",1:32:20,Влад Горшков,донат,хорошечно-,Игра,,инструментал / оркестровое,
8) Chris Christodoulou — They Might As Well Be Dead [Risk of Rain 2: Survivors of the Void OST],2:02:20,oparolingstone,заказ,атлична-,,,инди / инструментал / рок,
9) 9Lana — KYUBI {Девятихвостый / Nine-Tailed Fox / 九尾},2:14:00,Madao,заказ,гениально - -,,,поп / электронное,
"10) Vaundy — Saikai {Воссоединение / Reunion / 再会} [1 Opening The Summer Hikaru Died / Лето, когда погас свет]",2:29:10,gian_blackbell,заказ,гениально - -,Аниме,,инди / поп-рок,
11) Anthony Vincent — Creep (Radiohead — Creep; Cover),2:46:40,trivia_holic,донат,атлична-,,,метал,
12) Lisa Komine — Resuscitated Hope [1 Ending Gosick / Госик],2:59:45,AndrLord,долг Х4☠️,нормас++,Аниме,,рок,
13) VEJERES — Совесть должна направлять {Conscience guides},3:17:30,kiberbuller,донат,кринж-контент,,,инди,
14) Ado — MAGIC [1 Opening Cat's Eye / Кошачий глаз],3:31:45,AnonymousAdomin; vio_kim,заказ,атлична-,Аниме,,фанк / поп,
15) Illdisposed — Wake Up Dead (Megadeth - Wake Up Dead; Cover),4:04:05,MeinJurer,донат,хорошечно,,,метал,
16) Darren Korb feat. Ashley Barrett & Judy Alice Lee — Moonlight Guide Us [OST; Hades II / Hades 2],4:22:00,SinWarlock,долг Х2,хорошечно+,Игра,,разное / инди,
17) KANKAN & FAKE TYPE. — Bloody Mary,4:30:05,AndrLord,донат,атлична - -,,,поп ,
18) Hakos Baelz & Inugami Korone — BITE! Kamu! BITE! {BITE! Кусай! BITE! / BITE! Bite!! BITE! / BITE! カム! BITE!},4:45:45,AShibaT,долг,хорошечно-,,,поп ,
19) Sergey Golovin — Winter Sun,4:59:20,MeinJurer,донат,атлична - -,,,инди / поп-рок / инструментал,
20) Arisa Komiya — Perfect SEKAI {Perfect WORLD} (Character Song; Сейю Dia Kurosawa) [OST; Love Live! Sunshine!! / Живая любовь! Сияние!!],5:28:30,Napporaivo; kumashisan,заказ,нормас++,Аниме,,поп / фолк,
21) P.T. Adamczyk — Syndicate [Gwent: The Witcher Card Game OST],5:42:25,Влад Горшков,донат,атлична,,,оркестровое / фолк / инструментал,
22) Glenn Stafford — Terran One (Terran Theme 1) [StarCraft OST],5:58:50,upucka18,заказ,атлична - -,Игра,,инструментал / инди / поп-рок,
23) Игорь Зимов — Тик Так {Tick ​​Tock},6:16:10,wend1g,донат,нормас++,,,инди,
24) Richard Clayderman — La Cumparsita {Кумпарсита / La Cumparsita} (Gerardo Matos Rodríguez - La Cumparsita; Cover),6:26:10,Rtur,долг Х5⚰️,нормас++,,,фолк / поп,
"25) HOYO-MiX — Night Falls, Everyone, Close Your Eyes [Honkai: Star Rail OST]",6:49:50,laitsberg,донат,атлична,Игра,,электронное / инструментал / оркестровое,
26) HOYO-MiX — Lygus Boss Theme (Game Version) [Honkai: Star Rail OST],6:58:10,Летта; EpicFire,долг Х4☠️,атлична-,Игра,,электронное / инструментал,
27) devalon — Edith the Gray Eagle [OST; Black Souls II],7:07:40,wend1g,донат,нормас,Игра,,оркестровая / метал,
28) Omoi feat. Hatsune Miku — Teo {За руку / By the hand / テオ},7:21:20,Акума,долг Х3💀,нормас++,,,метал / поп,
СТРИМ №171 (6.11.25),, ,,,,,,
ДОЛГОВОЙ,, ,,,,,,
"1) Enrique Iglesias feat. Sean Paul, Descemer Bueno & Gente De Zona — Bailando {Dancing} (Spanish Version)",20:05,Cherfrish,долг Х10☄️,хорошечно - -,,,поп / фолк,
2) Darren Korb feat. Louis Cole — The End of Time [OST; Hades II / Hades 2],33:10,Boevaya_riba,заказ,атлична - -,Игра,progressive,рок / инди / инструментал,
3) Suga Shikao — Nobody Knows [1 Opening xxxHOLiC: Kei / Триплексоголик: Продолжение],46:00,meganekka,долг Х7🥀,хорошечно-,Аниме,,фанк,
"4) Eric Huebner — Études pour piano, Livre 1: No.1. Désordre (composer György Ligeti)",58:25,Triple_AI,долг Х6👻,атлична,,"solo instrument, progressive",оркестровое / инструментал,
5) Who-ya Extended — CRY OUT CRY OVER {CRU OUT CRY OVER} [1 Opening Onmyo Kaiten Re:Birth Verse: / Цикл оммёдзи: Перерождение],1:09:35,DzenDish,долг Х5⚰️,хорошечно - -,Аниме,,метал,
6) HOYO-MiX — Across Dimming Asterisms [Genshin Impact OST],1:23:05,Летта; EpicFire,долг Х4☠️,хорошечно++,Игра,,инструментал / оркестровое / фолк,
7) Yuri O — Predator of the Abyss [L_Ender's Cataclysm OST],1:56:15,UnknownSekorsky,долг Х3💀,ну такое++,Игра,,оркестровое / метал / инструментал,
8) Maiki P — Darling Game Over Love {Darling Game Over Love / Daarin Geemu Oobaa Rabu / ダーリンゲームオーバーラブ} (Maiki P feat. Hatsune Miku - Darling Game Over Love; Self Cover),2:13:25,LegalizeMeToo,долг Х2,атлична - -,,,рок / электронное,
9) Hakos Baelz — Play Dice! (ORIGINAL MV),2:26:00,AShibaT,долг,атлична - -,,,электронное / поп,
СТРИМ №170 (1.11.25),, ,,,,,,
1) Mecano — Hijo de la Luna (Videoclip),11:10,sniffd,заказ,атлична+,,,фолк / оркестровая,
2) DJ Sharpnel — Future Dominators (OP REMIX) [1 Opening Дневник будущего / The Future Diary / Mirai Nikki],28:45,egorkasprigorca,донат,нормас++,Аниме,,электронное / инструментал,
3) XOLIDAYBOY — Между Строчек {Between the Lines} (Lorien Testard & Alice Duport-Percier — Lumière; Original),49:05,говяжий анус,долг Х9🌑,"хорошечно++ / кринж-контент (жулик, не воруй!)",,,баллада / оркестровое,
4) SALUKI feat. FEDUK & FRIENDLY THUG 52 NGG — BOY$,1:02:40,ayl1es,донат,гениально - -,,,рэп ,
5) mididuck — matches,1:24:35,Empersey,долг Х6👻,атлична - -,,,поп-рок ,
6) Girls Dead Monster feat. LiSA — Thousand Enemies [OST; Angel Beats! / Ангельские ритмы],1:30:05,egorkasprigorca,донат,нормас,Аниме,,поп-рок,
7) Слава КПСС — Ради детей {For Children},1:44:30,randerban,заказ,атлична - -,,,рэп,
8) Inugami Korone — Doggy god's street,2:07:55,AShibaT,донат,хорошечно-,,,поп / рэп / джаз,
9) Austin Wintory — The Road of Trials [Journey OST],2:25:55,Noveske,долг Х4☠️,атлична+,Игра,,оркестровое / фолк / инструментал,
10) Самат Умаров — САМАЯ ХУДШАЯ МУЗЫКА В МИРЕ КОМРОЗИЦИЯ 3,2:42:40,Влад Горшков,донат,кринж-контент+,,,разное / инструментал,
"11) The Frames — Seven Day Mile [OST;  House, M.D. Season 6 / Доктор Хаус 6 сезон]",2:54:40,Hantrik,долг Х3💀,гениально - -,Фильм,,инди / поп,
12) Fuck Shit Up — Солнышко {Sun} (DEMO - Солнышко; Cover),3:05:15,MeinJurer,донат,нормас - -,,,метал,
13) Tommy heavenly6 — Papermoon [2 Opening Soul Eater / Пожиратель душ],3:20:10,AShibaT,долг Х2,нормас++,Аниме,,рок,
14) Stereo Honey — 1000 Names,3:51:00,Indie Anthems,донат,хорошечно-,,,инди / поп-рок,
15) Kenshi Yonezu & Hikaru Utada — JANE DOE [Ending Chainsaw Man the Movie: Reze Arc / Человек-бензопила: История Резе],4:00:10,Летта; Sendy Polaris,долг,атлична+,Аниме,,поп / баллада / электронное,
16) Otyken — Alaska (Official Music Video),4:14:05,Rtur,донат,атлична - -,,,фолк / электронное,
17) Toby Fox — Ruder Buster (Chapters 3+4) [Deltarune OST],4:28:20,dvwinner,долг Х9🌑,хорошечно-,Игра,,электронное / инструментал,
18) Nima Fakhrara — Connor Main Theme [Detroit: Become Human OST],4:35:35,Indie Anthems,донат,атлична+,Игра,,электронное / оркестровое / инструментал,
19) Fish in a Birdcage — Rule #21 - Momento Mori,4:52:50,Triple_AI,долг Х6👻,атлична-,,,инди ,
20) SALUKI — Огней {OF LIGHTS},5:03:05,ayl1es,донат,хорошечно++,,,поп / рэп ,
21) Huun-Huur-Tu — Sarala,5:15:20,Napporaivo,долг Х5⚰️,хорошечно,,,фолк ,
22) Стас Барецкий — Кризис {Crisis},5:27:30,Влад Горшков,донат,атлична - -,,experimental,рэп,
23) Ben Folds — Still (Producer Hans Zimmer) [OST; Over the Hedge / Лесная Братва],6:11:15,Sammy Willbur,долг Х4☠️,атлична - -,Фильм,,оркестровое / инструментал,
24) SALUKI feat. Boulevard Depo — BROTHA BROTHA,6:21:50,ayl1es,донат,атлична,,,рэп,
25) UNISON SQUARE GARDEN — Micro Paradiso!,6:31:20,kumashisan; Triple_AI,заказ,хорошечно+,,,рок / поп-рок,
26) devalon — Mabel's Invitation [OST; Black Souls II],6:43:15,wend1g,донат,нормас++,Игра,,оркестровое / инструментал,
27) Yorushika — Bremen {Бремен / Bremen / ブレーメン},6:53:55,ansmit,долг Х2,хорошечно+,,,поп / джаз,
28) sonya XD — No Surprises (Radiohead - No Surprises; Covered by a cat; Cover),7:04:50,Indie Anthems,донат,нормас,,cover,разное,
29) MyGO!!!!! — Utakotoba {Utakotoba / 詩超絆} [ep 10; OST; BanG Dream! It's MyGO!!!!! / Ура мечте! Это MyGO!],7:13:05,LegalizeMeToo,долг,хорошечно-,,,поп-рок,
30) devalon — White Unicorn Unis [OST; Black Souls II],7:32:20,wend1g,донат,нормас++,Игра,,оркестровое / инструментал,
31) Kaito Shoma — Hotline,7:44:20,Альфарий,долг Х6👻,хорошечно - -,Игра,,электронное / инструментал,
32) Kirinji — Kyuujitsuno Sugoshikakata {休日の過ごし方},7:51:55,SirVokrich,донат,хорошечно+,,,джаз / поп,
СТРИМ №169 (30.10.25),, ,,,,,,
ДОЛГОВОЙ + ХЭЛЛОУИН,, ,,,,,,
1) Backstreet Boys — Everybody(Backstreet's Back) (Official HD Video),13:05,GameCloser,донат,атлична+,,,поп,
2) FEVER 333 — Hellfire [OST; Arcane: League of Legends 2nd season / Аркейн 2],26:10,meganekka; FiLiUM,долг Х9🌑,атлична,,,электронное ,
3) Luck Ganriki feat. Nei Kino — Happy Maria! [VN; OST; Umineko No Naku Koro Ni / Umineko No Nakukoroni],34:15,Monstrrro,донат,атлична - -,Игра,,оркестровое,
3.5) Faryma.composer о Бинго стримов,47:45,Faryma.composer,,,,,,
4) The Seatbelts feat. Mai Yamane — The Real Folk Blues [1 Ending Cowboy Bebop / Ковбой Бибоп],51:10,Sheruka,долг Х6👻,атлична+,Аниме,,рок / джаз ,
5) Junky feat. Kagamine Rin — Happy Halloween (Vocaloid),1:22:25,Акума,донат,хорошечно+,,,рок / поп-рок,
6) Đức Phúc — Phù Đổng Thiên Vương (Интервидение 2025),1:34:15,Selestinskiy,долг Х5⚰️,хорошечно++,,,поп / электронное / рэп,
"7) Yui Horie — Happy Halloween Maria {Счастливого Хэллоуина, Мария! / Happī Harowīn Maria / ハッピーハロウィン Maria} [Character Song; Umineko: When They Cry / Когда плачут чайки]",1:46:20,Monstrrro,донат,нормас-,Аниме,,поп,
8) King Gnu — BOY [1 Opening Ranking of Kings / Рейтинг короля],1:59:55,AndrLord,долг Х4☠️,атлична,Аниме,,поп / инди,
9) Blue Öyster Cult — (Don't Fear) The Reaper (1976; 4K; UHD),2:12:45,GameCloser,донат,атлична-,,,поп-рок / рок,
10) Ezra Collective & Novelist — More Than A Hustler,2:25:40,Rtur,долг Х3💀,атлична - -,,,рэп / джаз,
11) Scream Team — Kooky Spooky(Extended Version),2:33:50,Акума,донат,хорошечно-,,,поп / электронное,
12) Mrs. GREEN APPLE — Dance Hall {Танцевальный зал / ダンスホール},3:02:30,AndrLord,долг Х2,атлична - -,,,поп / фанк / джаз,
13) XIIX — Halloween Knight,3:11:05,kumashisan,донат,атлична - -,,,поп-рок,
14) Vangelis — El Greco: Movement VII,3:21:40,GameCloser,долг,хорошечно++,,,оркестровое / инструментал,
"15) Lacuna Coil — Blood, Tears, Dust (Live In London; The 119 Show)",3:29:55,Максим Мухтаров,донат,нормас++,,,метал,
"16) Karen Khachaturian, Alexander Kopylov & Orchestra of the Bolshoi Theatre — Cipollino, Act I Scene 2: Entry of the Tomato and Two Guards - Encounter of the Tomato and Cipollino Dance of Cipollino - Tomato and Guards [OST; Cipollino / Чипполино]",3:42:00,Triple_AI,долг Х9🌑,атлична - -,Фильм,,оркестровое ,
17) Jake Kaufman — Transylvania [DuckTales: Remastered OST],3:57:00,SinWarlock,донат,нормас++,Игра,,инструментал / рок / электронное,
18) halca — Darekare Scramble {Who's Who Scramble / Dare Kare Scramble / 誰彼スクランブル} [1 Opening Engage Kiss / Привлекая поцелуй],4:06:55,AndrLord; Ivan_Vitalyevich,заказ,хорошечно-,Аниме,,рок,
СТРИМ №168 (25.10.25),, ,,,,,,
1) Lords Of Acid — The Crablouse (Remastered),12:55,Rtur,донат,атлична+,,,инди / электронное,
2) Christopher Tin feat. Soweto Gospel Choir — Baba Yetu {Отче наш} [OST; Sid Meier's Civilization IV / Civilization 4],30:20,meganekka,долг Х8🌋,хорошечно++,Игра,,разное / оркестровое / фолк,
"3) Akiko Wada — YONA YONA DANCE {Йона Йона Данс / Yona Yona Dance / ヨナ・ヨナ・ダンス} (Producer Frederic) [OST; Oi Handsome!! / Эй, красавчик!!]",42:40,ShadeR_93,донат,хорошечно-,Фильм,,поп / фанк,
4) Daryl Hall & John Oates — Maneater,56:15,ansmit,долг Х5⚰️,хорошечно++,,,поп ,
5) MAN WITH A MISSION — 2045,1:07:00,AndrLord,донат,хорошечно++,,,рок / электронное,
6) Mamoru Miyano — Tomei {Прозрачный / Transparent / 透明} [OST; Fate/Grand Order: Shinsei Entaku Ryouiki Camelot 2 - Paladin; Agateram / Судьба/Великий приказ: Камелот — Паладин],1:20:00,Verzweiflung12,заказ,нормас++,Аниме,,баллада / оркестровое,
6.5) Faryma.composer о Раменах,1:31:00,Faryma.composer,,,,,,
7) Foo Fighters — Everlong (Official HD Video) [OST; Daria / Дарья],1:35:05,50 50,донат,хорошечно++,Фильм,,рок,
8) Ado — Kokoro to Iu Na no Fukakai {Таинственная загадка по имени Сердце / The Mystery Called the Heart/ The Secret Riddle Called the Heart / KokoroToIuNanoFukakai / 心という名の不可解} (Live; K-Arena YOKOHAMA; 2024.10.12) [OST; Doctor White / Доктор Уайт],2:07:55,AnonymousAdomin,долг Х3💀,атлична,Фильм,,поп / поп-рок,
9) Inugami Korone — Wonky Monkey,2:21:05,AShibaT,донат,атлична++,,,поп / электронное,
10) Mori Calliope — Die For You [OST; Mamono / Чудовище],2:34:00,AndrLord,долг Х2,атлична+,Фильм,progressive,электронное / поп,
11) Sān-Z & HOYO-MiX feat. ChiliChill — pinKing (Caesar / Цезарь EP) [Zenless Zone Zero OST],2:49:40,wend1g,донат,атлична-,Игра,,поп / фанк,
12) Faun — Federkleid,2:58:50,ogure4niy_klitor,долг,хорошечно,,,фолк,
13) Tsunomaki Watame — What an Amazing Swing,3:10:50,AShibaT,донат,атлична - -,,,поп / джаз,
14) Darren Korb feat. Colin Ryan & Ashley Barrett — Time Belongs to Us [OST; Hades II / Hades 2],3:21:30,SinWarlock,долг Х8🌋,хорошечно,Игра,,оркестровое / рок / мюзикл/опера,
14.5) Faryma.composer сватует чат на стриме #6,3:35:05,Faryma.composer,,,,,,
15) Keiichi Okabe & MONACA — Shadowlord(ver.1.22474487139...) {Повелитель Теней / Maou / 魔王} [OST; NieR Replicant ver.1.22474487139...],3:40:35,wend1g,донат,нормас++,Игра,,оркестровое / инструментал,
"16) HMKids — Blood of Sanguinius {Кровью Сангвиния} (Grimwind - Blood of Sanguinius; Cover) [OST; Warhammer 40,000 / Warhammer 40k]",4:14:55,Альфарий(цегорах),долг Х5⚰️,ну такое++,,,метал,
17) GUNSHIP feat. Tim Cappello & Indiana — Dark All Day,4:29:45,Silhun,донат,хорошечно - -,,,поп / электронное,
18) Kotaro Nakagawa — Madder Sky [OST; Code Geass: Lelouch of the Rebellion R2 / Код Гиас: Восстание Лелуша R2],4:45:10,meganekka,долг Х4☠️,нормас+,Аниме,,оркестровое / инструментал,
19) Arnaud Roy — The Starfall [OST; Endless Legend II / Endless Legend 2],4:54:00,SinWarlock,долг Х3💀,хорошечно++,Игра,,оркестровое / фолк / инструментал,
"20) Mitchie M feat. Kusanagi Nene, NeneRobo, Mikudayo, Kagamine Len & KAITO — Tokugawa Cup Noodle Kinshirei {Запрет на лапшу в чашке Токугавы / Tokugawa Cup Noodle Prohibition / 徳川カップヌードル禁止令} [OST; Project SEKAI COLORFUL STAGE! feat. Hatsune Miku]",5:06:05,Акума,донат,атлична - -,Игра,,электронное / поп,
21) Darren Korb feat. Ashley Barrett — Old Friends(Hummed) [Transistor OST],5:17:20,SinWarlock,донат,хорошечно,Игра,,инди,
22) Bear McCreary feat. Eivør — God of War Ragnarök {God of War: Ragnarök} [God of War Ragnarök OST],5:50:35,GameCloser,заказ,атлична - -,Игра,,оркестровое / инструментал,
23) YOSHIKI feat. HYDE — Red Swan [1/4 Opening Attack on Titan Season 3 / Атака титанов 3],6:05:30,morpheus,долг Х2,хорошечно++,Аниме,,рок / инди,
24) All Fires — Make an Entrance,6:16:15,MeinJurer,донат,хорошечно++,,,инди / рок / поп-рок,
25) Grissini Project — Merry-Go-Round of Life {Карусель жизни / Merry Go Round of Life / 人生のメリーゴーランド} (Joe Hisaishi - Merry-Go-Round of Life; Cover) [OST; Howl's Moving Castle / Ходячий замок],6:25:35,Антон,долг,атлична,Фильм,cover,оркестровое / инструментал,
26) SALUKI feat. ATL — LAGG OUT,6:39:05,ayl1es,донат,гениально - -,,,рэп ,
СТРИМ №167 (24.10.25),, ,,,,,,
КОМПОЗИТОР ПОЛНОСТЬЮ РАЗНОСИТ OST HOLLOW KNIGHT SILKSONG,,,,,,,,
1) Christopher Larkin — Widow [Hollow Knight: Silksong OST],1:18:00,Svd_bb,заказ,атлична - -,Игра,,оркестровое / инструментал,
2) Christopher Larkin — Phantom [Hollow Knight: Silksong OST],2:07:30,Svd_bb,заказ,хорошечно++,Игра,,оркестровое / инструментал,
3) Christopher Larkin — Cogwork Dancers [Hollow Knight: Silksong OST],2:42:00,Svd_bb,заказ,атлична+,Игра,,оркестровое / инструментал,
4) Christopher Larkin — Nyleth [Hollow Knight: Silksong OST],3:32:00,Svd_bb,заказ,атлична-,Игра,,оркестровое / инструментал,
5) Christopher Larkin — Skarrsinger Karmelita [Hollow Knight: Silksong OST],3:36:50,Svd_bb,заказ,хорошечно,Игра,,оркестровое / инструментал,
6) Christopher Larkin — Last Dive [Hollow Knight: Silksong OST],4:00:40,Svd_bb,заказ,атлична - -,Игра,,оркестровое / инструментал,
СТРИМ №166 (21.10.25),, ,,,,,,
ДОЛГОВОЙ,, ,,,,,,
1) Toby Fox — Field of Hopes and Dreams (Chapter 1) [Deltarune OST],14:40,Eagler,долг Х9🌑,хорошечно,Игра,,инструментал / электронное / поп,
"2) Queen — Get Down, Make Love (Official Lyric Video)",25:50,Static_Streams_,заказ,хорошечно-,,experimental,рок / электронное,
3) tuki. — Saitei Kaiwai {Самый низкий район / Lowest district / 最低界隈},37:30,ansmit,долг Х8🌋,хорошечно+,,,поп / рок,
4) Get Scared — Sarcasm,46:30,Yeouir_Koyo,заказ,атлична-,,,рок / метал,
5) 9Lana — NEO-LUDDITE {Нео-луддит / NEO-LUDDITE / ネオラダイト} [1 Ending Your Forma  / Твоя форма],54:55,Sheruka,заказ,гениально - -,Аниме,,поп,
6) Chiyo — Balalaika {Bararaika / バラライカ} (Koharu Kusumi — Balalaika; RUS Cover) [2 Opening Kirarin Revolution / Революция пузырьков],1:04:55,SinWarlock,долг Х5⚰️,нормас,Аниме,,поп,
7) Адо — Когда ты остаёшься одна,1:16:25,AnonymousAdomin,долг Х4☠️,хорошечно+,,,поп / фолк,
8) Queen — The Prophet's Song {Песнь Пророка} (Official Lyric Video),1:25:40,Static_Streams_,долг Х3💀,гениально - -,,progressive,рок / разное,
9) Константин Ступин — Дождь {Rain} (13.05.2016),2:03:15,Влад Горшков,долг Х2,нормас,,,поп-рок / баллада,
10) Sam and the Womp — Ravo,2:14:45,Антон,долг,хорошечно++,,,электронное / поп,
11) Toby Fox — Spider Dance [Undertale OST],2:23:45,Eagler,долг Х9🌑,хорошечно,Игра,,инструментал / электронное / поп,
12) Slipknot — The Virus of Life,2:32:25,Егор Махор,долг Х8🌋,атлична-,,,метал,
"13) Little Glee Monster — Yume Janai Nara Nannanosa {If It's Not a Dream, Then What Is It? / Если это не сон, то что же это такое? / Yume ja Nai nara Nan na no sa / Yumejanainara Nannanosa / 夢じゃないならなんなのさ} [1 Ending Rock Is a Lady's Modest / Рок — женская скромность]",2:47:15,meganekka,долг Х7🥀,хорошечно,Аниме,,поп-рок / поп,
14) Simon Khorolskiy — Вижу Бога каждый день {I See God Every Day},2:57:35,ArtOkno_LG,долг Х6👻,хорошечно - -,,,поп / баллада,
15) Susumu Hirasawa — Aria [OST; Berserk: The Golden Age Arc I - The Egg of the King / Берсерк: Золотой век I — Бехерит властителя],3:12:35,DzenAko,долг Х5⚰️,хорошечно++,Аниме,,оркестровое,
16) Enigma — Beyond The Invisible,3:22:55,Rtur,долг Х4☠️,атлична+,,,баллада / инди / поп,
17) FamilyJules — Progenitor [Rift of the NecroDancer OST],3:32:55,SinWarlock,долг Х3💀,хорошечно - -,Игра,,метал / инструментал,
18) Omaru Polka — Po {ぽ} (ORIGINAL SONG+MV),3:50:30,AShibaT,долг Х2,хорошечно,,,электронное,
19) Chiai Fujikawa — Kimi no Namae {Твоё имя / Your name / きみの名前} [1 Ending The Rising of the Shield Hero / Восхождение героя щита],3:58:10,wend1g,долг,хорошечно+,Аниме,,баллада / поп,
20) Sheena Ringo — Souretsu {Похоронная процессия / Funeral procession / Souretsu - Funeral - / 葬列},4:10:10,Sheruka,долг Х8🌋,атлична+,,experimental,инди,
21) aesthetics across the color line — Хоккей {Hockey},4:23:25,bibiboy,заказ,нормас++,,,рок / поп-рок,
СТРИМ №165 (18.10.25),, ,,,,,,
1) Hitsujibungaku & LÜCY — OH HEY,15:30,@tikkimik,заказ,хорошечно-,,,инди / поп-рок,
2) Devil Sold His Soul — Like It's Your Last MMXXIV,32:35,Indie Anthems,донат,нормас+,,,метал,
3) Toby Fox — BIG SHOT (ПОВТОР: СТРИМ №1; 23 трек от Wh1skasa) [Deltarune OST],54:15,Eagler,повтор,атлична - -,Игра,,электронное / инструментал,
4) Björk — It's Oh So Quiet (Live) (Betty Hutton — It's Oh So Quiet; Cover),1:06:00,Rtur,донат,гениально-,,,джаз,
5) Sukoya Kana — Ano Natsu ga Houwa Suru. {Это лето насыщает / That Summer is Saturated. / Ano Natsu ga Hōwa Suru. / あの夏が飽和する。} (Kanzaki Iori feat. Kagamine Rin & Len — Ano Natsu ga Houwa Suru.; Cover),1:16:40,Aleks kun,заказ,хорошечно++,,cover,поп-рок / поп,
6) TK from Ling Tosite Sigure feat. milet — Future Tone Bender,2:07:30,mage10,долг Х7🥀,атлична - -,,,рок / инди,
7) Dikta — Breaking the Waves,2:21:50,Indie Anthems,донат,атлична+,,,инди / рок,
8) Inori Minase — Kaimin! Anmin! Suyarisuto Seikatsu {Приятный сон! Тихий сон! Жизнь в спокойном сне / A Pleasant Sleep! A Quiet Sleep! A Life of Peaceful Sleep / 快眠!安眠!スヤリスト生活} (Сейю Aurora Suya Rhys Kaymin / Syalis Hime) [1 Opening Sleepy Princess in the Demon Castle / Сон в замке демона],2:33:30,AndrLord,долг Х6👻,хорошечно-,Аниме,,поп,
9) devalon — Allotriophagic Grasshopper [OST; Black Souls II],2:44:55,wend1g,донат,атлична,Игра,,оркестровое / инструментал,
10) Zhang Xiaohan & Qi Qi — Jue Shi Wu Ji {Peerless Dancer / 绝世舞姬},2:52:35,meganekka,долг Х5⚰️,гениально - -,,,поп / фолк ,
11) Beast in Black — Blind and Frozen,3:02:25,AShibaT,донат,нормас++,,,метал,
12) Borislav Slavov — Main Theme [OST; Divinity: Original Sin 2 / Divinity: Original Sin II],3:24:10,Hantrik; ansmit,долг Х4☠️,хорошечно - -,Игра,,оркестровое / фолк / баллада,
13) JASE — I Feel Good,4:00:15,eu_gor,заказ,нормас++,,,метал,
14) Mujuice — Утро которым мы умрём {The Morning We'll Die},4:16:50,wend1g,донат,атлична-,,,инди,
15) Сергей Маврин — Кто мы?,4:31:25,Red_Bear,долг Х3💀,нормас,,progressive,метал,
16) Noisecream — Aftershock [Roboquest OST],4:55:15,topirmedoed,долг Х2,хорошечно,,,инструментал / метал / электронное,
17) Sons Of Kemet — My Queen Is Albertina Sisulu,5:05:55,SirVokrich,донат,атлична,,,фолк / джаз / инструментал,
18) Nekromantix — Who Killed The Cheerleader,5:24:05,MeinJurer,донат,хорошечно - -,,,рок,
19) CHiCO with HoneyWorks — Gamushara {Гамушара / 我武者羅} (Live) [9 Opening Boruto: Naruto Next Generations / Боруто: Новое поколение Наруто],5:56:20,kumashisan,заказ,хорошечно-,Аниме,,рок,
20) Pierce The Veil — Besitos,6:09:40,Indie Anthems,донат,атлична - -,,,инди / метал / рок,
"21) Monster Siren Records feat. Adam Gubman, George Sanger & James Hayden — Прощание {Farewell / parting / parted ways / Proshchaniye} (leitmotif of Hellagur) [Arknights OST]",6:25:50,Napporaivo; Винсон,долг Х8🌋,атлична+,Игра,,оркестровое / баллада,
22) DragonForce — Through the Fire and Flames,6:44:05,arantear,заказ,атлична - -,,,метал,
23) Shadow of Intent — The Heretic Prevails,7:06:40,SirVokrich,донат,атлична-,,,метал,
24) Yousei Teikoku — Last Moment [OST; Mai-HiME: The Genealogical Tree of Fate / Mai-HiME: Unmei no Keitouju / Mai-HiME: Древо судьбы],7:19:35,Rtur,долг Х7🥀,хорошечно-,Игра,,электронное,
25) UVERworld — Core Pride [1 Opening Blue Exorcist / Синий экзорцист],7:43:25,wend1g,донат,атлична+,Аниме,,рок,
26) SARIGIA — AGARTHA,7:55:00,НеАноним(фанат декскора),долг Х6👻,атлична-,,,метал,
27) LAAKE — DONTGIVEITUP,8:07:15,SirVokrich,донат,атлична-,,,электронное ,
28) Michael Levy — Hurrian Hymn no. 6 (c.1400BCE - Ancient Mesopotamian Musical Fragment),8:16:35,Kipyatocheck,долг Х5⚰️,атлична,,,фолк / инструментал,
29) 2PM — Take Off [1 Ending Blue Exorcist / Синий экзорцист],8:29:25,Indie Anthems,донат,хорошечно+,Аниме,,поп,
СТРИМ №164 (15.10.25),, ,,,,,,
ДОЛГОВОЙ,, ,,,,,,
1) Ландыши — Крашеные хной {Dyed with Henna},15:00,Darhalas,очередь,хорошечно-,,,рок / поп-рок,
2) Arnaud Roy feat. Jean-Noël Godard — Saiadha's Song [OST; Endless Legend II / Endless Legend 2],37:35,SinWarlock,заказ,хорошечно - -,Игра,,оркестровое / фолк / инструментал,
3) Muse — Unravelling {Разгадывание},47:30,Kirilicus,долг,хорошечно+,,,метал / рок,
4) U-TOPIA & RAM — На реальных событиях {Based on Real Events},1:03:20,topirmedoed,долг Х2,хорошечно-,,,метал / электронное,
5) STEREO DIVE FOUNDATION — Daisy [1 Ending Beyond the Boundary / По ту сторону границы / За гранью],1:16:50,DzenDish,долг Х3💀,хорошечно - -,Аниме,,поп-рок / баллада,
5.5) Faryma.composer о новых планах на стримы,1:47:55,Faryma.composer,,,,,,
6) Yojiro Yoshimatsu — Quirk of Fate {救出戦} [OST; Dynasty Warriors 8 / Shin Sangoku Musou 7],1:49:35,SinWarlock,долг Х4☠️,нормас,Игра,,метал / инструментал,
"7) Jorge Rivera-Herrans, TROY & Cast of EPIC: The Musical — Wouldn’t You Like (Fan Animation)",1:57:15,Triple_AI,долг Х5⚰️,нормас++,,,мюзикл/опера / электронное,
8) Muse — Bliss(XX Anniversary RemiXX),2:08:45,meganekka,заказ,хорошечно++,,,рок / инди,
9) Reol — Agitate {Агитировать / Aogeya Toutoshi / 煽げや尊し},2:23:55,AndrLord,долг Х6👻,атлична - -,,,электронное / поп,
10) Pentakill feat. JORN Lande — Mortal Reminder (Official Music Video) [League of Legends OST],2:38:30,upucka18,заказ,хорошечно++,Игра,,метал,
11) Anna — Hana no You ni {Как цветок / Like a flower / 花のように} [1 Ending Endo and Kobayashi Live! The Latest on Tsundere Villainess Lieselotte / Эндо и Кобаяси в прямом эфире! Последние новости о цундэрэ злодейке Лизелотте],2:54:55,wend1g,долг,хорошечно-,Аниме,,поп-рок / поп,
"12) The Great Comet Original Cast — In My House (Мюзикл; Natasha, Pierre & the Great Comet of 1812 / Наташа, Пьер и Великая комета 1812 года)",3:14:35,Triple_AI,долг Х2,атлична,,,мюзикл/опера / электронное / оркестровое,
13) Shinra-Bansho feat. Ayo — Toge,3:27:40,AndrLord,долг Х3💀,атлична-,,,электронное / инди ,
14) HOYO-MiX feat. Clara Sorace — To Light the Aeon Dark (Nod-Krai Combat Theme; Live Performance) [Genshin Impact OST],3:37:15,EpicFire,долг Х7🥀,атлична - -,Игра,,оркестровое / фолк,
15) ALI feat. Kazuo — KEEP YOUR HEAD UP,3:48:50,ansmit,долг Х4☠️,атлична+,,,джаз / фанк,
СТРИМ №163 (11.10.25),, ,,,,,,
1) Dawn Of Ashes — Abyss,8:35,Rtur,донат,хорошечно - -,,,электронное / инструментал,
2) Lilas Ikuta — In Bloom {В цвету / Profusion of Hundred Flowers / Hyakka Ryouran / 百花繚乱} [1/3 Opening The Apothecary Diaries Season 2 / Монолог фармацевта 2],25:10,AndrLord,долг,хорошечно-,Аниме,,электронное / поп,
2.5) Faryma.composer о плане на видос,39:15,Faryma.composer,,,,,,
3) Электрослабость — Ссага о Храбром Годвине {The Saga of Brave Godwin},42:50,wend1g,донат,нормас+,,,фолк,
4) Наталья Скорупская — Подожди {Wait},1:09:25,QuestingLion,долг Х2,ну такое+,,,поп,
5) Stance Punks — I Wanna Be {アイワナビー} [1 Ending Soul Eater / Пожиратель душ],1:37:00,AShibaT,донат,нормас+,Аниме,,рок,
"6) She Wants Revenge — Kidnap the Sandy Claws (Danny Elfman, Paul Reubens & Catherine O'Hara — Kidnap the Sandy Claws; Cover) [OST; The Nightmare Before Christmas / Кошмар перед Рождеством]",1:53:45,Rtur,долг Х3💀,нормас++,Фильм,,электронное,
7) devalon — Victoria the Succubus [OST; Black Souls II],2:30:20,wend1g,донат,ну такое++,Игра,,инструментал / оркестровое / рок,
8) Aoi Yuki — Cupid Review {Обзор Купидона / Kupidurebyū / クピドゥレビュー} [1 Opening If Her Flag Breaks / Если бы я сломал её флаг],2:43:50,ziksp,долг Х4☠️,атлична - -,Аниме,,джаз / электронное,
9) The Who — Baba O'Riley,3:02:15,Kirilicus,донат,атлична++,,,рок / фолк,
10) John Kander — Cell Block Tango (Мюзикл Chicago: A Musical Vaudeville; Live),3:20:30,Triple_AI,долг Х5⚰️,атлична+,,,мюзикл/опера,
11) Yuiko Ohara — Only {Только / Onrī / オンリー} [1 Ending Mushoku Tensei: Jobless Reincarnation / Реинкарнация безработного: История о приключениях в другом мире],3:49:30,wend1g,донат,хорошечно++,Аниме,,рок / поп-рок,
12) Aimer — us (Producer TK from Ling tosite sigure),4:01:20,trivia_holic,долг Х6👻,атлична-,,,инди / рок,
13) Omar Souleyman — Ya Bnayya (Official Music Video),4:14:15,SirVokrich,донат,нормас++,,,фолк / поп,
14) Нейромонах Феофан — Три заветных лепестка {Three Cherished Petals},4:29:45,Baikk,долг Х7🥀,хорошечно,,,электронное / фолк,
15) Константин Ступин — Когда я умер {When I Died} (СПБ 03.04.2016; Live),4:38:25,Влад Горшков,донат,нормас+,,solo instrument,инди,
16) Mayu Sagara — Poppin' Up! (сейю Kasumi Nakasu) [ep 2; OST; Love Live! Nijigasaki High School Idol Club / Живая любовь! Клуб идолов старшей школы Нидзигасаки],4:57:20,Ivan_Vitalyevich,долг,хорошечно+,Аниме,,поп / поп-рок,
17) Antoine Berjeaut & Makaya McCraven — Twelve Donkeys,5:09:50,SirVokrich,донат,гениально - -,,progressive,джаз / электронное / инструментал,
18) Domitori Taranofu — Reborn,5:28:20,Domitori Taranofu,долг Х2,нормас++,,,поп / инструментал / баллада,
19) Muse — Supermassive Black Hole,5:36:20,twexor,донат,атлична,,,рок,
СТРИМ №162 (7.10.25),, ,,,,,,
ДОЛГОВОЙ,, ,,,,,,
1) Made Of Hate — I Can't Believe,12:10,MeinJurer,долг,нормас+,,,метал,
2) T.M.Revolution — Resonance [1 Opening Soul Eater / Пожиратель душ],33:55,AShibaT,донат,хорошечно,Аниме,,рок,
3) Hitsujibungaku — Addiction {Зависимость / Adikushon / アディクション} (Official Music Video),47:55,@tikkimik,заказ,хорошечно - -,,,инди / поп-рок,
4) 9Lana — BALALAIKA (Acoustic Ver.),57:30,jefj29,долг Х3💀,атлична-,,,джаз,
5) MikitoP feat. Hatsune Miku — Shoujorei {Девочка-призрак / Ghost Girl / Shoujo Rei / 少女レイ},1:09:50,Акума,долг Х4☠️,хорошечно++,,,поп / инди,
6) Masayoshi Oishi — Super Adorable Gal {Супер милая гяру / Super cute gyaru / Namara Menkoi Gyaru / なまらめんこいギャル} [1 Opening Hokkaido Gals Are Super Adorable! / Досанко-гяру чудо как милы],1:22:45,AndrLord; Ivan_Vitalyevich,заказ,атлична,Аниме,,фанк,
7) Kalafina — Ring Your Bell [2 Ending Fate/stay night: Unlimited Blade Works / Судьба/Ночь схватки: Бесконечный мир клинков],1:31:00,DzenDish,долг Х6👻,атлична - -,Аниме,,баллада / поп-рок,
8) Бригадный Подряд — Гитары {Guitars},1:46:30,AnonymousAdomin,долг Х7🥀,хорошечно - -,,,рок,
"9) Amber Efe, Kate Shindle, Laura Bell Bundy, Legally Blonde Ensemble, Manuel Herrera & Matthew Risch — There! Right There! [OST; Legally Blonde: The Musical / Блондинка в законе: Мюзикл]",1:57:50,Triple_AI,долг Х8🌋,гениально-,Фильм,,мюзикл/опера / джаз,
10) Carlos Gardel — Por una Cabeza,2:27:55,Rtur,долг,атлична - -,,,оркестровое / фолк / инструментал,
11) Сова — Холодный дождь {Cold Rain / Holodnyj dozhd} (official audio),2:37:55,topirmedoed,долг Х2,хорошечно - -,,,инди / поп,
12) King Crimson — 21st Century Schizoid Man (Including 'Mirrors'),2:47:45,Hantrik,долг Х3💀,гениально - -,,progressive,рок / джаз,
13) Kylie Minogue — Confide in Me,3:09:50,Rtur,долг Х4☠️,атлична+,,,поп / инди,
14) Ado — The Story of the Wind and I {История ветра и меня / Kaze to Watashi no Monogatari / 風と私の物語} [OST; The Silent Service: The Great Sea Battle of the Arctic Ocean / Молчаливый флот: Великая морская битва в Арктическом океане],3:23:40,AnonymousAdomin; vio_kim,заказ,атлична++,Фильм,,баллада / поп-рок,
15) HOYO-MiX & AURORA — Nod-Krai (Main Theme; Live) [Genshin Impact OST],3:37:25,Летта; EpicFire,долг Х6👻,атлична+,Игра,,оркестровое / фолк,
16) Максим Леонидов — Песенка студента {Из вагантов} (Давид Тухманов feat. Игорь Иванов — Из Вагантов; Cover) [OST; Old Songs About the Main Things 3 / Старые песни о главном 3],3:50:55,meganekka,долг Х7🥀,хорошечно,Фильм,,рок,
16.5) Импровизация от Faryma.composer,4:01:25,Faryma.composer,,,,,,
СТРИМ №161 (5.10.25),, ,,,,,,
БЛАГОТВОРИТЕЛЬНЫЙ,, ,,,,,,
1) Megadeth — Peace Sells (Remastered),11:05,Daymis_,очередь,хорошечно+,,,метал,
2) Aqua Timez — OLDROSE (BLEACH for 20th-anniversary music video),24:05,@glavniyangel,очередь,хорошечно-,,,рок,
3) Twenty One Pilots — Holding On To You,37:25,@canihaveacupofcoffee,очередь,атлична,,,поп-рок / инди,
4) Mikhail Kotov — Mythic Power [Pathfinder: Wrath of the Righteous OST],48:20,@Skarban_Eugene,очередь,нормас,Игра,,оркестровое / инструментал,
5) CHiCO with HoneyWorks — Senjou no Hana {Цветок на поле боя / Flower on the battlefield / 戦場の華} [1 Opening May I Ask for One Final Thing? / Могу я попросить ещё кое-что?],55:15,@zymer44,очередь,хорошечно - -,Аниме,,рок,
6) Shook — Remember,1:06:45,@yershovda,очередь,нормас++,,,инструментал / электронное,
7) Артем Пивоваров & Klavdia Petrivna — Барабан {Drum},1:17:30,@IvCKing,очередь,атлична,,,электронное / фолк / поп,
"8) supercell feat. Yanagi Nagi — Kimi no Shiranai Monogatari {История, которую вы не знаете / The Story You Don't Know / 君の知らない物語} [1 Ending Bakemonogatari / Истории монстров]",1:27:00,@Vaaaai_gleb,очередь,хорошечно - -,Аниме,,поп-рок,
9) Spectrum — F L Y {F・L・Y / F-L-Y},1:52:05,@Zuha_2342,очередь,атлична,,,джаз / поп / фанк,
10) Leoniden — Remote,2:02:25,Hedor0u,очередь,атлична - -,,,инди,
11) DM DOKURO — Universal Collapse (Theme of Devourer of Gods; Final Form) [Terraria Calamity Mod OST],2:12:20,BloodAlloy,очередь,нормас++,Игра,,электронное / инструментал ,
11.5) Faryma.composer сватует чат на стриме #5 + Розыгрыш банов в чате,2:25:10,Faryma.composer,,,,,,
12) ITZY — WANNABE,2:35:30,@Dasha_Yarc,очередь,нормас++,,,поп / электронное,
13) Don Broco — One True Prince (Orchestral Version - Live at Abbey Road),2:45:45,Micluxa,очередь,хорошечно+,,,метал / оркестровое,
14) MASA WORKS DESIGN feat. Hatsune Miku & GUMI — Kitsune no Yomeiri {Свадьба лисы / The Fox's Wedding / 狐の嫁入り},2:56:40,Astamaxxvm,очередь,хорошечно - -,,experimental,электронное,
15) Hashiguchikanaderiya hugs The Super Ball — Rin! Rin! Hi! Hi! [1 Opening Nanbaka / The Numbers / Намбака / Номернутые],3:14:55,@Hanasumaii,очередь,атлична,Аниме,,поп-рок ,
16) Frederic — The Great Villain {Великий злодей / Meiakuyaku / 名悪役},3:25:15,Svd_bb,очередь,атлична - -,,,инди / поп-рок,
17) The Alan Parsons Project — Silence and I,3:35:55,@aiex_chervov,очередь,атлична - -,,progressive,оркестровое / поп-рок,
18) The Beatles — Something,3:48:45,Mapperino,очередь,атлична,,,поп / поп-рок,
19) Steve Conte — Stray [1 Opening Wolf’s Rain / Волчий дождь],4:12:40,@Magzymka,очередь,атлична,Аниме,,инди / поп,
20) Genesis — Mama (Official Music Video),4:26:15,@Terrikon11,очередь,гениально - -,,,поп-рок,
СТРИМ №160 (4.10.25),, ,,,,,,
1) vlourie — Демо 11,11:15,Виталий,донат,хорошечно-,,,оркестровое / инструментал,
2) OKAMOTO'S — Welcome My Friend [1 Ending The Millionaire Detective – Balance: UNLIMITED / Богатый детектив. Баланс: Неограничен],33:20,AndrLord,долг,атлична,Аниме,,инди,
3) Александр Шепс — Daddy Murphy {Дедди Мёрфи},43:55,ayl1es,донат,хорошечно-,,,электронное / инди,
4) BE:FIRST — Salvia [2/3 Ending Hanma Baki: Son of Ogre 2nd Season / Баки — сын Великана 2],56:00,Sammy Willbur,долг Х2,хорошечно+,Аниме,,электронное / поп,
5) Doves — Sea Song,1:07:35,Indie Anthems,донат,хорошечно++,,,инди,
6) Soltwine — Песня про кота {Song About Cat},1:21:50,Selestinskiy,долг Х3💀,хорошечно+,,,баллада / инди,
7) 10AGE — Нету интереса {No Interest},2:00:30,ayl1es,донат,атлична,,,рэп,
8) Ado — RuLe {Правило / ルル} (Live; K-Arena YOKOHAMA 2024.10.12) [OST; Billion x School / Миллиард против школы],2:10:40,AnonymousAdomin,долг Х4☠️,атлична - -,Фильм,live,электронное / поп,
9) Ken Ashcorp — Absolute Territory {Zettai Ryouiki / 絶対領域},2:21:30,wend1g,донат,хорошечно,,,поп-рок / инди,
10) Kanye West feat. Pusha T — Runaway,2:34:45,ayl1es,долг Х5⚰️,атлична - -,,experimental,рэп / инди,
11) Matt Maltese — As the World Caves In,2:58:55,Indie Anthems,донат,хорошечно+,,,поп / баллада / джаз,
12) Ado — Natsuyo No Magic {Магия летней ночи / The Magic of a Summer Night / Natsuyo no Majikku /  夏夜のマジック} (indigo la End — Natsuyo no Majikku; Cover),3:16:50,AnonymousAdomin,долг Х6👻,атлична - -,,,баллада / поп ,
13) Frank Klepacki — Grinder 2 [OST; Command & Conquer: Red Alert 3],3:32:45,DeusMechanicus,донат,хорошечно++,Игра,,метал / оркестровое,
14) Kenichiro Suehiro — Theme of Cid Kagenou [OST; The Eminence in Shadow / Восхождение в тени],4:02:55,Selestinskiy,долг Х7🥀,нормас++,Аниме,,оркестровое,
15) devalon — Duchess Margaret of Tyrol {Duchess Margaret von Tyrol} [OST; Black Souls II],4:16:30,wend1g,донат,нормас++,Игра,,оркестровое / рок / инструментал,
16) Kalafina — Hikari no Senritsu {Мелодия света / Melody of light / 光の旋律} [1 Opening Sound of the Sky / Звук небес],4:28:00,DzenDish,долг,хорошечно,Аниме,,фолк / рок / баллада,
17) NEEDSHES — Song For You,4:42:15,Indie Anthems,донат,атлична - -,,,поп / инди,
18) Kenshi Yonezu — Tori ni demo Naritai {Я хочу быть птицей / I want to be a bird / 鳥にでもなりたい},4:55:35,Sendy Polaris,долг Х2,атлична,,,инди / поп,
19) Папин Олимпос — Айсберг {Iceberg},5:08:00,Чар,донат,хорошечно - -,,,поп-рок,
20) Gen Hoshino — SUN [OST; Kokoro ga Pokitto ne / Неисправность в моём сердце],5:18:50,AndrLord,долг Х3💀,хорошечно-,Фильм,,фанк ,
21) Игорь Карбенко — Boss [OST; Black Souls],5:28:00,wend1g,донат,ну такое-,Игра,,электронное / инструментал,
22) Taylor Swift — My Tears Ricochet,5:36:40,Филантроп,долг Х4☠️,хорошечно+,,,поп / баллада,
23) Ramirez — The Fo Five,5:47:50,Чар,донат,атлична-,,,рэп,
24) Nobuo Uematsu — Vivi's Theme {Тема Виви / Bibi no Tēma / ビビのテーマ} [OST; Final Fantasy IX],6:10:20,SinWarlock,долг Х5⚰️,хорошечно++,Игра,,оркестровое / инструментал,
25) devalon — Red Idol Prickett [OST; Black Souls II],6:17:10,wend1g,донат,нормас+,Игра,,оркестровое / метал / инструментал,
26) Creepy Nuts — Nemure {Спи / Go To Sleep / 眠れ} [1/2 Ending Call of the Night Season 2 / Песнь ночных сов 2],6:34:05,Selestinskiy,долг Х6👻,атлична - -,Аниме,,инди / электронное,
27) источник & тима ищет свет — капли крови {Drops of Blood},6:44:35,Чар,донат,хорошечно++,,,рэп / инди,
28) Norihito Sumitomo — A Secret Plan with One's Life on the Line {Секретный план с жизнью на кону / Inochi o Kaketa Hisaku / 命を賭けた秘策} [OST; Dragon Ball Super / Драконий жемчуг: Супер],6:55:05,Водитель по губам,долг Х7🥀,хорошечно+,Аниме,,оркестровое / инструментал,
29) devalon — Onimusha (Phase 1 & 2) [OST; Black Souls II],7:02:20,wend1g,донат,хорошечно+,Игра,,оркестровое / инструментал / фолк,
30) UNISON SQUARE GARDEN — Scarsdale,7:11:15,kumashisan,долг,хорошечно++,,,поп-рок,
"31) Константин Ступин & Юрий Карпиков — Лёд и ветер {Ice and Wind} (Live 12.03.2017, 'Grenadine club', Москва)",7:29:00,Влад Горшков,донат,нормас - -,,,баллада / инди,
32) Harry Styles — As It Was (Official Video),7:47:05,GameCloser,долг Х2,атлична - -,Игра,,поп,
33) Dorian Concept — Pedestrians,7:56:50,Pyssell,донат,атлична,,progressive,электронная / инди,
СТРИМ №159 (30.09.25),, ,,,,,,
ДОЛГОВОЙ,, ,,,,,,
1) Red Hot Chili Peppers — Don't Forget Me,18:10,Boevaya_riba,долг,хорошечно - -,,,инди / поп-рок,
2) Origa feat. Ben Del Maestro — Inner Universe [1 Opening Ghost in the Shell: Stand Alone Complex / Призрак в доспехах: Синдром одиночки],36:10,daik_ua,донат,атлична,Аниме,,электронное / баллада,
"3) ASTERISM — Crescendo [1 Opening Even Given the Worthless 'Appraiser' Class, I'm Actually the Strongest / Худшая работа 'оценщика' оказалась самой сильной]",51:35,DzenDish,долг Х2,нормас++,Аниме,,рок,
4) ikoutaa — Mirage (Creepy Nuts - Mirage; RUS Cover) [1/2 Opening Call of the Night Season 2 / Песнь ночных сов 2],1:03:25,Selestinskiy,долг Х3💀,ну такое++,Аниме,cover,поп / фолк / рэп,
5) Yuki Kajiura — Mezame {Пробуждение / Awakening / 目覚め} [My-Hime / Май-Химэ OST],1:16:55,Rtur,долг Х4☠️,атлична,Аниме,,электронное / рок,
6) JYOCHO — A Parallel Universe {Взаимная вселенная / Tagai no Uchuu / 互いの宇宙} [1 Ending The Junji Ito Collection / Коллекция Дзюндзи Ито],1:46:30,trivia_holic,долг Х5⚰️,хорошечно+,Аниме,progressive,инди / поп-рок,
7) Eve — Ghost Avenue {Призрачный авеню / Gōsuto Abenyū / ゴーストアベニュー},2:04:55,ansmit,долг Х6👻,атлична,,,поп / фанк,
8) Uma Musume Pretty Derby Cast — GIRLS' LEGEND U [OST; Uma Musume: Pretty Derby / Девушки-пони: Славное дерби],2:17:30,AnacondaShiFi,долг Х7🥀,хорошечно+,Игра,,поп / оркестровое,
9) Ed Alleyne-Johnson — Oxford Suite Part 4,2:39:15,Rtur,долг,ну такое++,,solo instrument,оркестровое / инструментал,
10) Lipps Inc. — Funkytown (Single Version),2:57:20,GameCloser,долг Х2,атлична,,,фанк,
11) Pierce the Veil feat. Kellin Quinn — King for a Day,3:08:00,Indie Anthems,долг Х3💀,гениально - -,,,рок / метал,
12) Lind Erebros — Graveyard [Royal Quest OST],3:16:00,agaton006,заказ,ну такое+,Игра,,оркестровое / рок / инструментал,
13) Myuk — Marie {Мари / Marī / マリー} [1 Ending Betrothed to My Sister's Ex / За небрежной молодой девушкой ухаживает бывший жених её сестры],3:24:45,AnonymousAdomin,долг Х5⚰️,хорошечно,Аниме,,поп / баллада,
14) angela — Zenryoku Summer! {Полная сила☆Лето! / Full power☆Summer! / 全力☆Summer!} [1 Opening Aho Girl / Дурочка],3:34:00,AndrLord,долг Х6👻,хорошечно+,Аниме,,поп,
15) Nao Toyama — Ano Hi no Kotoba {Слова того дня / Words of that day / あの日のことば} [1/3 Opening Ascendance of a Bookworm Season 3 / Власть книжного червя 3],3:44:05,Ivan_Vitalyevich,долг Х7🥀,хорошечно-,Аниме,,оркестровое / поп / баллада,
16) Silent Strike feat. EM — The Edge [OST; Hackerville / Хакервилль],4:00:05,Boevaya_riba,долг,атлична - -,Фильм,,электронное / инди,
17) Architects — Memento Mori,4:09:50,Worfi,долг Х2,атлична-,,,метал / электронное,
СТРИМ №158 (27.09.25),, ,,,,,,
1) Andrew Maxwell Morris — Dust [OST; The Kitchen / Кухня],13:30,Cherfrish,донат,нормас++,Фильм,,поп / фолк / баллада,
2) Igorrr — Headbutt,34:10,Hantrik,заказ,хорошечно+,,experimental,метал,
3) EGOIST — KABANERI OF THE IRON FORTRESS [1 Opening Kabaneri of the Iron Fortress / Кабанэри железной крепости],48:40,DzenDish,долг,атлична - -,Аниме,progressive,оркестровое / электронное,
4) Perturbator — Death Squad,1:07:40,General PunisheR,донат,атлична,,,электронное / инструментал,
5) Freddie Mercury feat. Montserrat Caballé — Barcelona (Live in Olimpiada Cultural),1:39:45,TRISSAR; Static_Streams_,долг Х2,атлична-,,,мюзикл/опера / оркестровое,
6) Domitori Taranofu — Birds and Kids on the Playground,1:54:15,Domitori Taranofu,донат,нормас+,,,электронное / инструментал / поп,
7) Native Construct — Passage,2:02:30,Hantrik,долг Х3💀,атлична,,progressive,метал / опера/мюзикл / оркестровое,
8) vianova — Oh No(Believer),2:22:40,Powerдрищ,донат,гениально-,,,метал / электронное / инди,
9) HOYO-MiX & Erika Harlacher — The Long Way Home {Долгий путь домой / Huí jiā de lù / 回家的路} (5th Anniversary Theme) [OST; Genshin Impact],2:32:00,laitsberg,заказ,нормас,Игра,,баллада / поп / оркестровое,
10) Infected Mushroom — Spitfire,2:45:35,ayl1es,долг Х4☠️,хорошечно -,,,электронное / метал,
11) Rings of Saturn — Mental Prolapse,3:25:35,MeinJurer,донат,хорошечно+,,progressive,метал,
"12) Анатолий Крупнов — Аве, Цезарь {Ave, Caesar} (Сергей Симонов & Дмитрий Филатов - Аве Цезарь; Cover)",3:39:05,Red_Bear,долг Х5⚰️,атлична - -,,experimental,метал ,
13) vianova — Obsolete,3:52:45,Powerдрищ,донат,атлична+,,,метал / инди,
14) Ave Mujica — Kao {Alter Ego / 顔} [ep 13; OST; BanG Dream! Ave Mujica / Ура мечте! Ave Mujica],4:05:40,meganekka,долг Х6👻,хорошечно+,Аниме,,метал ,
15) Alphaville — Sounds Like a Melody,4:19:05,twexor,донат,атлична+,,,поп / электронное,
16) takao_yamataki — HOIKA,4:45:15,takao_yamataki,долг,хорошечно - -,,,оркестровое / метал / инструментал,
17) Percival Schuttenbach & Marcin Przybyłowicz — Silver For Monsters... [OST; The Witcher 3: Wild Hunt / Ведьмак 3: Дикая Охота],5:11:45,GameCloser,заказ,атлична+,Игра,,фолк,
18) Badflower — Move Me,5:20:45,Indie Anthems,донат,атлична,,,инди / поп-рок,
19) Steam Powered Giraffe — Pink Pony Club (Chappell Roan - Pink Pony Club; Cover),5:27:30,SinWarlock,долг Х2,атлична - -,,cover,поп / электронное,
20) Несчастный случай — Генералы(песчаных карьеров) (Вокальный квартет Аккорд - Генералы песчаных карьеров; Cover) [OST; The Sandpit Generals / Генералы песчаных карьеров],5:36:25,Влад Горшков,донат,атлична+,Фильм,,баллада / поп,
21) Woofle and Strife — Up The Sub(Jade Creek 2) [Freedom Planet OST],6:05:10,SinWarlock,долг Х3💀,нормас++,Игра,,электронное / рок / инструментал,
22) Susanne Sundfør — Kamikaze [OST; Skam / Стыд],6:14:05,twexor,донат,хорошечно++,Фильм,,инди / электронное / поп,
23) GRANRODEO — Modern Strange Cowboy [1 Opening Needless / Отверженные],6:25:00,Holy_Sun,долг Х4☠️,хорошечно++,,,рок,
24) Stereophonics — What’s All the Fuss About?,6:36:50,Indie Anthems,донат,атлична - -,,,,
24.5) Топ чатерсов на стримах Faryma.composer,6:51:00,Faryma.composer,,,,,,
СТРИМ №157 (25.09.25),, ,,,,,,
ДОЛГОВОЙ,, ,,,,,,
1) OneRepublic — Shout (Tears For Fears - Shout; Cover; Live In Glasgow),10:45,Boevaya_riba,долг,хорошечно,,,инди / поп-рок,
2) Bill Wurtz — might quit,30:25,HereComesLurker,долг Х2,хорошечно+,,,инди / поп,
3) Native Construct — The Spark of the Archon (PLAYTHROUGH),41:25,Hantrik,долг Х3💀,атлична - -,,progressive,метал / рок,
4) New Order — Crystal,1:27:30,ayl1es,долг Х4☠️,атлична - -,,,электронное / инди,
4.5) Говорим о треках под настроение,1:45:25,Faryma.composer,,,,,,
5) Andrew Lloyd Webber feat. Steve Balsamo — Gethsemane(I Only Want to Say) ('Musicals in Ahoy' Live Concert 2004) [OST; Jesus Christ Superstar / Иисус Христос — суперзвезда],1:51:20,Alan008,долг Х5⚰️,атлична,,,мюзикл/опера,
6) Imminence — Alleviate (Official Video),2:22:25,Андранимус 999,долг Х6👻,нормас++,,,метал / баллада,
7) Creepy Nuts — Yofukashi no Uta {Call of the Night / Песнь ночных сов / よふかしのうた} [1 Ending Call of the Night / Песнь ночных сов],2:41:00,AndrLord,долг,хорошечно,Аниме,,рэп,
8) Danger — 11:50 Wild Eyes [Windblown OST],2:51:45,SinWarlock,долг Х2,нормас++,Игра,,электронное / рок,
СТРИМ №156 (21.09.25),, ,,,,,,
1) Home Made Kazoku — Thank You!! {Спасибо!! / Sankyuu!! / サンキュー!!} [2 Ending Bleach / Блич],16:25,Cherfrish,донат,хорошечно,Аниме,,поп / рэп,
2) Toto — Africa (Official HD Video),31:35,GameCloser,долг,атлична,,,поп-рок / фолк,
3) Cradle of Filth — Babalon A.D.(So Glad for the Madness),42:00,MeinJurer,донат,хорошечно-,,progressive,метал,
4) Flëur — Формалин {Formalin},1:05:40,Boevaya_riba,долг Х2,атлична-,,,фолк / инди,
5) David Arnold & Michael Price — SHERlocked [OST; Sherlock Season 2 / Шерлок 2],1:19:55,meganekka,заказ,хорошечно,Фильм,,оркестровое / инструментал,
6) Kenshi Yonezu — IRIS OUT [OST; Chainsaw Man – The Movie: Reze Arc / Человек-бензопила. Фильм: История Резе],1:31:20,Selestinskiy,донат,гениально-,Аниме,,поп / джаз / электронное,
7) Yuka Kitamura — Sir Alonne [OST; Dark Souls II / Dark Souls 2],2:00:05,GameCloser,заказ,хорошечно+,Игра,,оркестровое / инструментал,
8) Phantom Siita — Hanabami {Пожирание цветов / Eating Flowers / 花喰み} (Producer Ado),2:10:35,ansmit,долг Х3💀,хорошечно,,,поп,
9) Royal Crown Revue — Hey Pachuco [OST; The Mask / Маска],2:23:25,Eagler,заказ,атлична - -,Фильм,,джаз / инструментал,
10) Domitori Taranofu — Cozy Place (Mastered 2; Часть 1),2:35:50,Domitori Taranofu,заказ,,,,,
11) Killagram — Аттракцион,2:39:40,MeinJurer,донат,хорошечно-,,,рэп,
12) Domitori Taranofu — Cozy Place (fix; Часть 2),2:53:55,Domitori Taranofu,заказ,нормас,,,инструментал / инди,
13) FIVE NEW OLD — Showdown [1/2 Opening High Card Season 2 / Старшая карта 2],3:30:15,AndrLord,долг Х4☠️,хорошечно,Аниме,,джаз,
14) Miley Cyrus feat. David Byrne — Lockdown,3:40:50,Zark,донат,гениально,,"progressive, experimental",джаз / инди / электронное,
15) Jung Kook — Standing Next to You (Official MV),4:09:20,kvin,долг Х5⚰️,хорошечно+,,,фанк,
16) devalon — Game Theme {Main Theme} [OST; Black Souls II],4:21:50,wend1g,донат,нормас - -,Игра,,оркестровое / инструментал / электронное,
"17) Kevin Penkin — Counterpoint of Abyss [OST; Made in Abyss Season 2 / Созданный в Бездне: Солнце, вспыхнувшее в Золотом городе]",4:34:40,ТреньБрень,долг,гениально - -,Аниме,progressive,оркестровое / электронное / инструментал,
18) Silent Strike feat. EM — It's Not Safe to Turn off Your Computer [OST; Hackerville / Хакервилль],4:55:05,Boevaya_riba,донат,атлична,Фильм,progressive,электронное,
19) Rom1o — Chimes de Révolte (Demo),5:22:40,Rom1o,долг Х2,нормас,,,фолк,
20) devalon — Hanover Abandoned Station [OST; Black Souls II],5:45:30,wend1g,донат,нормас-,Игра,,оркестровое / инструментал / электронное,
21) Kalafina — Believe [1 Ending Fate/stay night: Unlimited Blade Works / Судьба/Ночь схватки: Бесконечный мир клинков],5:54:50,DzenDish,долг Х3💀,хорошечно - -,Аниме,,поп-рок,
22) Hackneyed — Magic Malignancy,6:07:40,MeinJurer,донат,атлична - -,,,метал,
"23) Studio Accantus — The Horse and the Infant {Троянский конь и младенец / Koń trojański i niemowlę} (Jorge Rivera-Herrans, Luke Holt & EPIC Ensemble — The Horse and the Infant; Cover; Polish version)",6:19:00,Triple_AI,долг Х4☠️,хорошечно++,,cover,мюзикл/опера,
24) Alan Walker feat. Au/Ra & Tomine Harket — Darkside,6:32:20,Cherfrish,донат,хорошечно,,,поп / электронное,
25) Marc Torch — The Last Straw,6:47:20,SinWarlock,долг Х5⚰️,нормас++,,,поп-рок / инди / инструментал,
26) ДиДюЛя — Фламенко,6:54:20,Rtur,донат,атлична - -,,,электронное / фолк / инструментал,
"27) Натали — О Боже, какой мужчина! {O, Bozhe, kakoy muzhchina!} (Official Video)",7:05:35,Monstrrro,долг,хорошечно+,,,поп,
28) Александр Розенбаум — Нирвана (1993; Live),7:15:15,Влад Горшков,донат,атлична,,,баллада / оркестровое,
29) milet — Waterfall,7:45:55,mage10,долг Х2,хорошечно++,,,поп,
30) Kohmi Hirose — Venus Line [1 Opening Birdie Wing: Golf Girls' Story / Птичье крыло: История гольфисток],7:59:00,Ivan_Vitalyevich,донат,атлична+,Аниме,,поп / джаз,
31) Yasuha — Fly-day Chinatown {フライディ・チャイナタウン},8:13:35,ansmit,долг Х3💀,атлична,,,поп / фанк,
СТРИМ №155 (16.09.25),, ,,,,,,
ДОЛГОВОЙ,, ,,,,,,
1) Marcin Przybyłowicz — Kaer Morhen [OST; The Witcher 3: Wild Hunt / Ведьмак 3: Дикая Охота],Утеряно,GameCloser,долг,нормас++,Игра,,инструментал / фолк / баллада,
2) milet — checkmate [OST; Kakegurui: Desperate Russian Roulette / Безумный азарт 2. Фильм: Русская рулетка],2:45,mage10,заказ,хорошечно-,Фильм,,поп / электронное,
3) Hitomi Kuroishi — Masquerade [ep 14; OST; Code Geass: Lelouch of the Rebellion / Код Гиас: Восставший Лелуш],18:50,morpheuss_ ,заказ,хорошечно - -,Аниме,,поп / электронное ,
4) Radiant Records — Blessed Messiah and the Tower of AI {Башня Скорби / Shukufuku no Messiah to Ai no Tou / 祝福のメシアとアイの塔} (Hitoshizuku-P×Yama△ — Blessed Messiah and the Tower of AI; Cover),31:05,Sadierre,долг Х2,ну такое-,,cover,оркестровое / поп,
5) Овсянкин — Тебе стыдно {You’re Ashamed},54:55,ayl1es,долг Х3💀,атлична-,,,рэп / инди,
6) Rosu — Follow [OST; My Beautiful Man / Красивый парень],1:04:20,Selestinskiy,долг Х4☠️,хорошечно-,Фильм,,электронное / поп,
6.5) Композер о RUS Cover + Топ донатеров Августа,1:33:10,Faryma.composer,,,,,,
7) Divorce Applause — Knucklehead,1:41:25,SinWarlock,долг Х5⚰️,хорошечно - -,,,"рок, инструментал",
8) MYTH & ROID — Crazy Scary Holy Fantasy [OST; Overlord: The Undead King / Повелитель: Бессмертный король],1:52:00,DzenDish,долг,атлична,Аниме,progressive,электронное / метал,
9) AURORA — You Can't Run From Yourself [1 Opening Kaiju No. 8 Season 2 / Кайдзю номер восемь 2],2:00:10,iromzy1337; gasket27,заказ,атлична,Аниме,,инди / электронное / поп,
10) F4chick [Dr] — ФНАФИЛИЯ (Final mix),2:06:55,Vailik,долг Х2,ну такое++,,,поп-рок,
11) Chuck Berry — Johnny B. Goode,2:23:40,ansmit,долг Х3💀,хорошечно++,,,джаз / поп,
12) Король и Шут — Пивной череп {The Beer Skull},2:31:00,Alan008,долг Х4☠️,хорошечно-,,,рок / поп-рок,
13) AiNA THE END — On The Way {В пути / Kakumei Dōchū / 革命道中} (THE FIRST TAKE) [1/2 Opening Dandadan 2nd Season / Дандадан 2],2:38:55,Selestinskiy,долг Х5⚰️,атлична,Аниме,,поп / рок / поп-рок,
14) Andrew Hale — Main Theme [L.A. Noire OST],2:53:45,GameCloser,долг,хорошечно++,Игра,,джаз / баллада / инструментал,
15) MYTH & ROID — Remembrance [OST; Saga of Tanya the Evil: The Movie / Военная хроника маленькой девочки. Фильм],3:01:55,DzenDish,долг Х2,атлична-,Аниме,,инди / электронное / рок,
16) MAN WITH A MISSION — Dog Days,3:12:40,AndrLord,долг Х3💀,хорошечно-,,,поп-рок / рок,
17) Yasunori Mitsuda — Guldove(Another World) {ガルドーブ アナザー} [Chrono Cross OST],3:23:15,SinWarlock,долг Х4☠️,хорошечно,Игра,,фолк / инструментал,
18) K/DA feat. Madison Beer & Kim Petras — VILLAIN (Official Concept Video) [League of Legends OST],3:31:00,GeNoZa,долг Х5⚰️,атлична - -,Игра,,поп / электронное,
СТРИМ №154 (13.09.25),, ,,,,,,
1) MYTH & ROID — TRAGEDY:ETERNITY,14:20,DzenDish,заказ,хорошечно,,progressive,электронное / рок,
2) Улица Восток — Запомню {Remember} (Directed by Max Balter x Mishka),30:50,Rtur,донат,нормас+,,,инди,
3) minato feat. Hatsune Miku & Megurine Luka — Magnet {Магнит / マグネット} (RUS SUB),43:30,Акума,долг,хорошечно - -,,,поп,
4) devalon — Black Knight Lindamea - Mounted [OST; Black Souls II],1:08:25,wend1g,донат,кринж-контент++,Игра,game,оркестровое / инструментал,
5) Олег Газманов — Эскадрон {Squadron} (1990),1:25:20,Monstrrro,долг Х2,нормас++,,,поп,
6) darX — UNITED ALLIANCE,1:36:45,Gagabu,донат,хорошечно - -,,,оркестровое / инструментал,
7) Tokyo Ska Paradise Orchestra & TK from Ling tosite sigure  — Restricted Archive VS. TK(Ling tosite sigure),1:53:25,ansmit,долг Х3💀,атлична,,,джаз / поп / рок,
8) Lena Raine — Resurrections [Celeste OST],2:04:30,Indie Anthems,донат,хорошечно+,Игра,game,инструментал / электронное,
9) ABBA — Lay All Your Love On Me {Отдай всю свою любовь мне},2:22:15,Sammy Willbur,долг Х4☠️,атлична-,,,фанк / поп,
10) devalon — Madness Spirits [OST; Black Souls II],2:32:35,wend1g,донат,нормас++,Игра,game,инструментал / электронное,
11) SLAVA MARLOW — Я не могу тебя найти {I Can't Find You} [OST; Major Grom: The Game / Майор Гром: Игра],2:52:35,Prez1dentM1ra,заказ,атлична-,Фильм,,поп / электронное / инди,
"12) LiSA — Shine in the Cruel Night {Zankokuna Yoru ni Kagayake / 残酷な夜に輝け} [OST; Demon Slayer: Kimetsu no Yaiba - The Movie: Infinity Castle / Клинок, рассекающий демонов: Бесконечный замок — Возвращение Акадзы]",2:59:50,DzenDish,донат,атлична - -,Фильм,progressive,метал / оркестровое,
13) Thirteen Senses — Do No Wrong,3:16:50,Indie Anthems,долг,хорошечно - -,,,инди / поп-рок / баллада,
14) Ketsumeishi — Tomo yo ~ Kono Saki mo Zutto ... {友よ 〜 この先もずっと…},3:31:15,AndrLord,донат,нормас++,,,поп,
14.5) Faryma.composer о музыке,3:44:35,Faryma.composer,,,,,,
15) Yuki Kajiura feat. Yuriko Kaida — Melody(“Salva Nos” Ver.) [OST; Noir / Нуар],4:14:15,Rtur,долг Х2,хорошечно,Аниме,anime,поп / электронное,
16) OOHYO — A Good Day,4:22:15,Indie Anthems,донат,атлична - -,,,инди / поп / баллада,
17) Bonnie Grace — The Goths,4:32:15,Gagabu,долг Х3💀,атлична-,,,фолк ,
18) Luella Gren — Whispering of the Stars,4:40:00,wend1g,донат,атлична-,,,оркестровое / инструментал / фолк / баллада,
19) Houshou Marine — Suki-Suki Diesuki Cho Ayeshiteru {Suki-Suki Diesuki Cho Ayeiteru / Suki-Suki Diesuki Chō Aishiteru / スキスキ Dieスキ超 Ayeシテル},4:49:35,AndrLord,долг Х4☠️,атлична-,,progressive,поп / фанк / фолк,
20) Brushy One String feat. Cuppa Tea — Home Away From Home,5:10:50,MeinJurer,донат,хорошечно,,,фолк,
21) Foreground Eclipse — Storytellers,5:30:55,Hantrik; Винсон,заказ,нормас+,,,рок,
22) Black Peaks — Set in Stone,5:44:15,Indie Anthems,донат,атлична - -,,progressive,метал ,
23) Avril Lavigne — Complicated {Сложно} (Official Video),6:09:10,Sammy Willbur,заказ,хорошечно-,,,поп-рок,
24) Inori Minase — heart bookmark,6:19:00,Ivan_Vitalyevich,заказ,атлична,,,поп / джаз ,
25) MYTH & ROID — PANTA RHEI [1 Opening Isekai Cheat Magician / Маг-обманщик из другого мира],6:37:55,DzenDish,долг,атлична - -,Аниме,progressive,электронное / метал / джаз,
26) Akatsuki Records — KAPPAYAPPA {バンデットリィテクノロジー} (ZUN - Banditry Technology; Cover) [Touhou 18: Unconnected Marketeers OST],6:53:50,Holy_Sun,донат,атлична - -,Игра,,электронное,
27) Yorushika — Martian {Марсианин / Kaseijin / 火星人} (OFFICIAL VIDEO) [Opening Shoshimin: How to Become Ordinary Season 2 / Маленький гражданин 2],7:06:40,ansmit,долг Х2,атлична++,Аниме,anime,инди / поп / джаз,
28) Б.А.У. — Про тюрьму и воров {About Prison and Thieves},7:17:25,AnToteKote,заказ,хорошечно,,,метал / поп,
29) UBEL — Буря {Storm},7:28:55,50 50,заказ,хорошечно,,,инди,
30) Shinrabansho — Karisuma Rengoku Tenshin {Харизматичная богиня Чистилища / The Charismatic Purgatory Goddess / カリスマ煉獄天神} (ZUN - Tortoise Dragon ～Lucky and Unlucky; Cover) [Touhou Kikeijuu ~ Wily Beast and Weakest Creature OST],7:39:10,Holy_Sun,донат,атлична - -,Игра,,поп / электронное,
31) CeeLo Green feat. Melanie Fiona — Fool For You,8:05:25,Rtur,долг Х3💀,атлична+,,,фанк ,
32) Veil of Maya — Dark Passenger,8:15:20,Артур Ежов,донат,хорошечно,,progressive,метал,
33) Taylor Swift — Lover (Official Lyric Video),8:29:25,Филантроп,долг Х4☠️,атлична-,,,поп / баллада,
34) Jon Batiste — Nocturne Op. 9 No. 2 (Frederic Chopin - Nocturne Op. 9 No. 2; Original; Live; Improve Toronto 3-12-24),8:46:40,TRISSAR,донат,хорошечно++,,solo instrument,оркестровое / инструментал / джаз,
35) Электрослабость feat. Симфонические Твари — Олений пенис (Live),8:59:05,gian_blackbell,заказ,нормас+,,,фолк / поп,
СТРИМ №153 (9.09.25),, ,,,,,,
ДОЛГОВОЙ,, ,,,,,,
1) MAN WITH A MISSION — Vertigo,13:05,AndrLord,долг,хорошечно+,,,рок,
2) Uma Musume: Pretty Derby Cast — Umapyoi Densetsu {Легенда Умапёй / うまぴょい伝説} [OST; Uma Musume: Pretty Derby / Девушки-пони: Славное дерби],28:20,Svd_bb,долг Х2,атлична - -,Игра,,поп / электронное,
3) Halsey — Could Have Been Me (The Struts - Could Have Been Me; Cover) [OST; Sing 2 / Зверопой 2],44:10,Ян,донат,хорошечно+,Фильм,,поп-рок,
4) Queen — Made In Heaven (Official Lyric Video; 2011 Remaster),55:40,Static_streams_,долг Х3💀,атлична-,,,поп-рок / рок,
5) Danny Baranowsky — Dance of the Decorous (3-2 Cold with Shopkeeper) [Crypt of the NecroDancer OST],1:32:30,SinWarlock,заказ,хорошечно,Игра,,электронное / инструментал,
6) Danny Baranowsky feat. FamilyJules — March of the Profane (3-2 Hot with Shopkeeper) [Crypt of the NecroDancer OST],1:42:20,SinWarlock,заказ,хорошечно,Игра,,рок / электронное / инструментал,
7) Danny Baranowsky — A Cold Sweat (3-3 Cold with Shopkeeper) [Crypt of the NecroDancer OST],1:52:00,SinWarlock,заказ,нормас+,Игра,,электронное / инструментал,
8) Danny Baranowsky feat. FamilyJules — A Hot Mess (3-3 Hot with Shopkeeper) [Crypt of the NecroDancer OST],2:00:55,SinWarlock,заказ,нормас++,Игра,,рок / электронное / инструментал,
9) Sam Webster & Nick Nausbaum — Morning Dove [Rift of the NecroDancer OST],2:09:40,SinWarlock,заказ,хорошечно,Игра,,инди / джаз,
10) Static-X — The Only (Official Music Video) [Need for Speed: Underground OST],2:20:35,SinWarlock,заказ,хорошечно,Игра,,метал,
11) POPY — Tondemo-Wonderz {Невероятные чудеса / Unthinkable Wonders / Tondemo Wandaazu / トンデモワンダーズ} (sasakure.UK feat. Hatsune Miku & KAITO - Tondemo-Wonderz; Cover) [OST; Project SEKAI Colorful Stage! feat. Hatsune Miku],2:53:45,Широ,долг Х4☠️,атлична - -,Игра,,электронное / поп,
12) Yeat — Riot & Set it off (Official Music Video),3:06:25,qwerty_24661,заказ,хорошечно,,,рэп / электронное,
13) Flëur — Железо поёт {Iron Sings},3:13:40,Boevaya_riba,долг,атлична-,,,инди / поп,
"14) BRADIO — Mirai Cider {Будущий сидр / Mirai Saidaa / 未来サイダー} [1/2 Opening Reborn as a Vending Machine, I Now Wander the Dungeon Season 2 / Я переродился торговым автоматом и теперь скитаюсь по лабиринту 2]",3:28:45,AndrLord,долг Х3💀,атлична - -,Аниме,,поп / фанк,
15) Domitori Taranofu — Clav Fi,3:42:20,Domitori Taranofu,долг Х2,хорошечно-,,,инди / баллада / инструментал,
15.1) Faryma.composer сочиняет трек в жанре Horney Wave,3:57:55,Faryma.composer,,,,,,
15.2) Faryma.composer показывает свои демки + слушаем опенинги стримов,4:18:25,Faryma.composer,,,,,,
СТРИМ №152 (6.09.25),, ,,,,,,
1) Yuki Kajiura — Materialise [OST; My-Otome / Mai-Otome / Май-Отомэ],15:55,Rtur,донат,хорошечно+,Аниме,,электронное / рок,
2) Crystal King — Ai wo Torimodose!! {Верни любовь!! / Get your love back!! / 愛をとりもどせ!!} [1 Opening Fist of the North Star / Hokuto no Ken / Кулак Северной Звезды],32:55,Kami1929,заказ,атлична-,Аниме,,рок ,
3) Rom1o — Time Beyond (DEMO),43:30,Rom1o,долг,хорошечно - -,,,инструментал / электронное,
4) HAERTS — The Way,1:15:50,Indie Anthems,донат,атлична-,,,инди / поп-рок,
5) Kenshi Yonezu — Plazma {Плазма / Purazuma / プラズマ} [OST; Mobile Suit Gundam GQuuuuuuX - Beginning - / Мобильный воин Гандам: GQuuuuuuX — Начало; 1 Opening Мобильный воин Гандам: GQuuuuuuX / Mobile Suit Gundam: GQuuuuuuX],2:00:35,Акума; Svd_bb,долг Х2,атлична-,Аниме,,поп / электронное,
6) Queen Bee — HIGH FLAME {Высокое пламя / Tsuyobi / 強火} [1/5 Opening Fire Force Season 3 / Пламенная бригада пожарных 3],2:20:10,iromzy1337,заказ,хорошечно++,Аниме,,инди / поп-рок,
7) SEKAI NO OWARI — Honoo to Mori no Carnival {Карнавал пламени и леса / Carnival of Flame and Forest / 炎と森のカーニバル},2:28:40,kumashisan,заказ,нормас++,,,оркестровое / баллада,
8) Asaka — GIVE & TAKE [1 Opening The Daily Life of a Middle-Aged Online Shopper in Another World / Жизнь сорокалетнего мужчины в другом мире],2:47:45,DzenDish,долг Х3💀,хорошечно - -,Аниме,,поп-рок,
9) Freddie Mercury — Time Waits For No One {Время никого не ждёт} (Official Video 4K Upscale),3:01:50,TRISSAR; Static_Streams_,донат,атлична,,,оркестровое / баллада ,
10) Fouad Seif 2 — Endless (Majin Sonic Only; MarStarBro — Endless; Cover) [Friday Night Funkin': Vs. Sonic.Exe OST],3:11:30,wersivisi; lombada_rola,заказ,ну такое,Игра,,электронное / инструментал,
11) Umberto Tozzi — Ti amo {Я люблю тебя} (ПОВТОР: СТРИМ №43; 26 трек от Napporaivo),3:24:00,GameCloser,повтор,атлична - -,,,баллада / поп,
12) ATC — Around the World(La La La La La) (Radio Version),3:54:15,ayl1es,долг,хорошечно++,,,электронное / поп,
13) Slaughter To Prevail — Demolisher,4:03:40,Onelie,донат,атлична-,,,метал,
14) blinch — Killer X Chase (Hunter Portal) [Loop Hero OST],4:17:50,SinWarlock,долг Х2,нормас++,Игра,,электронное / инструментал,
15) София Ротару — Я же его любила {But I loved him},4:30:40,GameCloser,донат,атлична-,,,поп,
16) Rammstein — Ich Will {Я хочу} (Official Video),4:42:30,Sammy Willbur,долг Х3💀,атлична,,,метал,
17) Inori Minase — IOLITE {Иолит / Aioraito / アイオライト} [1 Ending Dead Mount Death Play / Смертельная игра мёртвой горы],4:55:55,wend1g,донат,хорошечно,Аниме,,поп,
18) DEXCORE — Turbulent Heart,5:10:00,НеАноним(фанат декскора),заказ,хорошечно++,,,метал,
"19) Harmony Team feat. j.am ft, Len — Himitsu ~Kuro no Chikai~ {秘蜜〜黒の誓い〜} (Hitoshizuku-P feat. Kagamine Rin & Len – Himitsu ~Kuro no Chikai~; RUS Cover)",5:22:55,red_chajek,заказ,ну такое+,,,разное / оркестровое,
20) Сява — Милфа из 80х {Milf from the 80s / Milf From ’80s / Милфа из 80-ых},6:03:55,MeinJurer,донат,атлична - -,,,поп,
21) ZUTOMAYO — Darken {Тёмно чёрно / Kuraku Kuroku / 暗く黒く} (Live),6:18:50,ansmit,долг,атлична++,,,поп-рок ,
22) Polyphia — G.O.A.T. (Official Music Video),6:42:25,Onelie,донат,гениально - -,,,инструментал / инди / рок,
23) Dante and Hema the Maids — Elis,6:54:35,Dante6715,долг Х2,хорошечно - -,,,метал / инструментал,
24) Luxury Elite — S.W.A.K.,7:22:45,MeinJurer,донат,хорошечно++,,,инструментал / поп / джаз,
25) Die Antwoord — I Don't Care (Владимир Шаинский - Если с другом вышел в путь; Original),7:37:05,Rtur,долг Х3💀,атлична - -,,,инди / электронное,
26) There Will Be Fireworks — Here Is Where,7:48:25,Indie Anthems,донат,атлична - -,,,инди / поп-рок,
СТРИМ №151 (4.09.25),, ,,,,,,
МИНИ-ДОЛГОВОЙ + ВИДОСЫ,, ,,,,,,
1) Jamie's Elsewhere — The Cover Up,17:00,"Андранимус 999",долг Х9🌑,хорошечно+,,,метал,
2) Ногу Свело! — Наши юные смешные голоса {Our Young Funny Voices},31:35,Rtur,долг Х8🌋,хорошечно+,,,инди / поп-рок,
3) Lorien Testard — Spring Meadows - Get Up! For Lumière! [OST; Clair Obscur: Expedition 33],47:25,Обкене,долг Х9🌑,хорошечно-,Игра,,оркестровое / инструментал,
4) Dissah Dzu — Fuhrer,1:01:35,exbatonoatachikzekunirain,заказ,хорошечно++,,,рэп / инди,
5) TK from Ling tosite sigure — Fantastic Magic [ep 15; Ending Ninja Slayer From Animation / Охотник на ниндзя],1:20:25,reet13,заказ,атлична - -,Аниме,,инди / поп-рок,
6) Faryma.composer — Демка трека,1:54:20,ArtOkno_LG,долг Х8🌋,хорошечно-,,,поп / электронное,
6.5) Faryma.composer смотрит видосы и говорит с чатом,2:11:15,Faryma.composer,,,,,,
СТРИМ №150 (2.09.25),, ,,,,,,
ДОЛГОВОЙ,, ,,,,,,
"1) NakamuraEmi — Kakatte Koi yo {Давай, нападай / Kakatte Koi yo / かかってこいよ} [1 Ending Megalo Box / Мегалобокс]",9:00,wend1g,долг,атлична-,Аниме,,инди / поп-рок,
"2) Mayu Maeshima — Ruler [1 Opening Clevatess: The King of Devil Beasts, The Baby and the Brave of Undead / Клеватесс: Король демонических зверей, младенец и герой-нежить]",21:00,DzenDish,долг Х2,хорошечно+,Аниме,,метал / электронное,
3) Kenji Ohtsuki feat. Fumihiko Kitsutaka — Odoru Akachan Ningen {Танцующие младенцы-люди / Танцующий человеческий младенец / おどる赤ちゃん人間} [1 Ending Welcome to the N.H.K. / Добро пожаловать в NHK],31:35,wend1g,долг Х3💀,гениально - -,Аниме,,метал,
4) Kairi Yagi — Sing My Pleasure (сейю Виви) [1 Opening Vivy: Fluorite Eye's Song / Виви: Песнь флюоритового глаза],44:40,Napporaivo; AnonymousAdomin,заказ,хорошечно-,Аниме,,рок,
5) The Butcher Sisters & 257ers — Zeig Mir Dein,1:13:55,AnToteKote,долг Х9🌑,хорошечно,,,метал / инди,
6) OneRepublic — I Lived [OST; Glee / Хор],1:25:40,Boevaya_riba,долг,хорошечно++,Фильм,,инди / поп-рок,
"7) MYTH & ROID — TIT FOR TAT [1 Opening Cautious Hero: The Hero Is Overpowered but Overly Cautious / Этот герой неуязвим, но очень осторожен]",1:36:40,AndrLord; Ivan_Vitalyevich,заказ,хорошечно++,Аниме,,метал,
8) Ayase & R-Shitei — Hiten {Хитэн / Hiten / 飛天} [1 Opening Rurouni Kenshin: Meiji Kenkaku Romantan 2023 г. / Бродяга Кэнсин 2023 г.],1:48:05,DzenDish,долг Х3💀,гениально - -,Аниме,,рок / инди / поп-рок,
9) Hiroyuki Sawano feat. Rei — INERTIA [1 Opening To Be Hero X /  Быть героем Икс],2:02:15,Летта,долг Х4☠️,атлична,Аниме,,поп / электронное,
10) Jorge Rivera-Herrans & Steven Dookie — Survive (Act 1; EPIC: The Musical; CW: GORE AND FLASH),2:14:00,Triple_AI,долг Х8🌋,хорошечно-,,,мюзикл/опера,
11) Tigran Hamasyan — Levitation 21,2:31:25,GinkoGintoki,долг Х9🌑,атлична+,,,инди / разное,
12) 1.Kla$ — Сукины дети {Sons of Bitches},2:49:35,ayl1es,долг,нормас- (кринж-контент),,,рэп,
"13) Astra Yao, Sān-Z & HOYO-MiX — Wonderland Reverie {Грезы в стране чудес /  樂園遊夢記} [Zenless Zone Zero OST]",3:13:15,laitsberg,долг Х2,хорошечно-,Игра,,баллада / мюзикл/опера,
14) penoreri — Preserved Valkyria [OST; Sound Voltex III: Gravity Wars / Sound Voltex III: Гравитационные войны],3:23:35,Hantrik,долг Х3💀,хорошечно - -,Игра,,электронное / инструментал,
15) ALI feat. R-Shitei — TEENAGE CITY RIOT,3:34:20,Sheruka,заказ,гениально - -,,,поп / джаз,
16) Kirill Pokrovsky — Divinity II Main Theme [OST; Divinity II: Ego Draconis / Divinity II: Кровь драконов],3:46:45,quikkeer,заказ,нормас++,Игра,,инструментал / оркестровое,
17) мц горемыка — Я не трогал твою даму {I Didn't Touch Your Lady / ne trogal tovy damy},3:56:55,Boevaya_riba,долг,нормас++ (гениально),,,разное / рэп,
17.1) Faryma.composer о посыле в музыке,4:05:40,Faryma.composer,,,,,,
17.2) Faryma.composer сватует чат на стриме #4 + Котик Боня на Ане,4:16:45,Faryma.composer,,,,,,
СТРИМ №149 (31.08.25),, ,,,,,,
БЛАГОТВОРИТЕЛЬНЫЙ,, ,,,,,,
1) Stromae — Tous les mêmes (Official Video),12:10,brizzy_wow,очередь,атлична - -,,,поп,
"2) Foreigner — Urgent (2010, Live; Video Full HD)",23:25,@chumak_vita,очередь,атлична-,,,рок,
3) Asper X — Каждый справляется сам {Every Man For Himself},33:40,@Ploshka23,очередь,нормас+,,,рэп ,
4) KANON69 feat. Luz — Beast in the Beauty {Чудовище в красавице / Bīsuto in za Byūtī / ビーストインザビューティ} (Royal Scandal Part 3; Luz version),47:00,Yun,очередь,нормас++,,,рок,
5) clout — тРи пОлОсКи {Three Stripes},59:10,@Baobab123453,очередь,хорошечно-,,,электронное,
6) Lena Raine — Joy of Remembrance (Farewell) [Celeste OST],1:06:30,@iikaaa1977214,очередь,нормас++,Игра,,инструментал / оркестровое,
7) Barakatak — Musiknya Asyik (Official Music Video),1:16:30,Эмир,очередь,нормас,,,электронное ,
8) King Crimson — Cirkus (Including 'Entry Of The Chameleons'),1:25:15,@Zuha_2342,очередь,атлична-,,,разное / инди / джаз,
9) Nathalie — Heartbeat (Extended Mix) [OST; Initial D / Инициал Ди],1:40:30,@ceruszkin,очередь,нормас+,Аниме,,электронное / поп,
"9.5) Faryma.composer о искусстве в музыке + Котик Боня, после перерыва",1:49:50,Faryma.composer,,,,,,
10) ReoNa — Seimeisen {Линия жизни / Seimeisen / 生命線} [Tsukihime: A Piece of Blue Glass Moon OST],2:11:25,@Akrioz; @Itcannotbeseenwithoutlove,очередь,атлична-,Игра,,поп-рок,
11) Ariana Grande — Dangerous Woman (Official Video),2:24:20,@alexander_s01,очередь,хорошечно,,,поп,
12) ShishiShishi — Eien Hajimashii {永遠甚だしい / Eternally Incredible} (ShishiShishi feat. Hatsune Miku - Eien Hajimashii; Self Cover),2:35:30,@Rim758,очередь,хорошечно,,,инди / поп-рок,
13) Kiro Akiyama — SKETCH [1/10 Ending Boku no Hero Academia 6th Season / Моя геройская академия 6],2:49:05,@maria_purgina06,очередь,атлична-,Аниме,,поп-рок / поп,
14) Hiroshi Kitadani — We Are! (THE FIRST TAKE) [1 Opening One Piece / Ван-Пис / Большой куш],3:00:00,Aleksandr Voronin,очередь,атлична,Аниме,,джаз / поп,
15) Paul Mauriat — El Bimbo (The Blue Oyster Club Theme) [OST; Police Academy / Полицейская академия],3:10:20,@Denis_e_87,очередь,атлична,Фильм,,джаз / поп,
16) Heaven Pierce Her — War Without Reason (7-4 Theme) [ULTRAKILL OST],3:16:45,@courtofthe,очередь,атлична-,Игра,,инди / инструментал / электронное,
"17) Lyn — Wake Up, Get Up, Get Out There [OST; Persona 5 / Персона 5]",3:34:00,@justpaps,очередь,атлична-,Игра,,фанк / поп / джаз,
18) много_человеческих — открытки {postcards},3:47:40,@ob4elkanej,очередь,атлична - -,,,инди / электронное,
19) Seiko Oomori — JUSTadICE [7 Opening Black Clover / Чёрный клевер],4:06:15,@MOPO31LKA,очередь,гениально - -,Аниме,,поп-рок / рок,
19.5) Faryma.composer сватует чат на стриме #3,4:18:15,Faryma.composer,,,,,,
СТРИМ №148 (30.08.25),, ,,,,,,
ДОБРЫЙ СТРИМ,, ,,,,,,
1) Akatsuki Records — Rock 'n' Rock 'n' Beat (ZUN — Yanagi no Shita no Durahan / Dullahan Under the Willows; Cover) [Touhou Kishinjou ~ Double Dealing Character OST],21:15,Holy_Sun,донат,хорошечно+,Игра,,поп ,
2) Okazaki Taiiku — Suffer [1 Opening Detectives These Days Are Crazy! / С нынешними детективами ничего не поделаешь],32:25,DzenDish,долг,хорошечно - -,Аниме,,рок,
3) Imagine Dragons — Tied,40:30,Boevaya_riba,донат,хорошечно++,,,баллада / поп,
4) Anly — Suki ni Shinayo {Делай как хочешь / Do as you like / Sukinishinayo / 好きにしなよ} [1/5 Ending Dr. Stone: New World Part 2 / Доктор Стоун: Новый мир. Часть 2],52:05,AndrLord,долг Х2,хорошечно++,Аниме,,фолк / поп,
5) Akatsuki Records — Midnight Parade (ZUN — Apparitions Stalk the Night / A Soul as Red as a Ground Cherry; Cover) [Touhou Koumakyou ~ the Embodiment of Scarlet Devil OST],1:02:55,Holy_Sun,донат,атлична - -,,,поп / электронное,
"6) The Piano Guys — Titanium / Pavane (David Guetta feat. Sia — Titanium, Gabriel Fauré — Pavane in F-sharp Minor; Cover; Epic Mashup)",1:15:55,Rtur,долг Х3💀,хорошечно,,,инструментал / оркестровое,
7) Benlop — VI KA Гимн Папича(Arthas) (Jim Johnston — Medal; Cover),1:38:50,ayl1es,донат,нормас,,,инструментал / оркестровое,
8) Amit Trivedi — Dosti [OST; RRR / RRR: Рядом ревёт революция],2:13:20,meganekka,долг Х7🥀,хорошечно++,Фильм,,поп / фолк,
9) HOYO-MiX — Death Approaches [Honkai: Star Rail OST],2:26:55,Sadierre,заказ,гениально - -,Игра,,электронное / инструментал / фолк,
9.5) Faryma.composer сватует чат на стриме #1,2:35:35,Faryma.composer,,,,,,
10) OneRepublic — Love Runs Out,2:47:55,Boevaya_riba,донат,атлична - -,,,поп / поп-рок,
11) LUCY — So What {내버려},3:02:50,GinkoGintoki,долг Х8🌋,атлична - -,,,поп-рок ,
12) HOYO-MiX — Aquila Boss Theme (All Phases) [Honkai: Star Rail OST],3:15:40,EpicFire,заказ,атлична - -,Игра,,электронное / инструментал / фолк,
12.5) Faryma.composer сватует чат на стриме #2,3:56:20,Faryma.composer,,,,,,
13) HaruWei — Not Photogenic {Haenai / 映えない / Не фотогеничная} (Utsu-P feat. Hatsune Miku — Not Photogenic; RUS Cover),4:02:50,Paplamb,донат,хорошечно-,,,метал,
14) Domitori Taranofu — Tenderness,4:22:00,Domitori Taranofu,долг,хорошечно-,,,поп / инструментал / баллада,
15) Yuki Hayashi — Above {Выше / Ue / 上} [OST; Haikyu!! Second Season / Волейбол!! 2],4:37:40,Cherfrish,донат,хорошечно,Аниме,,поп-рок / инструментал,
16) Rom1o — Castle of Evil (Demo),4:50:50,Rom1o,долг Х2,нормас+,,,электронное / инструментал,
16.5) Котик Боня + Термины музыки + О оценке Нормас от Faryma.composer,5:32:55,Faryma.composer,,,,,,
17) Too Many Zooz — Car Alarm,5:40:20,SirVokrich,донат,хорошечно+,,,разное / джаз,
18) H-el-ical// — Altern-ate- [1 Opening Gleipnir / Глейпнир],5:54:00,p_pak,долг Х3💀,нормас+,Аниме,,поп-рок ,
19) LUDOMUSIC — ВСЁ ИЗ ДОМА ТВОЕГО {Near Your House} (Сектор Газа - Возле дома твоего; Ai Cover),6:06:15,ayl1es,донат,нормас,,,рок,
20) Павел Пламенев — Герои {Heroes} (Отрывок из Рок-оперы 'Орфей'),6:15:15,Triple_AI; ayl1es,заказ,нормас-,,,метал / мюзикл/опера,
21) Григорий Львовский — Блажени яже избрал (1830-1894; Хор Сретенского монастыря; Live),6:26:25,GameCloser,донат,хорошечно+,,,разное,
22) Yoko Takahashi — Soul's Refrain {Рефрен души / Soul of Refrain / Tamashii no Rufuran / 魂のルフラン} [OST; Neon Genesis Evangelion: Death & Rebirth / Евангелион нового поколения: Смерть и перерождение],6:41:35,Sheruka,заказ,гениально - -,Аниме,,поп / инди / электронное,
"23) The Smiths — There Is a Light That Never Goes Out {Свет, который никогда не погаснет}",6:55:35,Чар,донат,хорошечно+,,,поп-рок / баллада,
24) Потап и Настя — Умамы {Mom},7:07:45,Zharik,долг,нормас++,,,поп ,
25) Moon Hooch — #4 Solo,7:17:25,SirVokrich,донат,атлична - -,,,электронное / джаз / разное,
26) Atlas Plug — Crimson Phoenix,7:28:50,SinWarlock,долг Х2,атлична - -,,,электронное / инструментал / оркестровое,
27) DNCE — Cake By The Ocean {Торт на берегу океана},7:38:05,GameCloser,донат,атлична-,,,поп,
27.5) Отдаём деньги за стрим в Благотворительный фонд 'Измени одну жизнь' + Сравниваем ayl1es и murasakikunkun,7:48:20,Faryma.composer,,,,,,
СТРИМ №147 (26.08.25),, ,,,,,,
ДОЛГОВОЙ,, ,,,,,,
1) Yu-Peng Chen — Embracing All Rivers {Море вмещает сто рек / Hai na bai chuan / 海纳百川},10:35,laitsberg,заказ,атлична+,,,оркестровое / инструментал / фолк,
2) Wham! — Wake Me Up Before You Go-Go,31:00,Cherfrish,долг,атлична - -,,,поп / джаз,
3) LeaF — MARENOL (Игровое событие G2R2018),45:15,4d_Nyashka,долг Х2,хорошечно++,,,электронное / разное / инструментал,
4) Tommy heavenly6 — Pray {purei / プレイ} [1 Opening Gintama / Гинтама],58:30,DzenDish,долг Х3💀,нормас++,Аниме,,поп-рок / рок,
5) Alu — Specimen Girl {Девушка-образец / Hyouhon Shoujo / 標本少女} (Kiyozumi feat. Camui Gackpo — Specimen Girl; RUS Cover),1:12:00,skaylet342,заказ,нормас++,,,инди ,
6) Daniel Barenboim feat. Berliner Philharmoniker — Tico-Tico no Fubá (Zequinha de Abreu - Tico-Tico no Fubá; Original; Live),1:29:00,Triple_AI,долг Х8🌋,атлична,,,оркестровое / инструментал / фолк,
7) Ado — Zanelli {Занелли / Zanelli / ザネリ} (Teniwoha feat. flower - Zanelli; Cover),1:39:05,AnonymousAdomin,долг Х9🌑,хорошечно++,,,инди ,
"8) Kevin Penkin feat. Reigan — Yunara, the Unbroken Faith [League of Legends OST]",2:07:35,laitsberg,заказ,хорошечно++,,,оркестровое / инструментал ,
9) MFS — BOW (Kiriko Theme) [OST; Overwatch 2],2:19:05,Rtur,долг,нормас++,Игра,,рэп ,
10) Sān-Z & HOYO-MiX — Dance of Death {Танец смерти / Juémìng Wǔqǔ / 绝命舞曲} [Zenless Zone Zero OST],2:28:10,laitsberg,долг Х2,хорошечно++,Игра,,электронное / оркестровое / инструментал,
11) Sting — Mad About You,2:39:10,Rtur,долг Х3💀,атлична - -,,,фолк / поп,
12) TOOBOE — Chili sauce {Чили соус / Chiri Sōsu / チリソース},2:56:25,Xlibunka,долг Х7🥀,атлична,,,инди,
13) Daichi Miura — Blizzard (Main Theme) [OST; Dragon Ball Super: Broly / Драконий жемчуг супер: Броли],3:07:35,Водитель по губам,долг Х8🌋,хорошечно+,Аниме,,поп,
14) Jesper Kyd — Vegas [Hitman: Blood Money OST],3:20:35,General PunisheR,долг,хорошечно,Игра,,инструментал / электронное,
15) Cikindeles — The Purr MeowheM (PURR KVLT NAH BLACK METAL),3:32:20,SinWarlock,долг Х2,нормас - - (котики+),,,метал,
16) syudou — Reversal {Реверсал / Ribāsaru / リヴァーサル} [2 Opening Tsukimichi: Moonlit Fantasy Season 2 / Лунное путешествие приведёт к новому миру 2],3:44:00,Hedor0u,заказ,атлична+,Аниме,,поп / инди / электронное,
17) Vishal Dadlani — Malhari [OST; Bajirao Mastani / Баджирао и Мастани],4:02:35,Napporaivo,долг Х3💀,гениально - -,Фильм,,фолк ,
18) Ногу Свело! — Московский романс {Moscow Romance},4:10:00,Rtur,долг Х7🥀,гениально - -,,,,
СТРИМ №146 (23.08.25),, ,,,,,,
1) Mauro — Buona Sera - Ciao Ciao (1987 г.),9:45,Cherfrish,донат,хорошечно-,,,поп / фанк,
2) Queen — Dragon Attack (Live at the Montreal Forum; 1981 г.),24:10,TRISSAR; Static_streams_,долг,атлична,,,рок,
"3) Twenty One Pilots — Friend, Please (Animatic)",36:35,Zharik,донат,хорошечно++,,,инди / поп,
4) Совожаба и Подземелья — Падший Рыцарь {Fallen Knight} (DnD Fan Song),48:35,Laz Los,долг Х2,кринж-контент++,,,метал / фолк,
5) Yooh — MariannE [Osu! OST],1:12:15,EFA1961,донат,нормас+,Игра,,электронное / инструментал,
6) MAN WITH A MISSION — Merry-Go-Round [2/9 Opening Boku no Hero Academia 5th Season / Моя геройская академия 5],1:28:55,AndrLord; Ivan_Vitalyevich,заказ,хорошечно+,Аниме,,рок,
7) Edward Maya & Vika Jigulina — Stereo Love,1:56:25,ayl1es,донат,хорошечно,,,поп,
8) Yutaka Minobe feat. Kaori Kondo — A Love Suicide [Rule of Rose OST],2:16:30,eurodance_with_cat,заказ,атлична,Игра,,джаз / баллада,
9) Foals — Lonely Hunter,2:27:10,Indie Anthems,донат,хорошечно,,,инди / поп-рок,
10) YOASOBI — Monster {Монстр / Kaibutsu / 怪物} [1/2 Opening Beastars 2nd Season / Выдающиеся звери 2],2:56:00,upucka18,заказ,хорошечно,Аниме,,электронное / поп,
11) Jshxwty — Running Off (Shitpost; NCS - Copyrighted Fanmade),3:10:45,ayl1es,донат,ну такое++ (хаха),,,разное,
12) EnV — Heaven Rd. 2 (Ng mix) [The Impossible Game OST],3:21:45,lombada_rola,заказ,кринж-контент++,Игра,,электронное / инструментал,
13) yama — Shikisai {Цвет / Color / 色彩} [1/2 Ending Spy x Family Part 2 / Семья шпиона. Часть 2],3:36:50,Cherfrish,донат,атлична - -,Аниме,,поп,
14) Disturbed — Down with the Sickness,3:51:50,Kirilicus,долг,атлична,,,метал,
15) Jesper Kyd — Apocalypse [Hitman: Blood Money OST],4:03:35,General PunisheR,донат,хорошечно++,Игра,,оркестровое / инструментал,
16) Gazelle Twin & NYX — Folly,4:30:15,AnToteKote,долг Х10☄️,атлична,,,разное / инди,
17) Alvvays — Not My Baby,4:42:40,twexor,донат,хорошечно-,,,инди / поп,
18) Tommy heavenly6 — monochrome rainbow [1/3 Ending Bakuman. 2nd Season / Бакуман 2],4:55:35,DzenDish,долг Х2,нормас++,Аниме,,поп-рок / рок,
19) Mikio Sakai — Identity (Личность / Aidentiti / アイデンティティ} [1 Opening Chivalry of a Failed Knight / Доблесть рыцаря-неудачника],5:10:25,Cherfrish,донат,хорошечно-,Аниме,,поп-рок,
20) ivanzolo2004 — Марабу {Marabou},5:20:55,Verzweiflung12,заказ,ну такое,,,поп ,
21) Andy Stott — New Romantic,5:32:40,Pyssell,донат,атлична-,,,электронное / разное / инструментал,
"22) Carameii — Your New Home (Gooseworx & Evan Alderete - Your New Home; Cover; Style HANS ZIMMER, EPIC VERSION) [OST; The Amazing Digital Circus / Удивительный цифровой цирк]",6:09:05,Selestinskiy,долг Х7🥀,нормас-,Фильм,,оркестровое / инструментал,
23) Mattias Eklundh — Disco Diabolique,6:21:50,MeinJurer,донат,хорошечно,,,рок / инди / инструментал,
24) John Williams — Battle of the Heroes [OST; Star Wars: Episode III – Revenge of the Sith / Звёздные войны: Эпизод III – Месть ситхов],6:35:25,Влад Горшков,долг,атлична,Фильм,,оркестровое / инструментал,
25) Susanne Sundfør — Slowly,6:48:15,twexor,донат,хорошечно+,,,инди / поп,
26) doriko feat. Hatsune Miku — Romio & Cinderella {Ромео и Золушка / Romeo and Cinderella / Romio to Shinderera / ロミオとシンデレラ} [OST; Hatsune Miku: Project DIVA Dreamy Theater 2nd],7:01:00,Акума,долг Х2,хорошечно+,Игра,,поп-рок / электронное,
27) Daisuke Ishiwatari feat. Naoki Hashimoto — Get Over Nightmares (Sin vs. Ky Theme) [Guilty Gear Strive OST],7:23:50,Holy_Sun,донат,нормас++,Игра,,метал,
"28) Чёрный Обелиск — Ещё один день(День прошёл, а ты всё жив) (официальный клип) {One More Day}",7:36:35,Red_Bear,долг Х9🌑,хорошечно - -,,,метал,
29) Devics — Alone With You,7:56:50,Indie Anthems,донат,атлична - -,,,инди / поп / поп-рок,
СТРИМ №145 (19.08.25),, ,,,,,,
ДОЛГОВОЙ,, ,,,,,,
1) Daniel Licht — Wink [OST; Dexter / Декстер],10:50,Indie Anthems,долг,хорошечно,Фильм,,инструментал / разное / инди,
2) OLIVIA inspi' REIRA — Recorded Butterflies [OST; NANA / Нана],25:05,Boevaya_riba,долг Х2,нормас,Аниме,,метал,
3) YMIR & HOYO-MIX — Flares of the Blazing Sun [Honkai: Star Rail OST],49:30,EpicFire,долг Х6👻,хорошечно,Игра,,рок ,
4) GUMI — Catch You Catch Me {さくらバージョン} [1 Opening Cardcaptor Sakura / Сакура — собирательница карт],1:20:25,meganekka,долг Х7🥀,атлична,Аниме,,поп ,
5) Firelake — Dirge for Planet [OST; S.T.A.L.K.E.R.: Shadow of Chernobyl / S.T.A.L.K.E.R.: Тень Чернобыля],1:33:25,Eagler,заказ,хорошечно - -,Игра,,баллада,
6) Red Hot Chili Peppers — Tell Me Baby (Official Music Video),1:47:20,meganekka,долг Х9🌑,хорошечно - -,,,поп-рок / фанк,
7) yama — Oz. {Оз / Ozu / オズ} [1 Ending Ranking of Kings / Рейтинг короля],1:58:05,AndrLord; AnonymousAdomin,заказ,атлична - -,Аниме,,баллада / поп,
8) Pantera — Cemetery Gates,2:08:15,Batkachu,донат,атлична,,,метал,
"9) BRADIO — Fanfare {ファンファーレ} [1 Opening Reborn as a Vending Machine, I Now Wander the Dungeon / Я переродился торговым автоматом и скитаюсь по лабиринту]",2:27:35,AndrLord,долг Х2,гениально-,Аниме,,поп / фанк / джаз,
10) Kenshi Yonezu — Vivi,2:37:15,trivia_holic; Sendy Polaris,заказ,атлична - -,,,инди / поп-рок,
11) Leilani Wilson — Dragon Valley [OST; Freedom Planet 2],2:51:50,SinWarlock,долг Х7🥀,хорошечно-,Игра,,электронное / поп / инструментал,
12) jon-YAKITORY feat. Ado — eat {eat / Īto / イート},3:05:50,Meowzen134; AnonymousAdomin,заказ,атлична - -,,,поп-рок / рок,
13) Mikakuning! — Masshiro World {Белоснежный мир / Masshiro Waaru / まっしろわーるど} [1 Ending Engaged to the Unidentified / Помолвлена с незнакомцем],3:14:40,ziksp,заказ,хорошечно - -,Аниме,,поп-рок,
14) EGOIST — The Everlasting Guilty Crown [2 Opening Guilty Crown / Корона грешника],3:30:05,Дмитрий Баринов,долг Х10☄️,хорошечно,Аниме,,поп-рок / электронное,
15) OneRepublic — Sleep,3:42:00,Boevaya_riba,долг,атлична-,,,инди / рок,
СТРИМ №144 (16.08.25),, ,,,,,,
1) Elton John — Ego,19:55,Alan008,донат,атлична- ,,,разное / инди / поп,
2) Motoi Sakuraba — Crumbling wish {Рушащееся желание / 崩れ行く願い} [Tales of Arise - Beyond the Dawn OST],33:20,Влад Горшков,долг,атлична,Игра,,инструментал / оркестровое / рок,
3) Die Antwoord — Pitbull Terrier,47:00,Rtur,донат,хорошечно - -,,,электронное ,
4) UNISON SQUARE GARDEN — Chandelier Waltz {Shanderia Warutsu / シャンデリア・ワルツ} (Live) [1 Ending Yozakura Quartet: Tsuki ni Naku / Вишнёвый квартет: Воя на луну],1:00:05,Svd_bb; kumashisan,заказ,атлична - -,Аниме,,рок / поп / инди,
5) Samuel Yakovlevich Pokrass — The Red Army is the Strongest {Красная Армия всех сильней} (Soviet Military Song),1:21:05,Влад Горшков,заказ,нормас,,,оркестровое / поп,
6) Rozalia — Собака писала {The Dog Peed},1:58:45,50 50,донат,хорошечно,,,поп / баллада,
"7) Official HIGE DANdism — Yesterday {イエスタデイ} [OST; Hello World / Здравствуй, мир / Привет Мир]",2:08:15,AndrLord; Ivan_Vitalyevich,заказ,атлична - -,Фильм,,поп / поп-рок,
8) Платина — Виновата сама.. {It’s Her Own Fault..},2:24:50,ayl1es,донат,нормас++,,,рэп,
9) Rachie — Odo {踊} (Ado - Odo; English Cover; Dylon Maycel remix),2:46:05,AnonymousAdomin,долг Х7🥀,атлична+,,,поп / электронное,
10) Нежное Это — Культурный кот {Culture Cat},2:53:45,50 50,донат,хорошечно,,,инди,
11) Mikakuning! — Tomadoi→Recipe {Tomadoi Recipe / とまどい→レシピ} [1 Opening Engaged to the Unidentified / Помолвлена с незнакомцем],3:06:30,ziksp,заказ,атлична-,Аниме,,электронное / рок / инди,
12) Paledusk — HUGs [1 Opening Gachiakuta / Гачиакута / Гатиакута],3:37:35,Maksimjk,донат,атлична+,Аниме,,разное / рок / электронное,
13) Foo Fighters — The Pretender,4:01:00,meganekka,долг Х9🌑,хорошечно,,,рок,
14) Kinoko Teikoku — School Fiction {School/Fiction / スクールフィクション} (demo),4:13:20,Чар,донат,нормас,,,инди / поп-рок,
"15) Various Artists feat. Tom Kenny, Neil Patrick Harris, Kevin Michael Richardson, John DiMaggio, Jeff Bennett, James Arnold Taylor, Grey DeLisle, Dee Bradley Baker & Diedrich Bader — The World is Mine (voice actors: Music Meister, Black Canary and Batman's) [OST; Batman: The Brave and the Bold / Бэтмен: Отважный и смелый]",4:30:40,Alan008,долг,хорошечно++,Фильм,,мюзикл/опера,
16) John Williams — Cantina Band [OST; Star Wars: A New Hope / Звёздные войны: Эпизод IV — Новая надежда],4:47:40,50 50,донат,атлична-,Фильм,,джаз / инструментал,
17) Lorien Testard & Alice Duport-Percier — Forgotten Battlefield - Dualliste [OST; Clair Obscur: Expedition 33],5:02:00,gigantorix,заказ,атлична,Игра,,оркестровое / инструментал,
18) Toe feat. Toki Asako — Goodbye {Guddobai / グッドバイ},5:44:05,Чар,донат,атлична - -,,,инди / поп,
19) Ado — Kitto Coaster {Наверняка коастер / Kitto Kōsutā / きっとコースター},6:02:30,AnonymousAdomin,долг Х6👻,атлична,,,инди / поп ,
20) Бони Нем — Широка река {The river is wide} (Ансамбль Золотое Кольцо & Надежда Кадышева - Широка река; Cover),6:20:05,MeinJurer,донат,ну такое++,,,метал ,
21) L'Impératrice feat. Erick the Architect — Sweet & Sublime,6:36:05,Gen_etik,долг Х7🥀,гениально - -,,,фанк / инди,
22) Justice feat. Ali Love — Civilization (Official Audio),6:50:50,Чар,донат,атлична-,,,электронное / инди,
23) Toiki feat. Ado — ANEMONE,7:04:25,AnonymousAdomin,долг Х8🌋,нормас-,,,электронное / поп,
24) KOAN Sound — Emerging Path,7:14:35,Pyssell,донат,гениально - -,,,электронное / инди / инструментал,
25) Ramin Djawadi feat. Stephen Coleman & Hollywood Studio Symphony — Listening With A Million Ears [OST; Person of Interest / В поле зрения],7:36:30,"Selestinskiy",заказ,хорошечно - -,Фильм,,оркестровое / электронное / инструментал,
26) Susanne Sundfør — Memorial,7:44:55,twexor,донат,атлична - -,,,оркестровое / электронное,
26.5) Faryma.composer импровизирует на тему космоса,8:06:05,Faryma.composer,,,,,,
27) Александр Розенбаум — Рубашка нараспашку (Live),8:10:40,671,долг,нормас+,,,шансон,
28) Mud Flow — Chemicals,8:25:10,Indie Anthems,донат,хорошечно-,,,инди / поп-рок ,
29) HOYO-MIX — Coronal Radiance (Phainon Trailer) [Honkai: Star Rail OST],8:38:25,EpicFire,долг Х5⚰️,хорошечно,Игра,,электронное / фортепиано / инструментал,
29.5) Смотрим статистику на ютуб канале Faryma.composer,8:47:25,Faryma.composer,,,,,,
СТРИМ №143 (12.08.25),, ,,,,,,
ДОЛГОВОЙ,, ,,,,,,
1) The Living Tombstone — I Got No Time [OST; Five Nights at Freddy's 4],12:20,DzenDish,долг Х2,хорошечно,Игра,,поп / электронное,
2) Domitori Taranofu — Just a jazz mood...,27:15,Domitori Taranofu,заказ,хорошечно - -,,,джаз / баллада / инструментал,
3) MiatriSs — Y.G.I.O. Game Over {Конец Игры} (RUS Version) [OST; Five Nights at Freddy's],43:35,DzenDish,долг Х2,нормас-,Игра,,поп / электронное,
4) Josh Whelchel feat. Rachel Denlinger & Rich Brilli — Anomaly [OST; GunGirl 2],1:00:30,General PunisheR,долг,хорошечно,Игра,,рок / инструментал,
5) Grace Jones — I’ve Seen That Face Before(Libertango),1:14:10,Rtur,долг Х5⚰️,атлична - -,,,фолк / шансон / инди,
5.5) Faryma.composer поясняет за Жанры в таблице,1:32:30,Faryma.composer,,,,,,
6) Official HIGE DANdism — Destiny {Судьба / Shukumei / 宿命} (TV show 'Netto Koshien'),1:52:30,AndrLord; Ivan_Vitalyevich,заказ,атлична+,,,поп / поп-рок,
7) Kenichi Tsuchiya — Opening {オープニング} (2000 г.) [OST; Persona 2: Eternal Punishment],2:09:35,ДокухэбиТатсу,заказ,хорошечно-,Игра,,инструментал / электронное,
8) Audio Highs — Kono Mabuta no Oku ni {В глубине этих век / この瞼の奥に} [OST; Gintama / Гинтама],2:15:50,iromzy1337,заказ,хорошечно-,Аниме,,фортепиано / баллада,
9) OLIVIA inspi' REIRA — a little pain [1 Ending NANA / Нана],2:23:35,Boevaya_riba,долг Х9🌑,хорошечно,Аниме,,поп-рок ,
10) Bad Omens — The Worst In Me,2:37:40,AnToteKote; murasakikunkun,заказ,хорошечно,,,метал,
11) Gio Vincenzi & Michele Bettali — Wash Your Sins Away [OST; Path to Nowhere / Путь в никуда],2:49:00,laitsberg,заказ,атлична - -,Игра,,оркестровое / поп,
12) Lorien Testard & Alice Duport-Percier — World Map - Taking Down the Paintress [OST; Clair Obscur: Expedition 33],2:59:25,Rayoshukisu,донат,атлична++,Игра,,оркестровое ,
13) Tota — Hope {Yokan / 予感} [1 Opening Anne Shirley / Энн Ширли],3:09:45,trivia_holic; Sendy Polaris,заказ,гениально - -,,,инди / поп,
14) Selestinskiy — Eternal Dreams,3:28:45,Selestinskiy,долг Х6👻,хорошечно,,,оркестровое / инструментал,
15) DEXCORE — Busted piano,3:39:05,НеАноним(фанат декскора),заказ,атлична,,,метал / баллада,
СТРИМ №142 (9.08.25),, ,,,,,,
1) Dobranotch — Du Hast (Rammstein - Du Hast; Cover; Live),8:05,MeinJurer,донат,нормас++,,,разное / фолк,
2) Tengri — Heaven {Рай / Paradise / Tiān táng / 天堂} (Singer 2018; Live),24:35,Rtur,долг,атлична - -,,,фолк / поп,
3) Yoko Shimomura — Wanderer's Path [Legend of Mana OST],40:10,PerleSperling,заказ,атлична-,Игра,,джаз / инструментал,
"4) Юлия Кошкина, Ксюша Зануда & Саша Уманчук — Bring Me to Life (Evanescence – Bring Me to Life; Cover) [OST; 2003г.; Сорвиголова]",55:00,TRISSAR,донат,хорошечно - -,Фильм,,разное / баллада,
5) Akatsuki Records — HANIPAGANDA (ZUN — Joutounin of Ceramics; Cover) [OST; Touhou Kikeijuu ~ Wily Beast and Weakest Creature / 東方鬼形獣 ~ Wily Beast and Weakest Creature],1:08:35,Holy_Sun,донат,атлична+,,,метал / разное,
6) Adriano Celentano — Ja Tebia Liubliu {Я тебя люблю} (Remastered),1:18:05,Rtur,долг Х4☠️,атлична - -,,,баллада / поп,
7) Nicholas Britell — Andante Risoluto [OST; Succession: Season 4 / Наследники: Сезон 4],1:31:15,futoreqo65,донат,хорошечно - -,Фильм,,инструментал / фортепиано / оркестровое,
8) The Offspring — You’re Gonna Go Far Kid (Explicit),1:41:20,Sammy Willbur,долг Х5⚰️,хорошечно++,,,рок,
9) Akatsuki Records — Good Nightmare {グッナイメア} (ZUN — Eternal Spring Dream; Cover) [OST; Touhou Kanjuden ~ Legacy of Lunatic Kingdom / 東方紺珠伝　〜 Legacy of Lunatic Kingdom],2:12:00,Holy_Sun,донат,атлична - -,Игра,,электронное / рок / инди,
10) ALI PROJECT — Waga Routashi Aku no Hana {わが﨟たし悪の華} [1 Ending Code Geass: Lelouch of the Rebellion R2 / Код Гиас: Восстание Лелуша R2],2:24:10,Акума; BloodAlloy,заказ,хорошечно-,Аниме,,инди / рок ,
11) Queen — Bohemian Rhapsody (Live in Montreal 1981),2:40:30,TRISSAR; Static_streams_,донат,атлична,,,разное / рок / баллада,
12) The Pointer Sisters — I'm So Excited,2:51:45,meganekka,заказ,хорошечно++,,,поп / фанк,
13) Tery O'Shkin — Белая ворона (Валерий Леонтьев — Белая ворона; Ai Cover),3:02:40,TheOldMattCat,донат,ну такое,,,баллада / поп,
14) ANNA inspi' NANA — Rose (Исполняет вокальная сейю Наны Осаки: Anna Tsuchiya; Full ver.) [1 Opening Nana / Нана],3:12:10,Boevaya_riba,долг Х8🌋,хорошечно,Аниме,,рок,
15) Jesse Cook — Mario Takes A Walk,3:23:45,Rtur,донат,хорошечно,,,инструментал / фолк,
16) DEXCORE — Don't let it out of there,3:35:45,НеАноним(фанат декскора),заказ,хорошечно+,,,метал ,
17) Akatsuki Records — KARMANATIONS (ZUN - Reincarnation; Cover) [OST; Touhou Yumejikuu ~ The Phantasmagoria of Dim.Dream / 東方夢時空 ～ Phantasmagoria of Dim.Dream],4:07:55,Holy_Sun,донат,хорошечно - -,Игра,,электронное / поп,
18) Don Davis — The Power Plant [OST; The Matrix / Матрица],4:20:00,meganekka,долг,атлична,Фильм,,оркестровое ,
19) Cutting Crew — (I Just)Died In Your Arms,4:30:35,MeinJurer,донат,атлична-,,,поп-рок / рок ,
20) Пропаганда — Мелом {With Chalk},4:46:20,meganekka,долг Х3💀,ну такое++,,,поп,
21) Josh Whelchel feat. Rich Brilli — Descent [OST; GunGirl 2],5:06:50,General PunisheR,донат,нормас++,Игра,,рок ,
22) HOYO-MIX — Space Walk [Honkai: Star Rail OST],5:15:40,Летта; Boevaya_riba,заказ,хорошечно++,Игра,,инструментал / поп ,
23) Ave Mujica — Crucifix X [ep 10; OST; BanG Dream! Ave Mujica / Ура мечте! Ave Mujica],5:22:15,staruhhha,донат,хорошечно - -,Аниме,,метал ,
24) Makayla Phillips — Might⁺U {Might*U} [OST; My Hero Academia: Heroes Rising / Моя геройская академия: Восхождение героев],5:37:10,Maksimjk,долг Х4☠️,атлична,Аниме,,оркестровое / инструментал / баллада,
25) LISA — Requiem ~Inori {Реквием ~ Молитва / レクイエム ～祈り} [OST; Trinity Blood / Кровь Триединства],6:01:00,Boevaya_riba,донат,хорошечно-,Аниме,,оркестровое / баллада,
26) Alex Moukala — Amalgamaniac (with shopkeeper) [Rift of the NecroDancer OST],6:13:30,SinWarlock,долг Х5⚰️,хорошечно - -,Игра,,инструментал / поп / электронное,
27) Taylor Swift — Out of the Woods {Вышли из леса} (2016 год),6:23:50,Аноним не аноним,донат,атлична - -,,,поп,
28) Tsukasa Yatoki — The Clear Blue Sky [Lies of P: Overture OST],6:37:05,SinWarlock,долг Х6👻,хорошечно++,Игра,,баллада / инструментал,
29) Shiro Sagisu — Torn Apart - heavy metal [OST; Bleach: Thousand-Year Blood War / Блич: Тысячелетняя кровавая война],6:51:30,Hozar_2002,донат,хорошечно-,Аниме,,метал / инструментал,
30) Shiro Sagisu — torn apart [OST; Bleach / Блич],7:02:45,Hozar_2002,донат,хорошечно++,Аниме,,оркестровое / инструментал,
31) Boom Boom Satellites — Lay Your Hands on Me [1 Opening Kiznaiver / Кизнайвер / Связанные],7:11:15,Napporaivo; ziksp,заказ,хорошечно++,Аниме,,инди / поп / электронное,
32) Ave Mujica — Musica Caelestis {Sora no Música / 天球(そら)のMúsica} [ep 13; OST; BanG Dream! Ave Mujica / Ура мечте! Ave Mujica],7:26:10,staruhhha,донат,хорошечно,Аниме,,метал,
33) Ado — Kimi no Taion {Your Body Temperature / 君の体温} (Kuwagata-P feat Hatsune Miku — Kimi no Taion; Cover; 2021г.),7:41:10,AnonymousAdomin,долг Х8🌋,нормас++,,,поп-рок ,
34) Daniel Licht — Escalation [OST; Dexter / Декстер],7:57:20,Indie Anthems,донат,хорошечно++,Фильм,,инструментал / инди,
35) Theatre Brook — Uragirinoyuuyake {Uragiri no Yuuyake / 裏切りの夕焼け} [1 Opening Durarara!! / Дюрарара!!],8:08:00,Funyoka,заказ,атлична - -,Аниме,,рок / инди,
"36) Булат Окуджава — Бери шинель, пошли домой [OST; From Dawn Till Sunset / От зари до зари]",8:18:00,Влад Горшков,донат,атлична-,Фильм,,баллада,
СТРИМ №141.5 (6.08.25),, ,,,,,,
КРИМИНАЛЬНЫЙ,, ,,,,,,
1) Игорь Назарук — Криминальная Россия (Главная тема; ПОВТОР: СТРИМ №2; 12 трек от Monstrrro) [Криминальная Россия OST],2:25:15,Monstrrro,заказ,атлична - -,Фильм,,оркестровое / инструментал,
СТРИМ №141 (5.08.25),, ,,,,,,
ДОЛГОВОЙ,, ,,,,,,
1) dai feat. Nei Kino — Cross Over into Love at Dusk {Hashi wo Wataru wa Tasogare zo / 愛しを渡るは黄昏ぞ} [Opening Higanbana no Saku Yoru ni: The First Night / On the Night the Red Spider Lily Blooms: First Night],8:30,Monstrrro,долг,хорошечно-,Игра,,баллада / поп,
2) Imagine Dragons — # 1 (Official Lyric Video),22:55,Boevaya_riba,долг Х2,хорошечно++,,,поп / баллада,
3) NiziU — RISE UP [1/2 Opening Tower of God Season 2: Return of the Prince / Башня Бога: Возвращение принца],33:45,DzenDish,долг Х3💀,нормас++,Аниме,,поп,
4) HOYO-MiX — Lamentation et Triomphe (Fountain of Belleau) [Genshin Impact OST],49:40,laitsberg,заказ,хорошечно++,Игра,,оркестровое / джаз,
5) Ludvig Forssell — One Last Fight (Pt.1-3; Higgs Boss Theme) [Death Stranding 2: On the Beach OST],1:09:15,Влад Горшков,долг Х4☠️,хорошечно++,,,инструментал / электронное / рок,
6) Клава Кока — Ещё люблю {Still Love} (А-Студио - Ещё люблю; Cover),1:35:50,GameCloser,долг Х5⚰️,нормас++,,,поп / поп-рок,
7) M2U — Nightmare [Lies of P: Overture OST],2:20:50,SinWarlock,долг Х6👻,атлична+,Игра,,инструментал / фолк / баллада,
8) Suou Patra feat. Yunomi — Immigration {イミグレーション},2:31:20,AnonymousAdomin,долг Х7🥀,атлична+,,,инди / электронное,
9) Fleetwood Mac — Tusk (2018 Remaster),2:47:00,Verzweiflung12,заказ,гениально - -,,,рок ,
10) Электрослабость — Леонид(Ночь в музее Якубовича) {Leonid (Night at the Yakubovich Museum)} (театр 'Небесные Бродяги'),2:58:05,gian_blackbell ,заказ,нормас++,,,разное / мюзикл/опера,
11) Imagine Dragons — Pantomime,3:07:25,Boevaya_riba,долг,хорошечно++,,,поп-рок ,
12) The Living Tombstone feat. Aviya Dor-Kolan — It's Been So Long {Это было так давно} [Five Nights at Freddy's 2 OST],3:20:10,DzenDish,долг Х2,хорошечно - -,Игра,,электронное / инди,
13) M2U — Nightmare(Golden) [Lies of P: Overture OST],3:35:20,SinWarlock,заказ,хорошечно++,,,инструментал / баллада,
14) Би-2 — Вечная призрачная встречная {VPV} (Live) [О чём говорят мужчины OST],3:43:25,Rtur,долг Х3💀,атлична - -,Фильм,,поп-рок / оркестровое,
СТРИМ №140 (2.08.25),, ,,,,,,
1) Fugu Quintet — Worry,8:35,glorfindeiko,донат,хорошечно++,,,джаз / инструментал,
2) The Hatters — Shoot Me (Official Audio),28:45,Rtur,долг,хорошечно++,,,джаз / электронное / инди,
3) Валерий Леонтьев — Казанова {Casanova},41:50,ayl1es,донат,хорошечно - -,,,поп,
4) Susumu Hirasawa — Niwashi KING {Король-садовник / Gardener King / 庭師KING},57:00,ShadeR_93,долг Х2,атлична+,,,электронное / фолк / инди,
5) Леонид Агутин — Остров {Island},1:10:20,GameCloser,донат,атлична-,,,поп / джаз,
"6) Riot Music Team, Justin Tranter, Alex Seaver feat. The Glitch Mob, Mako & The Word Alive — RISE (2018 League of Legends World Championship) [League of Legends OST]",1:20:30,AndrLord,долг Х3💀,хорошечно++,Игра,,электронное / поп,
7) Wallpaper. — #STUPiDFACEDD,1:30:45,Rtur,донат,нормас+,,,разное / электронное,
8) Kenichiro Suehiro — Rondo of Love and Darkness {Рондо любви и тьмы / Ai to Shikkoku no Rondo / 愛と漆黒の輪舞曲} (Main Theme) [OST; Re:Zero - Starting Life in Another World / Re:Zero — жизнь с нуля в альтернативном мире],1:40:00,AndrLord; EpicFire; Holy_Sun,заказ,атлична - -,Аниме,,оркестровое / инструментал,
9) Nat King Cole — I Don't Want To See Tomorrow [ep 8; OST; Fallout / Фоллаут],2:13:20,GameCloser,донат,гениально - -,Фильм,,джаз / баллада / оркестровое,
10) JT Music feat. Andrea Storm Kaden — Join Us For A Bite [Five Nights at Freddy's: Sister Location OST],2:23:40,Eagler,долг Х5⚰️,нормас++,Игра,,поп / инди / электронное,
11) Валерий Леонтьев — Девять хризантем {Nine Chrysanthemums},2:34:15,ShadeR_93,донат,нормас+,,,поп,
12) Mario del Monaco — E Lucevan Le Stelle {И сияли звёзды / И засияли звёзды} (Giacomo Puccini - E Lucevan Le Stelle; Original),2:46:10,Mapperino,долг Х6👻,гениально-,,,оркестровое / мюзикл/опера,
13) Rolfe Kent — Dexter Main Title [OST; Dexter / Декстер],2:54:00,Indie Anthems,донат,атлична-,Фильм,,инструментал / оркестровое / фолк,
14) The Avalanches — Frontier Psychiatrist (Official HD Video),3:04:05,Gaikanomer6,долг Х7🥀,атлична,,,разное / инди,
"15) Various Artists feat. Neil Patrick Harris, Kevin Michael Richardson, John DiMaggio, James Arnold Taylor, Grey DeLisle & Dee Bradley Baker — I’m The Music Meister (voice actors: Green Arrow, Aquaman, Black Canary, Gorilla Grodd, Black Manta and Clock King) [OST; Batman: The Brave and the Bold / Бэтмен: Отважный и смелый]",3:13:45,Alan008,донат,атлична-,Фильм,,мюзикл/опера / джаз / оркестровое,
16) Muse — New Born,3:23:40,meganekka,долг Х8🌋,атлична+,,,рок / инди,
17) NANAOAKARI — Kien Romance {Kien Romansu / 奇縁ロマンス} [1 Opening Edomae Elf / Otaku Elf /Эльф Эдомаэ],3:34:30,AndrLord,донат,гениально - -,Аниме,,поп / фолк,
18) CVLTE — realitYhurts. [2/4 Ending Shangri-La Frontier Season 2 / Рубеж Шангри-Ла: Любитель игрошлака бросает вызов топ-игре 2],3:43:25,Selestinskiy,долг,атлична-,Аниме,,электронное / метал / поп,
19) Atsushi Kitajoh feat. Lotus Juice & Azumi Takahashi — It's Going Down Now [Persona 3 Reload OST],4:05:05,Holy_Sun,донат,атлична - -,Игра,,фанк / джаз / поп-рок,
20) Jason Walsh & Alex Seaver feat. PVRIS — Burn It All Down (2021 League of Legends World Championship) [League of Legends OST],4:22:00,AndrLord,долг Х2,атлична - -,Игра,,электронное / поп / рок,
21) Flametal — P'alla Al Infierno Vas,4:32:45,MeinJurer,донат,хорошечно - - (ну такое++),,,метал / фолк,
22) Crystal Castles — Empathy [OST; Misfits / Отбросы],4:51:35,AnToteKote; murasakikunkun,заказ,хорошечно++,Фильм,,электронное / инди,
23) Iglooghost — Amu (Official Video),5:05:50,Pyssell,донат,атлична+,,,инди / электронное,
24) Go Shiina — The Spirit Guides With the Melodies of Water [Tales of Zestiria OST],5:31:30,Влад Горшков,долг Х4☠️,хорошечно++,Игра,,оркестровое / инструментал,
25) Daisuke Ishiwatari feat. Naoki Hashimoto — The Roar of the Spark (Ky Theme; With Lyrics) [Guilty Gear Strive OST],5:41:20,Holy_Sun,донат,хорошечно+,Игра,,метал / рок,
26) Hiroyuki Sawano — Attack on Titan Suite(Project emU) (Трек: Counter・Attack-Mankind; Live) [OST; Shingeki no Kyojin / Атака титанов],5:58:30,Жарик,долг Х5⚰️,атлична,Аниме,,оркестровое / рок,
27) Invent Animate — False Meridian,6:08:00,graf_trahula1337,очередь,атлична,,,метал,
28) Oxxxymiron — Переплетено {Interlaced},6:22:55,ayl1es,донат,атлична-,,,рэп,
"29) Emerson, Lake & Palmer — Eruption {Извержение} (Сюита Tarkus; 1971 г.)",6:36:05,GinkoGintoki,долг Х6👻,атлична++,,,рок / джаз ,
30) GaMetal — King Olly Battle Medley (Yoshito Sekigawa — Battle With King Olly; Remix; Cover) [Paper Mario: The Origami King OST],6:47:30,Влад Горшков,донат,атлична - -,Игра,,метал,
31) Jean-Sebastien Royer — Hangover cult [Death Skid Marks OST],7:09:40,bufnits,заказ,ну такое++,Игра,,рок / метал,
32) Sidewalks and Skeletons feat. Goo Munday — SHADOW,7:25:30,ayl1es,донат,хорошечно+,,,электронное,
33) Cities Aviv — THE SUN THE MOON THE SPA,7:38:00,UnmeiNoHi,долг Х8🌋,нормас++,,,рэп,
34) SASSY 009 feat. Clairo — Lara,7:49:10,Pyssell,донат,атлична,,,электронное / инди,
35) Fall Out Boy — Centuries (Official Video),7:59:15,AndrLord,долг,атлична,,,рок,
36) plenka — Nightmare (1990-е годы на постсоветском пространстве),8:08:30,ayl1es,донат,нормас,,,электронное / поп / инструментал,
37) Hiroyuki Sawano feat. ReoNa — time [1 Ending The Seven Deadly Sins: Dragon’s Judgement / Семь смертных грехов: Суд правосудия],8:17:25,DzenDish,долг Х2,хорошечно,Аниме,,поп / поп-рок,
38) Morning Parade — Culture Vulture,8:36:30,Indie Anthems,донат,атлична,,,инди / поп-рок,
39) Chihiro Aoki — The End of Denial (Final Boss) [OST; Like a Dragon: Infinite Wealth / Like a Dragon 8],8:47:20,Влад Горшков,долг Х3💀,хорошечно,Игра,,рок / электронное / инструментал,
40) Shoji Meguro feat. Yumi Kawamura — Burn My Dread (OP Ver.; Full; Lyrics) [OST; Persona 3 / Персона 3],9:04:30,Holy_Sun,донат,хорошечно - -,Игра,,инди / рок / джаз,
СТРИМ №139 (30.07.25),, ,,,,,,
ДОЛГОВОЙ,, ,,,,,,
1) The Living Tombstone — Five Nights at Freddy’s (1 Song) [Five Nights at Freddy’s OST],8:15,DzenDish,долг,нормас+,Игра,,электронное / поп,
2) Sān-Z & HOYO-MiX — Binary Leading Lady in Blue-Green {Героиня в двоичном коде / Er Jin Zhi Zheng Dan / 二进制正旦} [OST; Zenless Zone Zero],24:30,laitsberg,заказ,хорошечно++,Игра,,электронное / джаз / инструментал,
3) Queen — Love Of My Life (Remastered 2011),35:35,Static_streams_,заказ,гениально - -,,,баллада / разное / инди,
4) Земфира — Блюз {Blues} (LIVE; Москва 14.12.2013),50:20,Rtur,долг Х2,хорошечно+,,,баллада / поп / джаз,
5) Kalafina — Progressive,1:05:10,DzenDish,долг Х3💀,нормас++,,,электронное / поп,
5.5) Злой котик Боня с рыбой + Говорим о оценках на стримах #1,1:27:35,Faryma.composer,,,,,,
6) Queen — Liar (Official Video Remastered),1:31:10,TRISSAR; Static_streams_,заказ,атлична+,,,рок / инди / разное,
6.5) Faryma.composer говорит о оценках на стримах #2,1:44:30,Faryma.composer,,,,,,
7) The Living Tombstone feat. EileMonty & Orko — Die In A Fire (FNAF 3 song) [OST; Five Nights at Freddy’s 3],2:08:25,Eagler; DzenDish,долг Х5⚰️,хорошечно+,Игра,,поп / электронное,
8) Luck Ganriki feat. Nei Kino — Usan no Kaori {Аромат сомнений / 胡散の香り} [OST; Umineko no Naku Koro ni / Когда плачут цикады: Золотой сон],2:18:15,Keras174; Sammy Willbur,заказ,хорошечно,Игра,,инди / мюзикл/опера,
9) MY FIRST STORY — Fukagyaku Replace {不可逆リプレイス} [1 Ending Nobunaga Concerto / Концерт Нобунаги],2:27:40,Ivan_Vitalyevich; Hantrik,заказ,хорошечно++,Аниме,,метал / рок,
10) VIVINOS — pit-a-pet {안아줘} (Yukika — pit-a-pet; Original) [OST; DJMAX RESPECT V],2:38:40,Ляля Леша,долг Х8🌋,хорошечно,Игра,,электронное / джаз,
"11) Circus — Mr. Summertime {Misutā Samataimu / Mr. サマータイム} (1978, Vinyl)",2:46:10,ShadeR_93,долг,атлична-,,,баллада / поп / оркестровое,
12) Hiroyuki Sawano feat. ​mpi & Mika Kobayashi — Perfect Time [OST; The Seven Deadly Sins / Семь смертных грехов],3:02:30,DzenDish,долг Х2,атлична - -,Аниме,,фолк / поп / рок,
13) Yui Horie — Immoralist {Inmorarisuto / インモラリスト} [1 Opening Dragon Crisis! / Драконий кризис!],3:18:50,Ivan_Vitalyevich,долг Х3💀,хорошечно,Аниме,,поп-рок / инди,
14) xi — Freedom Dive [Osu! OST],3:35:00,Hantrik,долг Х4☠️,хорошечно,Игра,,электронное / инструментал,
15) jam-jam — SURVIVOR(Red) [Lies of P: Overture OST],3:51:15,SinWarlock,долг Х5⚰️,атлична+,Игра,,инди / баллада,
16) HalcyonMusic — Bling‐Bang‐Bang‐Born (Creepy Nuts - Bling‐Bang‐Bang‐Born; Piano Cover) [1 Opening Mashle 2nd Season / Магия и мускулы: Экзамен на звание Вестника Бога],4:00:20,Triple_AI,долг Х6👻,хорошечно-,Аниме,,фортепиано,
17) Asami Izawa & Lotus Juice — Unbreakable Tie (Opening Movie; Persona 25th) [Persona 2: Innocent Sin OST],4:11:15,ДокухэбиТатсу,долг Х7🥀,хорошечно++,Игра,,разное / рок / оркестровое,
18) UPIKO — 52 Hertz's Whales {52ヘルツの唄} (Lyric Video),4:21:00,AnonymousAdomin,долг Х8🌋,хорошечно++,,,рок / баллада,
18.5) Совет от Faryma.composer по путешествию в Японию + Котик Боня,4:39:40,Faryma.composer,,,,,,
СТРИМ №138 (27.07.25),, ,,,,,,
БЛАГОТВОРИТЕЛЬНЫЙ,, ,,,,,,
1) KikuoHana — Urami no Waltz(Daiichimaku Mix) {Waltz of Resentment (First Act Mix) / うらみのワルツ},13:30,eHrAm1AV,очередь,хорошечно++,,,поп / инди,
2) Pink Floyd — High Hopes (Official Music Video HD),25:45,@Cherry_Reet,очередь,атлична,,,инди / баллада,
3) GALNERYUS — A Far-Off Distance [1 Ending Rainbow: The Seven from Compound Two / Радуга: Семеро из шестой камеры второго блока],36:40,@ZnatokShishek,очередь,атлична,Аниме,,метал / баллада,
4) Mili — TIAN TIAN [Limbus Company OST],47:30,@Jebus576,очередь,хорошечно+,Игра,,электронное / инди / поп,
5) Iglooghost — Zen Champ,58:35,@MarbleGram,очередь,гениально - -,,,инди / электронное,
6) amazarashi — Tsukaku {Sense of Pain / 痛覚} [1/6 Opening Blue Exorcist: The Blue Night Saga / Синий экзорцист: Вся ночь],1:07:15,@LadyHarkonnen,очередь,хорошечно-,Аниме,,инди / поп-рок,
7) Eve — Anoko Secret {That Girl’s Secret / Ano Ko Secret / あの娘シークレット},1:18:30,@Kaizzoku_Gari,очередь,атлична - -,,,поп / инди,
8) John Wasson — Caravan (Whiplash Amazing Final Performance; Part 1) [OST; Whiplash / Одержимость],1:28:20,oleg_mongolll,очередь,атлична+,Фильм,,джаз / инструментал,
9) ROSE & Bruno Mars — APT.,1:38:30,Летта,очередь,атлична - -,,,поп / поп-рок,
10) Blur — Song 2 (Official Music Video),2:07:30,meganekka,очередь,хорошечно++,,,рок,
11) Blood on the Dance Floor — Revenge Porn (Official Audio),2:15:30,@wnkd1,очередь,нормас++,,,электронное / поп,
12) Roy Orbison — She’s a Mystery to Me,2:23:20,@yershovda,очередь,нормас++,,,баллада,
13) Asriel — ABYSS,2:35:00,@stalergood,очередь,нормас,,,метал,
14) Eve — Boukenroku {Хроника приключений / Adventure Log / Bouken Roku / 冒険録} [OST; Aster Tatariqus / アスタータタリクス],2:49:55,Rose Sanose,очередь,атлична - -,Игра,,поп / инди,
15) Mushroomhead — Sun Doesn't Rise [OST; Freddy vs. Jason / Фредди против Джейсона],2:58:55,,очередь,хорошечно++,Фильм,,метал ,
16) Takashi Ohmama — The Witches from Earth [OST; Mobile Suit Gundam: The Witch from Mercury Season 2 / Мобильный воин Гандам: Ведьма с Меркурия 2],3:09:10,YkvKm,очередь,атлична-,,,оркестровое / электронное / инструментал,
17) SEKAI NO OWARI — Habit [OST; xxxHOLiC / Триплексоголик],3:17:00,kumashisan,очередь,хорошечно,Фильм,,инди / поп,
18) Turilli/Lione Rhapsody feat. Mark Basile — I Am,3:28:50,@Bihrus,очередь,нормас++,,,метал,
19) D-low — Secrets of Alexandra (OFFICIAL MUSIC VIDEO) + Импровизация от Faryma.composer,3:41:30,Жарик,очередь,атлична,,,разное / поп,
20) Luck Ganriki feat. Nei Kino — Kina no Kaori ~Ai no Shiren!~ {キナノカオリ ～愛の試練！} [OST; Umineko no Naku Koro ni / Когда плачут цикады: Золотой сон],4:07:20,@Gaf00000,очередь,атлична-,Игра,,инди / оркестровое,
21) Royal Scandal feat. 9Lana — REVOLVER {リボルバー} (KANON69 feat. Megurine Luka — REVOLVER; Cast Vocalist; Remaster),4:19:50,Yun,очередь,атлична,,,рок / инди / джаз,
"22) Мельница — Гори, Москва! {Burn, Moscow!} (Ангелофрения. Аудио)",4:30:10,@J_ptichka,очередь,атлична-,,,фолк / рок,
"23) TOOBOE — Anata wa Kaibutsu {You Are My Monster / あなたはかいぶつ} [1 Ending The Summer Hikaru Died / Лето, когда погас свет]",4:41:15,Svd_bb,очередь,атлична+,Аниме,,поп / фанк,
24) WOODKID — To The Wilder [Death Stranding 2: On the Beach OST],4:54:50,@mikekratt,очередь,хорошечно++,Игра,,оркестровое / баллада,
25) Stromae — Formidable,5:10:15,brizzy_wow,очередь,атлична,,,рэп,
26) Loituma — Ievan Polkka {Полька Евы} (Eino Kettunen - Ievan Polkka; Cover),5:25:30,upucka18,очередь,хорошечно+,,,разное,
СТРИМ №137 (26.07.25),, ,,,,,,
1) First Fragment — De Chair & De Haine {De Chair et de Haine} (Instrumental),15:35,MeinJurer,донат,хорошечно++,,,метал,
2) Henry Jackman — Frankenstein's Monster [OST; X-Men: First Class / Люди Икс: Первый класс],40:20,Monstrrro,долг,хорошечно+,Фильм,,оркестровое / инструментал,
3) Daniel Licht — Blood Theme (Ending Theme) [OST; Dexter / Декстер],47:00,Indie Anthems,донат,атлична,Фильм,,инструментал / инди,
4) Shadow of Intent — Melancholy,57:50,Red_Bear,долг Х2,атлична-,,,метал ,
5) Andrew Reid — Acton’s Nightmare [Path of Exile OST],1:08:45,General PunisheR,донат,атлична,Игра,,инструментал / инди,
6) The Moody Blues — I'm Just A Singer(In A Rock And Roll Band),1:18:15,Alan008,долг Х3💀,гениально-,,,поп-рок / поп / джаз,
7) Max Ostro — Joker (Paul Harvey - Joker; Cover),1:32:30,MeinJurer,донат,атлична+,,,инструментал / инди / джаз,
8) Muse — Supremacy (Official Video),2:06:00,meganekka; FiLiUM,заказ,атлична+,,,рок / инди,
9) ZAZ — Je veux (Clip officiel),2:18:10,Cherfrish,донат,атлична,,,шансон / поп,
10) Domitori Taranofu — Marble,2:28:35,Domitori Taranofu,долг Х5⚰️,хорошечно-,,,инструментал / джаз,
11) Ozzy Osbourne — Crazy Train (Official Animated Video),2:46:15,Rtur,донат,атлична,,,метал / рок,
12) Kana Hanazawa — Renai Circulation {Love Circulation / Ren’ai Circulation / 恋愛サーキュレーション} (Сейю Надэко Сэнгоку) [4 Opening Bakemonogatari / Истории монстров],2:56:35,AndrLord,долг Х6👻,атлична,Аниме,,поп,
"13) Dark Funeral — Vobiscum Satanas (Nils ""Dominator"" Fjellström; Live; Drumcam)",3:07:40,eu_gor,заказ,атлична,,,метал,
14) Waterflame — Glorious Morning {Чудесное Утро} (Extended) [OST; Age of War 2],3:22:25,Cherfrish,донат,нормас-,Игра,,инструментал / оркестровое,
15) Ado — Ego Rock(long ver.) {Ego Rokku / エゴロック} (Three feat. Kagamine Len - Ego Rock 'long ver.'; Cover),3:39:05,AnonymousAdomin,долг Х7🥀,атлична-,,,поп / поп-рок,
16) Disturbed — The Sound of Silence {Звук тишины} (Simon & Garfunkel - The Sound Of Silence; Cover),3:59:30,Kirilicus,донат,гениально-,,,баллада / оркестровое / фортепиано,
17) Galileo Galilei — Aoi Shiori [1 Opening Anohana: The Flower We Saw That Day / Невиданный цветок],4:09:20,ShadeR_93,долг,хорошечно+,Аниме,,инди / поп,
18) Francesco Parrino — Hallelujah (Leonard Cohen - Hallelujah; Piano Cover),4:16:30,Indie Anthems,донат,нормас,,,фортепиано / инструментал,
19) LiSA — Homura {Пламя / 炎} [OST; Demon Slayer: Kimetsu no Yaiba - The Movie: Mugen Train / Клинок рассекающий демонов: Бесконечный поезд. Фильм],4:31:55,DzenDish,долг Х2,хорошечно++,Аниме,,поп / баллада,
20) Amala feat. Hatsune Miku & Kasane Teto — Daidaidaidaidaikirai {ダイダイダイダイダイキライ},4:42:55,ShadeR_93,донат,атлична+,,,электронное / поп,
21) Go Shiina — Wind vs Flash of Sky [Tales of Zestiria OST],4:53:15,Влад Горшков,долг Х3💀,атлична-,Игра,,оркестровое / инструментал / электронное,
22) Yasunori Nishiki — Moon and the Myth [Silver and Blood OST],5:20:05,laitsberg,донат,хорошечно+,Игра,,оркестровое / рок / инструментал,
23) Ado — Yoru no Pierrot {夜のピエロ},5:30:15,AnonymousAdomin,долг Х4☠️,хорошечно+,,,поп,
24) MARTIN — Machine Robo Honō [1 Opening Machine Robo: Revenge of Cronos / Меха-воины: Месть Хроноса],5:43:50,ShadeR_93,донат,хорошечно++,Аниме,,электронное / поп,
25) Николай Пастухов — Небо моё (Live; церковь 'Слово благодати'),5:55:30,ArtOkno_LG,заказ,хорошечно - -,,,баллада,
26) Imagine Dragons — Polaroid (Official Lyric Video),6:06:40,Boevaya_riba,донат,атлична-,,,поп / инди,
27) Ren — Money Game Part 2 (Official Lyric Video),6:18:45,Triple_AI,долг Х6👻,гениально - -,,,рэп / инди ,
28) Король и Шут — Тёмный учитель {The Dark Teacher},6:27:10,Влад Горшков,донат,хорошечно+,,,рок ,
29) Korn — Everything I’ve Known (Official Video),6:54:35,На послушай,долг Х7🥀,хорошечно+,,,метал,
30) Sondre Lerche — Sentimentalist (Official Video),7:05:20,Indie Anthems,донат,хорошечно,,,инди / поп,
31) Hiroyuki Sawano feat. Akihito Okano — Hikari Are {Да будет свет / Let there be light / 光あれ} (Music Video) [1 Opening The Seven Deadly Sins: Dragon’s Judgement / Семь смертных грехов: Суд правосудия],7:17:35,DzenDish,долг,хорошечно+,Аниме,,поп-рок,
32) Ado — Juuzoku Fritters {Dependent Fritters / Juuzoku Furittaa / 従属ふりったー} (koyori feat. Hatsune Miku — Juuzoku Fritters; Cover),7:31:00,Dmi_anna_dsgn; AnonymousAdomin,заказ,хорошечно+,,,поп / инди,
32.5) Faryma.composer о своём канале на Ютубе,7:39:10,Faryma.composer,,,,,,
33) Mrs. GREEN APPLE — Ao to Natsu {Blue and Summer / 青と夏} [Ao-Natsu: Kimi ni Koi Shita 30-Nichi OST],7:46:00,AndrLord,долг Х3💀,атлична - -,Фильм,,поп-рок,
34) Donna Burke — Heavens Divide {Развернувшиеся Небеса} [Metal Gear Solid: Peace Walker OST],7:55:50,Влад Горшков,донат,гениально - -,Игра,,баллада / поп,
35) Chisa Yokoyama & Teikoku Kagekidan — Geki! Teikoku Kagekidan {檄！帝国華撃団} (4K; Full Ver.) [1 Opening Sakura Wars / Sakura Taisen],8:05:15,ShadeR_93,донат,атлична,Игра,,поп / рок / джаз,
СТРИМ №136 (22.07.25),, ,,,,,,
ДОЛГОВОЙ,, ,,,,,,
1) Ichika Nito feat. Feryquitous — Metaphor,16:55,laitsberg,заказ,атлична - -,,,инди / поп-рок,
"2) Queen — Seaside Rendezvouz (A Night At The Opera 30th Anniversary, 2005)",36:20,Static_streams_,заказ,атлична-,,,инди / поп,
3) VIXX — Voodoo Doll {저주인형},47:05,Sadierre,заказ,хорошечно,,,поп / электронное,
4) Смысловые Галлюцинации — Зачем топтать мою любовь {WTOML?} (Ремастер 2015 года),1:07:10,Cherfrish,долг,нормас++,,,поп-рок,
"5) EJAE, Audrey Nuna, REI AMI — How It's Done (Сейю Руми, Миру и Зои) [OST; Kpop Demon Hunters / Кейпоп-охотницы на демонов]",1:24:35,anna_251999,заказ,атлична - -,Фильм,,поп / электронное,
6) Shihoko Hirata — Signs of Love {サインズオブラブ} [OST; Persona 4 / Персона 4],1:33:15,ShadeR_93,долг Х2,атлична - -,Игра,,фанк / поп,
"7) Роман Фарыма feat. Александр Зилков — Безумие организатора (Конкурс от Нескучный саунд и Yamaha #ХочуVST, слова и вокал: Александр Зилков, музыка: Роман Фарыма)",1:43:00,Alan008,долг Х3💀,хорошечно+,,,поп / фанк / электронное,
"8) Rob Zombie — Dragula (Video: 80s Aerobics, Mashup by SnappyGalbladder)",2:15:40,Rtur,долг Х4☠️,хорошечно+,,,метал,
9) Native Construct — Your Familiar Face,2:27:05,Hantrik,долг Х5⚰️,атлична - -,,,метал / инди,
10) Yoshino — Bavarois {ババロア},2:44:45,AnonymousAdomin; vio_kim,заказ,хорошечно+,,,баллада / поп,
11) ZUTOMAYO — MIRROR TUNE {ミラーチューン},3:02:00,ansmit,долг Х7🥀,атлична,,,поп / фанк,
12) Domitori Taranofu — The Beauty of Late Night,3:16:45,Domitori Taranofu,долг,хорошечно-,,,поп / баллада / джаз,
13) Ling Tosite Sigure — Who What Who What {フルバージョン} (full ver.) [OST; Psycho-Pass: The Movie / Психопаспорт. Фильм],3:36:55,DzenDish,долг Х2,хорошечно,Аниме,,инди / поп-рок,
СТРИМ №135 (19.07.25),, ,,,,,,
1) Кувалда — Колбасный цех (2021 г.),18:15,MeinJurer,донат,нормас,,,метал,
2) Alisa Okehazama — Hollow Purple {虚式「茈」} [OST; Jujutsu Kaisen / Магическая битва],26:45,ayl1es,заказ,хорошечно+,Аниме,,электронное / инструментал,
3) The Proclaimers — I'm Gonna Be(500 Miles) (2011 Remaster),39:20,GameCloser,заказ,атлична,,,поп / поп-рок,
4) KEiiNO — MONUMENT (Norway MGP 2021),51:50,Enotishche,заказ,хорошечно++,,,поп / фолк,
5) Charan-Po-Rantan — Ko Rossia {コ・ロシア} (Live),1:02:55,ShadeR_93,долг,атлична-,,,фолк / поп,
6) MUCC — Nirvana {ニルヴァーナ} [1 Opening Inu x Boku SS / Я и мой слуга из секретной службы],1:19:55,Cherfrish,донат,атлична,Аниме,,рок / инди,
7) Susumu Hirasawa — BERSERK -Forces- [OST; Kenpuu Denki Berserk / Берсерк],1:32:00,lacew8i8ng_,заказ,гениально - -,Аниме,,электронное / инди ,
8) Inabakumori feat. Kaai Yuki — Kimi ni Kaikisen {きみに回帰線},1:47:05,50 50,донат,атлична-,,,электронное / инди,
8.5) Faryma.composer показывает Котёнка,2:28:35,Faryma.composer,,,,,,
9) Borislav Slavov — Twisted Force (Battle Music 3) [Baldur's Gate 3 OST],2:36:15,Летта; kumashisan,заказ,хорошечно,Игра,,оркестровое / инструментал,
10) Norihito Sumitomo — The Final Death-Match {Clash Of Gods / 最後の死闘} (Ultra Instinct Theme) [OST; Dragon Ball Super / Драконий жемчуг: Супер],2:45:35,Водитель по губам,донат,гениально - -,Аниме,,оркестровое / электронное / инструментал,
11) Yui Ishikawa — believer (Сейю Elise) [1 Opening Doctor Elise: The Royal Lady with the Lamp / Королева со скальпелем],2:54:20,Ivan_Vitalyevich,долг Х4☠️,нормас++,Аниме,,поп / поп-рок,
12) MeinJurer — In Search Of Souls (Illdisposed - In Search Of Souls; Cover),3:07:35,MeinJurer,донат,хорошечно,,,метал ,
13) Onoken — Lisrim(Golden) [Lies of P: Overture OST],3:22:15,SinWarlock,долг Х5⚰️,атлична,Игра,,инди / джаз / инструментал ,
"14) Field Of View —  DAN DAN Kokoro Hikareteku {Bit by Bit, You're Charming My Heart / DAN DAN 心魅かれてく} (AMV) [1 Opening Dragon Ball GT / Драконий жемчуг: Большое путешествие]",3:33:05,Водитель по губам ,донат,хорошечно++,,,рок / поп-рок,
15) ZUTOMAYO —  CREAM {クリームで会いにいけますか},3:46:30,ansmit,долг Х6👻,гениально - -,,,инди / поп,
16) Kanye West feat. Post Malone & Ty Dolla $ign — Fade {Угасать} (Explicit),4:18:15,Rtur,донат,хорошечно,,,рэп / электронное,
"17) LP — Lost On You {Проиграла, поставив на тебя} (Live)",4:31:40,Cherfrish,долг,атлична,,,инди / поп,
18) Norihito Sumitomo — The Power to Resist {拮抗する力} [OST; Dragon Ball Super / Драконий жемчуг: Супер],4:45:40,Водитель по губам,донат,хорошечно - -,Аниме,,метал / оркестровое / инструментал,
19) Жанна Фриске — Портофино {Portofino},4:54:45,GameCloser,долг Х2,нормас++,,,поп,
20) Andrey Korolev — Under The Same Sun (Live Version),5:04:35,gayssovski,очередь,атлична++,,,рок / инструментал / баллада,
21) Gheorghe Zamfir — The Lonely Shepherd [OST; Kill Bill / Убить Билла],5:24:20,GameCloser,донат,гениально - -,Фильм,,баллада / поп / фолк / инструментал,
"22) Denis Matsuev — 13 Pieces for Piano, Op. 76: II. Etude (Jean Sibelius - 13 Pieces for Piano, Op. 76: II. Etude; Original)",5:37:55,Triple_AI,долг Х3💀,атлична+,,,фортепиано / инструментал,
23) YUZU — Hyouriittai(HunterxHunter Ver.) {Hyori Ittai} {Two Sides of the Same Coin / 表裏一体} [5 & 6 Ending Hunter x Hunter (2011) / Охотник х Охотник (2011)],5:49:25,Cherfrish,донат,атлична++,Аниме,,инди / поп,
24) Motoi Sakuraba — Calmly facing death [Tales of Arise OST],6:15:50,Влад Горшков,долг Х4☠️,атлична -,Игра,,оркестровое / инструментал,
"25) ASIAN KUNG-FU GENERATION — Re:Re: [1 Opening Erased / Город, в котором меня нет]",6:24:35,ShadeR_93,донат,хорошечно - -,Аниме,,рок / поп-рок,
26) Yorushika — Say It. {言って。} (Music Video),6:42:35,AndrLord,долг Х5⚰️,атлична-,,,поп-рок ,
27) Yuka Kitamura — Pontiff Sulyvahn [OST; Dark Souls III / Dark Souls 3],6:53:30,GameCloser,донат,атлична - -,Игра,,оркестровое / инструментал,
28) UNISON SQUARE GARDEN — Sekai wa Fancy {The World is Fancy / 世界はファンシー},7:03:05,Boevaya_riba; kumashisan,заказ,гениально - -,,,инди / рок,
"29) София Чудновская, Юлия Марычева & Анна Бойко — Golden (HUNTRIX - Golden; RUS Version; Сейю Руми, Мира и Зои) [OST; Kpop Demon Hunters / Кейпоп-охотницы на демонов]",7:12:20,Boevaya_riba,донат,кринж-контент,Фильм,,поп,
30) Afilia Saga — Higouriteki Katsu Teisei Funou na Omoikomi {非合理的かつ訂正不能な思い込み} (Music Clip Full Ver.) [VN; OST; Chaos;Child Love Chu Chu!! / Chaos;Childらぶchu☆chu！],7:23:35,ShadeR_93,долг,хорошечно-,Игра,,поп / поп-рок ,
31) Asaka — I believe what you said [1 Opening Higurashi: When They Cry – Gou / Когда плачут цикады: Карма],7:38:50,Takamern,донат,атлична,Аниме,,электронное / инди / рок ,
32) Король и Шут — Марионетки {Marionettes},8:01:00,SinWarlock,долг Х2,атлична,,,рок,
33) Miki Matsubara — Mayonaka no Door(Stay With Me) {真夜中のドア ~Stay With Me~} (2023 Mix by Tamotsu Yoshida),8:12:10,Kirilicus,донат,гениально-,,,поп / фанк,
34) ReoNa — ANIMA (Full Version) [1/2 Opening Sword Art Online: Alicization - War of Underworld 2nd Season / Мастера Меча Онлайн: Алисизация — Война в Подмирье 2],8:26:45,AndrLord,долг Х3💀,атлична+,Аниме,,поп / рок,
35) Nautilus Pompilius — Скованные одной цепью {Chained by One Chain},8:45:00,ayl1es,донат,гениально,,,инди / рок,
36) Tatsuya Kitani feat. Harumaki Gohan — Moonlight {月光},8:59:00,Cybrex,долг Х4☠️,гениально - -,,,поп / фанк,
37) Walkure — Ikenai Borderline {いけないボーダーライン} [OST; Macross Delta / Макросс Дельта],9:09:25,Monstrrro,донат,атлична - -,Аниме,,поп,
38) Король и Шут — Город мертвецов {City of the Dead},9:20:05,Alan008,долг Х5⚰️,хорошечно,,,рок,
39) Володимир Івасюк — Пісня буде поміж нас {The song will be between us} (Live),9:28:05,ayl1es,донат,атлична - -,,,фортепиано ,
40) ZUTOMAYO — Saturn {サターン} (Audio Track),9:37:55,ansmit,долг Х6👻,хорошечно++,,,поп / фанк,
41) Maks Kurt — Либо так,9:59:35,kurtmaks,донат,хорошечно,,,поп / инди,
СТРИМ №134 (15.07.25),, ,,,,,,
ДОЛГОВОЙ,, ,,,,,,
1) Rusted Root — Send Me on My Way,9:50,game_closer,заказ,гениально - -,,,фолк / поп,
2) Monet — Noborenai Sakamichi {The Hill I Could Never Climb / 登れない坂道} (English Subbed) [VN; OST; Wonderful Everyday / Subarashiki Hibi ~Furenzoku Sonzai~ / Чудесные дни ~Прерывистое существование~],28:00,egorkasprigorca,долг,нормас++,Игра,,поп ,
3) Golos KAA feat. Aigul Gilyazeva — Эхолоты,44:40,glorfindeiko,донат,хорошечно-,,,инди / поп,
4) Friedrich Habetler Music — Fierce Battle Against a Mighty Foe {All-Out Battle / 強敵との激闘} (Norihito Sumitomo - Fierce Battle Against a Mighty Foe; Epic Rock Cover) [OST; Dragon Ball Super / Драконий жемчуг: Супер],1:01:20,Водитель по губам,долг Х2,ну такое+,Аниме,,метал / оркестровое / инструментал,
5) Disembodied Tyrant & Synestia — Winter (Antonio Vivaldi - The Four Seasons: Winter; Original; Deathcore Cover),1:14:15,trivia_holic,долг Х3💀,гениально - -,,,метал,
6) Kiyoshi Hikawa — Genkai Toppa × Survivor (AMV) [2 Opening Dragon Ball Super / Драконий жемчуг: Супер],1:27:55,wersivisi,заказ,атлична - -,Аниме,,рок,
"7) Jun Maeda & Yanaginagi — Takaramono ni Natta Hi {宝物になった日} [OST; The Day I Became a God / День, когда я стала Богом]",1:41:00,AndrLord,долг Х5⚰️,хорошечно - -,Аниме,,баллада / фортепиано,
8) TK from Ling tosite sigure — copy light,2:10:30,natsuki_05,долг Х6👻,атлична - -,,,баллада / инди / рок,
9) Samantha Fox — Touch Me(I Want Your Body) (Digitally Remastered and Upscaled),2:25:35,Napporaivo; SinWarlock,заказ,нормас++,,,поп / поп-рок,
10) Ария — Улица роз,2:38:20,Cherfrish,долг,хорошечно++,,,метал,
11) Daft Punk feat. Paul Williams — Touch,3:07:55,Летта,долг Х2,гениально-,,,разное / электронное / инди ,
12) HOYO-MiX — Parousia Diluvi {Font of All Waters} (Character Demo; Neuvillette Theme) [Genshin Impact OST],3:39:25,EpicFire,долг Х3💀,хорошечно+,Игра,,оркестровое / электронное / инструментал,
"13) Jun Maeda & Yanaginagi — Natsu Nagi {夏凪ぎ} [OST; The Day I Became a God / День, когда я стала Богом]",3:55:00,AndrLord,долг Х4☠️,хорошечно-,Аниме,,оркестровое / баллада,
14) Onoken — Lisrim [Lies of P: Overture OST],4:08:20,SinWarlock,долг Х5⚰️,атлична-,Игра,,инструментал / фолк,
"15) Jorge Rivera-Herrans, Teagan Earley & Cast of EPIC: The Musical — Warrior of the Mind",4:19:45,Triple_AI,долг Х6👻,хорошечно,,,оркестровое / инди / мюзикл,
16) Жанна Агузарова — В городе моем {In My City},4:33:25,Rtur,долг,атлична - -,,,инди / джаз,
17) My Chemical Romance — Welcome to the Black Parade,4:48:30,Hantrik; Kirilicus,заказ,атлична,,,рок / поп-рок,
СТРИМ №133 (12.07.25),, ,,,,,,
1) LONOWN & riserayss — starly,15:05,50 50,донат,ну такое++,,,электронное,
2) Sade — Smooth Operator (Official - 1984),30:25,sniffd,заказ,атлична-,,,джаз / поп,
3) Lorien Testard — Monoco [OST; Clair Obscur: Expedition 33],44:00,ansmit,заказ,атлична+,Игра,,джаз / инструментал ,
4) Tarja — Supremacy (Muse - Supremacy; Woodstock 2016; Live; Cover),55:20,Rtur,долг,нормас+,,,метал,
5) ONE III NOTES — Shadow and Truth [1 Opening ACCA: 13-Territory Inspection Dept. / АККА: Инспекция по 13 округам],1:15:30,Empersey,заказ,хорошечно++,Аниме,,джаз / поп,
6) Linkin Park — What I've Done (Official Music Video),1:32:35,Sammy Willbur,долг Х2,атлична+,,,поп-рок / рок,
7) rofloseti — Человек-яйца {Ballsman} (Тот Самый - Человек-яйца; Right Version; Gachi Remix),2:10:10,Влад Горшков,донат,кринж-контент,,,разное / инди / электронное,
8) Walküre — GIRAFFE BLUES [OST; Macross Delta / Макросс Дельта],2:40:30,Monstrrro,донат,хорошечно-,Аниме,,поп / баллада,
9) HACHI feat. Hatsune Miku — Sand Planet {Suna no Wakusei / DUNE / 砂の惑星} (rus sub),2:56:40,Astamaxxvm; Акума,заказ,атлична-,,,инди / поп ,
10) Триагрутрика — Биг сити лайф {Big City Life},3:09:45,50 50,донат,хорошечно,,,рэп,
11) Rei Yasuda — Ray of Light [OST; Love You as the World Ends Final / Gekijoban Kimi to Sekai ga Owaru Hi ni Final],3:22:40,Enotishche; mage10,заказ,хорошечно,Фильм,,поп / электронное,
12) Ylvis — The Fox (What Does The Fox Say?),3:33:10,GameCloser,заказ,атлична-,,,поп / электронное,
13) Creepy Nuts — Mirage [1/2 Opening Call of the Night Season 2 / Песнь ночных сов 2],3:42:25,Cherfrish,донат,гениально - -,Аниме,,инди / поп / фолк,
14) Danny Baranowsky — The Wight to Remain (4-3 with Shopkeeper) [Crypt of the Necrodancer OST],4:10:10,SinWarlock,долг Х5⚰️,хорошечно+,Игра,,электронное / инструментал,
15) AK-47 feat. Guf & Ноггано — Тем кто с нами {For Those Who Are With Us},4:26:00,50 50,донат,нормас++,,,рэп,
16) Александр Казьмин — Unravel (TK from Ling tosite sigure - Unravel; LIVE; Cover; концерт МОДУЛЬ//: НЕ НАЙДЕН) [1 Opening Tokyo Ghoul / Токийский гуль],4:47:10,laitsberg,заказ,хорошечно+,Аниме,,поп-рок / рок,
17) Kukui — Utsusemi no Kage {Тень Уцусэми / 空蝉ノ影} [1 Ending Rozen Maiden: Ouvertüre / Девы Розена: Увертюра],4:56:45,@Zagadochniy_Pretendent,заказ,хорошечно,Аниме,,инди / баллада,
18) Dance Gavin Dance — Son of Robot (Official Music Video),5:13:45,Андранимус 999,долг Х6👻,гениально - -,,,рок / инди,
19) UVERworld — Eye’s Sentry [1/4 Opening Blue Exorcist: Shimane Illuminati Saga / Синий экзорцист: Сага об «Иллюминатах» Симанэ],5:25:10,DzenDish,донат,атлична - -,Аниме,,рок / поп-рок,
20) Винтаж feat. Елена Корикова — Плохая девочка {Bad Girl},5:37:45,GameCloser,долг,хорошечно-,,,поп ,
21) Каста — На порядок выше {Higher by an Order},5:48:45,50 50,донат,хорошечно+,,,рэп,
22) Lapfox Trax feat. Guilhox — Lapfox Forever [Osu! OST],5:57:55,Napporaivo; ziksp,заказ,нормас+,Игра,,электронное / инструментал,
23) Chisato Moritaka — The Mi-Ha {ザ・ミーハー},6:15:30,ShadeR_93,донат,хорошечно+,,,инди / поп,
СТРИМ №132 (10.07.25),, ,,,,,,
ДОЛГОВОЙ,, ,,,,,,
1) Machico — TOMORROW [1/2 Opening KonoSuba: God's Blessing on This Wonderful World! 2 / Богиня благословляет этот прекрасный мир 2],20:40,fenix_1302,очередь,нормас+,,,поп-рок,
2) Fan Ka — OverThink [1 Ending Link Click / Агенты Времени],50:35,Selestinskiy,долг Х7🥀,атлична-,Аниме,,рэп / поп,
3) TK from Ling tosite sigure — Addictive Dancer (RUS Sub),1:02:25,reet13,очередь,атлична - - ,,,инди / поп-рок,
4) Lia — TORCH [2 Ending Clannad: After Story / Кланнад: Продолжение истории],1:39:40,Mapperino; ziksp,долг Х7🥀,хорошечно++,Аниме,,поп / фанк,
5) Ahn Ye Eun — HONGRYEON {홍련 (紅蓮)},2:28:40,meganekka,долг Х7🥀,атлична+,,,фолк / инди / поп,
6) C!naH & Rubyeye — KARMA (voices of Sua and Mizi; ALIEN STAGE OST),2:48:10,gian_blackbell,очередь,хорошечно,,,инди / джаз / баллада,
7) UNISON SQUARE GARDEN — Kimi no Hitomi ni Koi Shitenai {Не влюблён в твои глаза /  / 君の瞳に恋してない},3:24:40,ayl1es; kumashisan,заказ,хорошечно++,,,поп-рок,
8) Akeboshi — Yellow Moon(Edit) [13 Ending Naruto / Наруто],3:44:35,ДокухэбиТатсу,долг Х7🥀,атлична-,Аниме,,инди / поп,
"9) Desireless — Voyage, Voyage {Вояж, вояж}",3:53:00,Napporaivo,заказ,атлична,,,поп / электронное,
10) Zwei — Last Game [1 Ending Steins;Gate 0 / Врата Штейна 0],4:03:15,Enotishche,заказ,хорошечно+,Аниме,,инди / поп-рок,
11) Atena — Subway Anthem (Official Music Video),4:16:25,Red_Bear,долг Х7🥀,хорошечно,,,метал,
СТРИМ №131 (9.07.25),, ,,,,,,
ДОЛГОВОЙ,, ,,,,,,
1) Mori Calliope — DONMAI {どんまい} (ASSC Collaboration),12:35,Madao,заказ,хорошечно++,,,рок / рэп / электронное,
2) Smash Mouth — I'm a Believer [OST; Shrek / Шрек],26:00,GameCloser,заказ,атлична-,Фильм,,поп-рок,
3) EGOIST — Fallen [1/3 Opening Psycho-Pass 2 / Психопаспорт 2],40:45,DzenDish,долг,хорошечно+,Аниме,,метал,
4) Curley Gao — Dark Dream {《诡秘之主小丑篇》动画片尾曲} [1 Ending Lord of Mysteries / Повелитель тайн: Клоун],55:50,yant_aya,заказ,атлична-,Аниме,,инди / поп,
5) Autechre — Cipater,1:07:50,murasakikunkun,заказ,атлична - -,,,инструментал / инди / электронное,
6) Sting — Seven Days,1:28:10,scuk0_bl1n,заказ,атлична-,,,инди / поп,
7) Queen — Don’t Stop Me Now,1:41:00,meganekka,долг Х2,атлична-,,,поп-рок,
8) Motoi Sakuraba — Endless fabrication - Fate - [Tales of Arise OST],2:19:00,Влад Горшков,долг Х3💀,хорошечно-,Игра,,метал / инструментал,
9) Siouxsie Sioux & Brian Reitzell — Love Crime (TV Series) [OST Hannibal / Ганнибал],2:31:40,eurodance_with_cat,заказ,атлична-,Фильм,,баллада / инди,
9.5) Обсуждаем Музыку с Faryma.composer,2:48:00,Faryma.composer,,,,,,
10) Stromae — L’enfer {Ад / Hell},2:52:50,brizzy_wow,заказ,атлична,,,поп / электронное ,
11) otetsu feat. GUMI — Cosmos,3:00:35,morpheuss_ ,заказ,хорошечно - -,,,поп-рок ,
12) John Williams & Wiener Philharmoniker — Main Title (Live) [OST; Star Wars: Episode IV – A New Hope / Звёздные войны: Эпизод IV – Новая надежда],3:16:50,GameCloser,долг Х5⚰️,гениально - -,Фильм,,оркестровое / инструментал,
"13) Kim Ryu Kyong & Kim Ok Ju — Friendly Father, Kim Jong Un!",3:34:00,Triple_AI,долг Х7🥀,хорошечно,,,поп ,
СТРИМ №130 (25.06.25),, ,,,,,,
СВЕРХРАЗНОСНЫЙ,, ,,,,,,
1) Hiroyuki Sawano feat. Mika Kobayashi — ətˈæk 0N tάɪtn {Attack On Titan} [OST; Shingeki no Kyojin / Атака титанов],5:00,takao_yamataki,очередь,гениально - -,Аниме,,оркестровое / метал / электронное,
2) Daisuke Ishiwatari feat. Naoki Hashimoto — Armor-Clad Faith (Potemkin Theme) [Guilty Gear Strive OST],33:15,Винсон,очередь,атлична-,Игра,,метал,
"3) Cö shu Nie — ö=Me, pet, and wire",1:02:55,kuinji13,очередь,атлична,,,джаз / инди / фанк,
4) Электрофорез — Всё было так {It was like that / Everything was just like that} (Official Lyric Video),1:16:55,AnToteKote,очередь,атлична,,,инди / электронное,
5) Wolou & Guo Feng Tang — Zhi Wo {Know Me / 知我 / Know Me知我} [OST; Sword of Coming / Меч грядущего],1:34:25,yant_aya,очередь,нормас+,,,поп / фолк / баллада,
6) Rose Sanose — Komposer_na_razbor_otrozi,1:50:35,Rose Sanose,очередь,кринж-контент+,,,инди / разное,
7) Jesús Molina — Night In Tunisia {Ночь в Тунисе} (Dizzy Gillespie - A Night in Tunisia; Original),2:15:20,oleg_mongolll,очередь,хорошечно-,,,джаз / инструментал,
8) Suzie Ungerleider feat. Van Dyke Parks — 1941 (Bonus track),2:55:30,siondays,очередь,хорошечно+,,,окрестровое / джаз ,
9) Kenshi Yonezu — POP SONG,3:13:35,Cybrex,очередь,атлична-,,,джаз / инди / электронное,
10) ZUTOMAYO — Darken {暗く黒く} (ПОВТОР: Стрим №5; 23 трек от Svd_bb),3:27:50,Svd_bb,очередь,гениально - -,,,поп/инди,
СТРИМ №129 (24.06.25),, ,,,,,,
ДОЛГОВОЙ,, ,,,,,,
1) Трупный Яд — Мирный (1997 г.),9:35,MeinJurer,долг,хорошечно - -,,,метал,
2) Imagine Dragons — I Wish (Official Lyric Video),23:40,Boevaya_riba,долг Х2,хорошечно+,,,баллада / поп ,
3) Jody Grind — We've Had It,33:30,Alan008,долг Х3💀,хорошечно+,,,инди / поп-рок,
"4) Sān-Z, HOYO-MiX & Sion Tsuji — Daybreak {Рассвет / Akatsuki / 暁} (Hoshimi Miyabi EP) [Zenless Zone Zero OST]",51:20,laitsberg,долг Х4☠️,хорошечно++,Игра,,электронное / баллада / рок,
5) Kana Hanazawa — Qunka! (Сейю Marimo Bandou) [1/5 Opening Teekyuu 5 / Теннис 5],1:02:55,Ivan_Vitalyevich,долг Х5⚰️,атлична+ (гениально),Аниме,,поп / фолк / инди,
6) HOYO-MiX feat. Hanser — Self-Cultivation Through Food {Просветление приходит во время еды / 食は万物に通ず。いざ心身を磨かん！} (Ju Fufu EP) [Zenless Zone Zero OST],1:15:20,laitsberg,заказ,атлична - -,Игра,,поп / электронное / фолк,
7) Fan Ka feat. Jinli & Zhao Lu — Prometheus {Dàohuǒ-zhě / 盗火者} (сейю Li Tianchen и Xiao Liu) [OST; Link Click Season 2 / Агент времени 2],1:26:40,Selestinskiy,долг Х6👻,атлична - -,Аниме,,рэп / электронное,
8) EGOIST — All Alone With You {В полном одиночестве с тобой / Наедине с тобой} [2 Ending Psycho-Pass / Психопаспорт],1:40:05,DzenDish,долг,хорошечно,Аниме,,поп / поп-рок,
9) WLVS feat. 4ᔭ — Вместо монеты - гвоздь (2016 г.),2:24:30,trivia_holic,долг Х2,хорошечно - -,,,метал,
10) Motoi Sakuraba — Endless Fabrication - Battle - [Tales of Arise OST],2:42:50,Влад Горшков,долг Х3💀,нормас++,Игра,,оркестровое / инструментал,
11) Tyson Yen — The Only Thing I Know for Real (Maniac Mix) [Metal Gear Rising: Revengeance OST],2:52:05,SinWarlock,долг Х4☠️,атлична - -,Игра,,метал / электронное ,
12) Cidergirl — Cinderella {シンデレラ} [1 Opening Komi Can't Communicate / У Коми проблемы с общением],3:02:55,AndrLord; Ivan_Vitalyevich,заказ,атлична,Аниме,,поп / фанк ,
13) Katauri — Dark Side [Royal Quest OST],3:24:05,agaton006,заказ,нормас+,Игра,,инструментал / фолк,
14) Ado & Rib — Matryoshka {マトリョシカ} (HACHI feat. GUMI & Hatsune Miku - Matryoshka; Cover),3:32:50,AnonymousAdomin,долг Х6👻,хорошечно+,,,инди / поп-рок,
15) Sergey Eybog — Let's Be Friends (Lena Theme; 2013 г.) [OST; Everlasting Summer / Бесконечное лето],3:43:45,Sammy Willbur,долг,нормас++,Игра,,баллада / инструментал,
16) Queen — The Show Must Go On (Official Video),3:52:10,Static_streams_,долг Х2,гениально - -,,,поп / поп-рок ,
17) Taiiku Okazaki — Knock Out [1 Opening Mashle: Magic and Muscles / Магия и мускулы],4:07:45,trivia_holic,долг Х3💀,атлична+,Аниме,,метал / рэп,
СТРИМ №128 (21.06.25),, ,,,,,,
1) Gregorian — Ave Satani (Jerry Goldsmith - Ave Satani; Cover) [OST; The Omen / Омен],14:55,Rtur,донат,хорошечно+,Фильм,,метал/ разное,
2) Queen — Good Old-Fashioned Lover Boy (Remastered 2011),32:35,Static_streams_,заказ,атлична,,,поп-рок / инди,
3) Kala — KINGSBLOOD [1 Opening Что будет делать сильнейший король в своей второй жизни? / The Beginning After the End],47:05,DzenDish,долг,хорошечно-,Аниме,,метал,
4) Guns N' Roses — November Rain,1:03:05,Влад Горшков,донат,атлична - -,,,рок / баллада,
5) UNISON SQUARE GARDEN — Ikenai fool logic {いけない fool logic} [1 Opening Ron Kamonohashi: Deranged Detective / Рон Камонохаси: Невменяемый детектив],1:59:20,Svd_bb; kumashisan,заказ,атлична++,Аниме,,джаз / инди ,
6) Tai Tomisawa — The Twin Moon Knight (Rellana's Twin Moons) [Elden Ring: Shadow of the Erdtree OST],2:30:40,Rusbiomode,донат,хорошечно,Игра,,оркестровое / инструментал,
7) Lana Del Rey — Summertime Sadness (Official Music Video),2:58:45,GameCloser,долг Х3💀,атлична,,,поп / баллада,
8) Palina feat. Ketevan — Месяц {Month},3:10:10,Kirilicus,донат,хорошечно,,,инди / электронное,
9) Yoshihisa Hirano & Hideki Taniuchi — L's Theme [OST; Death Note / Тетрадь смерти],3:31:00,GameCloser,заказ,атлична,Аниме,,инструментал / инди / рок,
10) Leo Moracchioli — Holding Out for a Hero (Bonnie Tyler - Holding Out for a Hero; Cover) [OST; Свободные / Footloose],4:00:30,SinWarlock,долг Х4☠️,нормас+,Фильм,,метал,
11) Depeche Mode — Enjoy the Silence (Remastered),4:12:55,ayl1es,донат,атлична+,,,электронное / поп ,
12) Brendan Byrnes — Wishbone,4:28:00,red_chajek; Dem1dd,заказ,хорошечно,,,электронное / инди / разное,
13) Domitori Taranofu — Walk Along the Evening Beach,4:40:55,Domitori Taranofu,донат,хорошечно,,,поп / инструментал,
14) РАССВЕТОВ — Грибоедовский вальс {Griboedov waltz} (Баллада о Степане; Александр Башлачев - Грибоедовский вальс; Cover),5:03:30,AnToteKote,долг Х6👻,ну такое+,,,поп / инди / поп-рок,
14.5) Faryma.composer импровизирует под чтение стихотворений,5:16:35,Faryma.composer,,,,,,
15) In Flames — We Will Remember,5:22:05,MeinJurer,донат,нормас+,,,метал,
"16) Hiroyuki Sawano — Attack on Titan Suite(Project emU) (Треки: ətˈæk 0N tάɪtn ＜WMId＞, Before Lights Out; Live) [OST; Shingeki no Kyojin / Атака титанов]",5:39:35,Жарик,долг,,Аниме,,,
17) VØJ & Narvent — Memory Reboot (Anime AMV),6:16:50,ayl1es,донат,хорошечно,,,поп / электронное,
18) Hiroyuki Sawano — Attack on Titan Suite(Project emU) (Трек: K2-; Live) [OST; Shingeki no Kyojin / Атака титанов],6:30:45,Жарик,долг,,Аниме,,,
19) Motoi Sakuraba — Pillar of fire [Tales of Arise OST],6:38:25,Влад Горшков,долг Х2,хорошечно++,Игра,,оркестровое / инструментал,
20) Doss — Strawberry,6:53:45,murasakikunkun,донат,атлична,,,инди / электронное / поп-рок,
"21) Sān-Z & HOYO-MiX — My Curse, My Fate {Моё проклятие, моя судьба} (Hugo EP) [Zenless Zone Zero OST]",7:03:05,laitsberg,долг Х3💀,атлична+,Игра,,мюзикл / опера,
22) Тот Самый — Человек-яйца {Ballsman} (ПОВТОР: СТРИМ №97; 4 трек от GameCloser),7:15:00,Влад Горшков,повтор,кринж-контент+ (хорошечно),,,электронное / инди / разное,
"23) Rie Murakawa — What You Don't Know {То, что ты не знаешь / Anata no shiranai koto / あなたの知らないこと} (сейю Ram) [ep 23; OST; Re:Zero - Starting Life in Another World 2nd Season / Re:Zero. Жизнь с нуля в альтернативном мире 2]",8:04:45,AndrLord,долг Х4☠️,хорошечно-,Аниме,,поп / баллада,
24) The Butcher Sisters — Bauchtasche (Offizielles Musikvideo),8:16:55,AnToteKote,заказ,атлична - -,,,метал,
25) Boney Nem — Чито-грито-маргалито (Вахтанг Кикабидзе - Чито-гврито; Cover) [Мимино OST],8:30:05,MeinJurer,донат,ну такое+,Фильм,,метал,
26) Lorien Testard — Stone Wave Cliffs - Lampmaster [OST; Clair Obscur: Expedition 33],8:39:10,gigantorix,заказ,гениально - -,Игра,,оркестровое / инструментал,
27) Heartless Abyss feat. Rachel Denlinger — Josh Whelchel [OST; GunGirl 2],8:48:50,General PunisheR,донат,хорошечно+,Игра,,оркестровое / рок / инструментал,
"28) HOYO-MiX, Robin & Chevy — If I Can Stop One Heart From Breaking [Honkai: Star Rail OST]",9:04:30,laitsberg,долг Х6👻,хорошечно++,Игра,,баллада / оркестровое / поп,
29) EGOIST — Namae no Nai Kaibutsu {The Nameless Monster / Monster Without a Name / 名前のない怪物} [1 Ending Psycho-Pass / Психопаспорт],9:16:55,DzenDish,донат,хорошечно+,Аниме,,электронное / инди ,
СТРИМ №127 (17.06.25),, ,,,,,,
ДОЛГОВОЙ,, ,,,,,,
1) Lee Young-Gwang — LaMancha Carnival (with Vocals Full) [Limbus Company OST],8:50,Eluneprist,долг Х6👻,хорошечно+,Игра,,оркестровое / инди / джаз ,
2) Rammstein — Hilf mir,18:50,qwerty_24661,заказ,нормас++,,,метал,
3) Ictus & Blindman Kwartet — In C (Terry Riley - In C; Original; Cover),30:20,red_chajek,заказ,гениально - -,,,оркестровое / разное / инструментал,
4) NakamuraEmi — Don't [1 Opening Весёлый коммивояжёр / Laughing Salesman New],42:40,Toxexex,заказ,атлична,Аниме,,инди,
5) Domitori Taranofu — Mashumaro,51:10,Domitori Taranofu,долг,хорошечно - -,,,инструментал / джаз / инди,
6) Trevor Morris & Einar Selvik — Vikings Suite (FMF 2015 International TV Series Gala; Live) [OST; Викинги / Vikings],1:14:50,ebussuud_efendi,заказ,атлична,Фильм,,фолк / оркестровое,
7) Linkin Park — Crawling (Official HD Music Video),1:40:35,Sammy Willbur,долг Х2,атлична - -,,,рок,
"8) miHoYo — Honkai Impact 3rd: Unequaled, Unrivaled [Honkai Impact 3rd OST]",1:51:40,ДокухэбиТатсу,долг Х3💀,атлична-,Игра,,электронное / фолк / инструментал,
9) Inori Minase — Wishing (сейю Rem) [ep 18; OST; Re:Zero - Starting Life in Another World / Re:Zero. Жизнь с нуля в альтернативном мире],1:56:55,AndrLord,долг Х4☠️,хорошечно,Аниме,,поп / баллада,
"10) Nyango Star — Anpanman's March {Anpanman no Māchi / アンパンマンのマーチ} (Dreaming - Anpanman's March; When You're Overqualified For the Job; Live; Cover) [1 Opening Soreike! Anpanman / Вперёд, Анпанман!]",2:08:45,Rtur,долг Х5⚰️,атлична-,Аниме,,разное / метал,
11) Jax Jones & Ado — Stay Gold [3 Ending Бейблэйд X / Beyblade X],2:15:30,AnonymousAdomin,долг Х6👻,атлична,Аниме,,поп / электронное,
12) Architects — Naysayer,2:25:35,GreyNight,донат,хорошечно++,,,метал,
13) Mrs. GREEN APPLE — Lilac {ライラック} [1 Opening Oblivion Battery / Забвение бэттери],2:36:50,AndrLord,долг Х2,атлична - -,Аниме,,поп-рок / инди,
14) Danny Baranowsky — Heart of the Crypt (4-2 with Shopkeeper) [Crypt of the Necrodancer OST],3:00:55,SinWarlock,долг Х4☠️,хорошечно+,Игра,,инди / электронное / инструментал,
15) Jethro Tull — Locomotive Breath,3:09:40,Alan008,долг Х3💀,хорошечно++,,,джаз / инди,
"16) Phantom Siita — Love, Hate {すき、きらい} (Producer Ado)",3:20:40,AnonymousAdomin; vio_kim,заказ,атлична+,,,инди / джаз / электронное,
"17) HOYO-MiX, Robin & Chevy — Sway to My Beat in Cosmos [Honkai: Star Rail OST]",3:33:05,laitsberg,долг Х6👻,хорошечно+,Игра,,поп / электронное,
18) MYTH & ROID — Forever Lost [Ending Made in Abyss: Dawn of the Deep Soul / Созданный в Бездне: Рассвет глубокой души],3:41:45,DzenDish,долг,гениально - -,Аниме,,инди / электронное,
19) ​syudou — Gambling {ギャンブル} [1 Opening Tsukimichi: Moonlit Fantasy / Лунное путешествие приведёт к новому миру],3:54:20,Летта,долг Х2,гениально - -,Аниме,,электронное / рок / инди,
20) James Blake — Retrograde,4:07:00,Pyssell,заказ,атлична-,,,инди / электронное,
СТРИМ №126 (14.06.25),, ,,,,,,
НАЧАЛО 3 СЕЗОНА,, ,,,,,,
1) Shoi Miyazawa — Godrick the Grafted [Elden Ring OST],28:15,Rusbiomode,донат,атлична+,Игра,,оркестровое / инструментал,
1.5) Дополнительный формат разноса треков от Faryma.composer,43:15,Faryma.composer,,,,,,
2) Imagine Dragons — Waves (Official Lyric Video),49:25,Boevaya_riba,долг,атлична,,,поп / поп-рок,
"3) Kevin Penkin feat. Arnór Dan — Gravity [OST; Made in Abyss Season 2 / Созданный в Бездне: Солнце, вспыхнувшее в Золотом городе]",1:01:00,randerban,заказ,гениально - -,Аниме,,оркестровое / инструментал,
4) Little Blue boX — 1 dream [1 Opening LBX: Little Battlers eXperience / Хроники карточных битв],1:16:15,DzenDish,донат,хорошечно - -,Аниме,,рок,
5) Sergey Eybog — Trapped In Dreams (2013 г.) [OST; Everlasting Summer / Бесконечное лето],1:32:00,GameCloser,долг Х2,хорошечно-,Игра,,инструментал / инди,
5.5) Критерии оценок от Faryma.composer,1:58:50,Faryma.composer,,,,,,
6) Shoi Miyazawa — The Promised Consort (Starscourge Radahn Theme) [Elden Ring: Shadow of the Erdtree OST],2:07:05,Rusbiomode,донат,атлична,Игра,,оркестровое / инструментал,
7) Imagine Dragons — They Don't Know You Like I Do (Official Lyric Video),2:20:35,Boevaya_riba,долг Х3💀,атлична+,,,инди / баллада,
8) Kill Eva & Мэйби Бэйби — Popstars (Official Music Video),2:33:05,Monstrrro,донат,нормас-,,,поп,
9) Yasunori Mitsuda — Between Life and Death {Brink of Death / 死線} [Chrono Cross OST],2:48:15,SinWarlock,заказ,хорошечно+,Игра,,инструментал / оркестровое,
10) 4 Позиции Бруно — Солдаты {The Soldiers},2:59:00,Дмитрий Гордиенко,долг Х4☠️,хорошечно-,,,инди,
11) Daler Mehndi — Tunak Tunak Tun (Remastered HD),3:14:45,GameCloser,заказ,"атлична (в сердечке гениально, но покороче бы)",,,фолк / поп,
12) Братство Бобра & Пигмеи — Чёрный ритуал (2023; Heavy Metal),3:27:40,Rtur,донат,ну такое++,,,метал,
13) DEXCORE — Trace,4:02:55,НеАноним(фанат декскора),заказ,атлична+,,,метал,
14) EPICA — Consign to Oblivion(A New Age Dawns - Part III) (Live at the Zenith),4:19:45,Kirilicus,донат,хорошечно - -,,,метал / оркестровое,
"15) Falcom Sound Team jdk — Gin No Ishi Kin No Tsubasa {Silver Will, Golden Wings / 銀の意志 金の翼} [Game Opening; The Legend of Heroes: Trails in the Sky SC]",4:59:35,Eluneprist,долг Х6👻,хорошечно-,Игра,,поп / инди / электронное ,
16) KMFDM — Stray Bullet,5:08:45,ayl1es,заказ,атлична,,,электронное / инди,
17) Gogol Bordello — Mala Vida,5:23:55,MeinJurer,донат,атлична,,,фолк / поп-рок,
18) Barry Manilow — Can't Smile Without You (David Martin - Can't Smile Without You; Original),5:35:35,actusfide,заказ,атлична - -,,,джаз / поп,
19) Arctic Monkeys — 505,5:53:50,Madao,долг,атлична,,,поп-рок / инди,
20) Nigel Stanford — Automatica (Robots Vs. Music),6:25:50,Kirilicus,донат,хорошечно+,,,электронное / рок / инструментал,
21) Danny Baranowsky — Stone Cold (3-1 Cold with Shopkeeper) [Crypt of the Necrodancer OST],6:38:55,SinWarlock,долг Х2,хорошечно,Игра,,электронное / инструментал,
22) Danny Baranowsky feat. FamilyJules7x — Igneous Rock (3-1 Hot with Shopkeeper) [Crypt of the Necrodancer OST],6:44:15,SinWarlock,долг Х2,хорошечно-,Игра,,рок / инструментал,
23) Leon Vynehall — Movements(Chapter III) (Official Video),6:51:20,Pyssell,донат,атлична+,,,инди / джаз,
24) ko.yo feat. Ellin — 墜ちる満月 ~Chi no squi~ {Falling Full Moon ✞ ~Blood stake~} [PINK BITCH CLUB OST],7:03:40,Ляля Леша,долг Х3💀,хорошечно+,,,поп / инди,
25) Imagine Dragons — Dull Knives (Official Lyric Video),7:12:40,Boevaya_riba,донат,атлична,,,инди / рок,
26) The Cast Of Journey To Bethlehem feat. Antonio Banderas & Joel Smallbone — Good To Be King (Movie Scene) [OST; Journey to Bethlehem / Путешествие в Вифлеем],7:23:15,Triple_AI,долг Х4☠️,хорошечно++,Фильм,,мюзикл / опера,
"27) MYTH & ROID — Endless Embrace [1/2 Ending Made in Abyss Season 2 / Созданный в Бездне: Солнце, вспыхнувшее в Золотом городе]",7:36:20,DzenDish,донат,гениально - -,Аниме,,инди / оркестровое / электронное,
"28) HOYO-MiX, Robin & Chevy — Had I Not Seen the Sun [Honkai: Star Rail OST]",7:56:05,laitsberg,долг Х5⚰️,атлична - -,Игра,,баллада / фортепиано,
29) HOYO-MiX & Airi Suzuki — Star Odyssey (Skirk's Character Trailer Song) [Genshin Impact OST],8:03:00,EpicFire,донат,атлична - -,Игра,,баллада / оркестровое / электронное,
"30) Amaya — Black Sorrow (PARK BYEONG HOON - Black Sorrow (VIVINOS ‘Alien Stage’ OST, Pt.4); R O U N D 3; RUS Cover)",8:19:35,Yun,долг Х6👻,нормас+,,,поп-рок,
30.5) Faryma.composer задумался о RUS Cover в своём исполнении + общение с чатиком,8:30:55,Faryma.composer,,,,,,
СТРИМ №125 (10.06.25),, ,,,,,,
ДОЛГОВОЙ,, ,,,,,,
1) Король и Шут — Писатель Гудвин {Goodwin the Writer},7:15,Cherfrish,долг,хорошечно-,,,рок,
2) Sergey Eybog — Everlasting Summer (2013 г.) [OST; Everlasting Summer / Бесконечное лето],19:10,GameCloser,долг Х2,атлична - -,Игра,,инструментал / баллада / поп,
3) Nirvana — Heart-Shaped Box,29:45,Sammy Willbur,долг Х3💀,атлична,,,рок,
4) ika feat. Hatsune Miku — Miku Miku ni Shite Ageru♪ {I'll Miku-Miku You♪ / みくみくにしてあげる♪} (Magical Mirai 2017; Live),41:50,Акума,долг Х4☠️,хорошечно+,,,электронное / поп,
5) The Smile — Friend of a Friend (Audio),59:20,говорящий бонобо ебобо,долг Х5⚰️,атлична - -,,,разное / инди,
6) VALORANT & Grabbitz — Die For You (VALORANT Champions 2021),1:14:25,meganekka,долг Х6👻,атлична-,Игра,,электронное / поп / рок,
7) OneRepublic — Tyrant,1:41:40,Boevaya_riba,долг,атлична-,,,поп-рок / инди,
8) Sampha — Dancing Circles 2.0 (Visualiser),1:54:45,Pyssell,долг Х2,атлична,,,джаз / инди,
9) TECHNOBOYS PULCRAFT GREEN-FUND — TRINITY SEVEN MAIN THEME [OST; Trinity Seven / Тринити: Семеро магов],2:06:25,Domitori Taranofu,долг Х3💀,гениально-,Аниме,,инструментал / инди / электронное,
10) The Prodigy — World's On Fire (HD 720p),2:18:25,Дмитрий Гордиенко,долг Х4☠️,атлична-,,,электронное,
11) Ruelle — Bad Dream (Official Audio),2:30:20,Boevaya_riba,долг Х5⚰️,хорошечно,,,инди / поп,
12) Mili — I Am a Fluff (Music Video; 360 Reality Audio),2:39:15,AnonymousAdomin,долг Х6👻,атлична+,,,инди / электронное / джаз,
"13) Luciano Pavarotti, Wiener Volksopernorchester, Leone Magiera — Gounod: Faust, CG 4, Act III - Quel trouble inconnu - Salut! Demeure chaste et pure (VINYL)",2:51:10,GameCloser,долг,атлична,,,оркестровое / мюзикл/опера,
14) Lady Gaga & Metallica — Moth Into Flame (Dress rehearsal at the 59th Grammy Awards 2017; Live),3:04:50,RamWhite,долг Х2,нормас+,,,метал,
15) Green Day — Boulevard of Broken Dreams (Official Music Video; 4K Upgrade),3:16:30,Sammy Willbur,долг Х3💀,атлична,,,рок / поп-рок,
16) Piotr Musial — Frostpunk Theme [Frostpunk OST],3:28:35,Selestinskiy,долг Х4☠️,хорошечно,Игра,,оркестровое / инструментал,
17) HOYO-MiX — Cowboy's Got Business [Honkai: Star Rail OST],3:36:10,laitsberg,долг Х5⚰️,хорошечно++,,,рок / электронное / инструментал,
18) Placebo — The Bitter End (Official Audio),3:44:45,meganekka,заказ,хорошечно+,,,инди / рок,
СТРИМ №124 (7.06.25),, ,,,,,,
1) MYTH & ROID — STRAIGHT BET [ep 7; OST; Re:Zero - Starting Life in Another World / Re:Zero. Жизнь с нуля в альтернативном мире],10:35,DzenDish,донат,атлична-,Аниме,,инди / рок / электронное,
2) milet — hanataba [OST; Anti-Hero / Антигерой],25:20,mage10,заказ,атлична-,Фильм,,баллада / поп ,
3) Yorushika — Howl at the Moon {月に吠える},41:15,trivia_holic,заказ,хорошечно+,,,поп / инди,
4) Agua Loca — Un Poco Loco,54:40,Rtur,донат,атлична,,,фолк / поп,
5) Моральный кодекс — Ночной каприз,1:07:25,GameCloser,заказ,атлична- ,,,инди / поп,
6) toe — Run For Word,1:19:20,Alan008,долг Х2,хорошечно++,,,инди / поп-рок / инструментал,
7) Муслим Магомаев — Лучший город Земли (оригинал),1:33:40,Cherfrish,донат,атлична+,,,поп ,
8) PinocchioP feat. Hatsune Miku — Reincarnation Apple {Tensei Ringo / 転生林檎},2:05:50,AnonymousAdomin,долг Х3💀,атлична,,,электронное / поп,
9) Wienners — FACTION [1 Opening Digimon Ghost Game / Призрачная игра Дигимонов],2:16:40,DzenDish,донат,атлична+,Аниме,,рок / электронное,
10) TK from Ling tosite sigure — White Out,2:29:40,contrast,долг Х4☠️,атлична,,,инди / рок,
11) Mashiro Ayano — ideal white [1 Opening Fate/stay night: Unlimited Blade Works / Судьба/Ночь схватки: Бесконечный мир клинков],2:45:30,Cherfrish,донат,хорошечно-,Аниме,,поп-рок / рок,
12) AiNA THE END — The Spell {アイコトバ} [1 Ending Kusuriya no Hitorigoto / Монолог фармацевта],2:59:50,Maksimjk,долг Х5⚰️,хорошечно++,Аниме,,баллада / поп,
13) OPRUS — My Sails Are Set (Sonya Belousova & Giona Ostinelli feat. AURORA - My Sails Are Set; RUS Cover) [OST; One Piece / Ван-Пис / Большой куш 2023 г.],3:11:20,DzenDish,донат,хорошечно-,Фильм,,оркестровое / поп / баллада,
14) Serafina — Ticking Away (VALORANT & Grabbitz feat. bbno$ - Ticking Away; Cover) [Valorant OST],3:32:25,RamWhite,долг,атлична - -,Игра,,поп / электронное ,
15) Owl City — Fireflies (Official Music Video),3:59:05,Cherfrish,донат,гениально-,,,инди / поп / поп-рок,
16) Giga & TeddyLoid feat. Daoko — Act {アクト},4:12:45,CHEBURAWKA,долг Х2,атлична+,,,поп / электронное,
17) Пурген — Предательство элит {Betrayal of elites},4:23:10,MeinJurer,донат,атлична - -,,,метал,
18) GUNSHIP feat. Power Glove — Ghost,4:36:50,anna_251999,долг Х3💀,хорошечно+,,,инди / электронное / баллада,
19) Domitori Taranofu — Dreams of Japan (Extended Mix),4:50:40,Domitori Taranofu,донат,нормас+,,,поп / инструментал / фолк,
"20) XX:me — Beautiful World (сейю Haruka Tomatsu, Kana Ichinose, Nanami Yamashita, Shizuka Ishigami and Saori Hayami; FULL VER) [3 Ending Darling in the FranXX / Милый во Франксе]",5:06:00,DzenDish,долг Х4☠️,хорошечно,Аниме,,поп-рок,
21) Vitalism — Favela,5:19:05,MeinJurer,донат,хорошечно++,,,метал / фолк,
22) HOYO-MiX — Vita Boss Theme (Deformed Butterfly; Awareness; Crimson Earth; Stubborn; Unrecognizable) [Honkai Impact 3rd OST],5:50:35,ДокухэбиТатсу,долг Х5⚰️,хорошечно-,Игра,,электронное / инструментал / оркестровое,
23) Santana feat. Rob Thomas — Smooth (Stereo),6:09:10,Rtur,донат,атлична+,,,фолк / джаз,
24) MY FIRST STORY — Tokyo Midnight {東京ミッドナイト},6:21:05,RamWhite,долг,атлична,,,поп-рок / рок,
25) C!naH — Heart(VIVINOS - ALNST Sub : SUA Part.1),6:31:50,Ляля Леша,донат,хорошечно++,,,оркестровое / инструментал,
26) The Gamer Symphony Orchestra — Bad Piggies (Ilmari Hakkola - Bad Piggies Theme; Original; Fall 2022 Live Concert) [Bad Piggies OST],6:44:30,Alan008,долг Х2,хорошечно - -,Игра,,оркестровое / ,
27) Трупный Яд — Мент,6:54:10,MeinJurer,донат,нормас+,,,метал,
28) Muse — Dead Inside (Official Music Video),7:07:45,meganekka,долг Х3💀,атлична-,,,инди / поп-рок ,
29) сын курьера — Жигули,7:18:45,actusfide,донат,хорошечно,,,инди ,
30) Rie Takahashi — Stay Alive (Сейю Эмилии) [2 Ending Re:Zero - Starting Life in Another World / Re:Zero. Жизнь с нуля в альтернативном мире],7:41:05,AndrLord,долг Х4☠️,хорошечно+,Аниме,,поп-рок,
31) Трупный Яд — Деньги,7:54:10,MeinJurer,донат,нормас++,,,метал,
32) Hiroyuki Sawano feat. David Whitaker & Mika Kobayashi — Before my body is dry [OST; Kill la Kill / Убей или умри],8:10:00,Maksimjk,долг Х5⚰️,хорошечно,Аниме,,рок / поп-рок,
33) Универсальные панды — Пляжная,8:22:15,actusfide,донат,хорошечно-,,,инди,
СТРИМ №123 (6.06.25),, ,,,,,,
БЛАГОТВОРИТЕЛЬНЫЙ,, ,,,,,,
1) Cö shu Nie feat. HYDE — MAISIE [1 Opening Black Butler: Emerald Witch Arc / Тёмный дворецкий: Зелёная ведьма],19:10,@LadyHarkonnen,очередь,хорошечно,Аниме,,рок / инди,
2) Imperial Circus Dead Decadence — Tensei {天聲},34:15,@razorch1k,очередь,хорошечно - -,,,метал,
3) Муслим Магомаев — Чертово колесо [Москва в нотах OST],48:50,Cherfrish,очередь,гениально,Фильм,,поп / оркестровое,
4) Mamiko Noto — Karinui (сейю персонажа Ai Enma) {Ephemeral / かりぬい} [1 Ending Hell Girl / Адская девочка],1:03:50,@Zagadochniy_Pretendent,очередь,атлична-,Аниме,,баллада / фолк,
5) TK from Ling tosite sigure — katharsis {Катарсис} [2 Opening Tokyo Ghoul:re 2nd Season / Токийский гуль: Перерождение 2],1:14:30,@gustaff_mackewicz,очередь,атлична+,Аниме,,рок / инди,
"6) Haz Studio feat. 灵椒, EDY, Liby & Mr. Respect — Aria of the Soul (Haruko Komiya - Aria of the Soul; Cover) [Persona 5 Tactica OST]",1:24:35,@enegysun,очередь,нормас+,Игра,,фанк / поп,
7) Yoshida Yasei feat. Kasane Teto — Override {Oobaaraido / オーバーライド},1:37:35,Акума,очередь,хорошечно - -,,,поп / электронное,
8) Akiko Shikata — Byakumu no Mayu ~Ricordando il passato~ {Кокон белых снов ~ Вспоминая прошлое~ / Cocoon of White Dreams ~Remembering the Past~ / 白夢の繭 ～Ricordando il passato～} (Twilight of the Golden Witch arc) [VN; Ending Umineko no Naku Koro ni Chiru],1:45:20,Alexeyorik,очередь,хорошечно+,Игра,,оркестровое / баллада,
9) Mallory Knox — Lonely Hours,2:15:40,@stalergood,очередь,хорошечно,,,рок,
10) rerulili feat. Hatsune Miku & GUMI — Brain Fluid Explosion Girl {Spinal Fluid Explosion Girl / Noushou Sakuretsu Girl / 脳漿炸裂ガー},2:24:50,Astamaxxvm,очередь,хорошечно,,,электронное / инди / поп,
11) Bloodsimple — What If I Lost It,2:40:25,@MaxLucSyn,очередь,хорошечно+,,,метал ,
12) LiSA — QUEEN [1/3 Opening Shangri-La Frontier Season 2 / Рубеж Шангри-Ла: Любитель игрошлака бросает вызов топ-игре 2],2:49:20,AndrLord,очередь,атлична - -,Аниме,,метал / электронное,
13) Victor Krasnokutsky & Andrey Kuzmin — Crazy Necross {Безумство Некросса} [OST; Vangers: One For The Road / Вангеры],2:59:40,@quaresss,очередь,нормас,Игра,,электронное / инструментал,
14) Aviations — Safehouse (Official Music Video),3:12:15,@semfii,очередь,атлична+,,,рок / инди / метал,
15) женская группа Московского Камерного Хора — Частушки Бабок-Ёжек (с субтитрами) [Летучий корабль OST],3:28:30,@ak478G,очередь,атлична (гениально сердечком),Фильм,,разное / фолк,
16) Reol — Edge {切っ先} (Music Video) [1 Ending Rurouni Kenshin: Meiji Kenkaku Romantan 2023 г. / Бродяга Кэнсин 2023 г.],3:36:35,Sheruka,очередь,атлична-,Аниме,,поп / электронное,
17) Clark Powell — Power Fantasy (Theme for Caliborn) [OST; webcomic Homestuck Vol. 7 - 8],3:47:10,Napporaivo,очередь,атлична - -,,,электронное / инструментал,
18) Daniel Sadowski — Undead Battle 1 [Disciples III: Renaissance OST],4:08:05,AnToteKote,очередь,хорошечно,Игра,,оркестровое / инструментал,
19) Shortparis — Говорит Москва {This Is Moscow Speaking},4:16:40,Kirilicus,очередь,гениально - -,,,инди / электронное / разное,
20) Nobuo Uematsu — The Oath [OST; Final Fantasy VIII],4:31:25,Илья,очередь,гениально - -,Игра,,оркестровое / инструментал,
21) Helblinde — The Solace of Oblivion [Osu! OST],4:46:15,Hantrik,очередь,хорошечно,Игра,,электронное / инструментал,
22) Loqiemean — SALUTE MUERDOS!,5:05:05,BONN,очередь,атлична++,,,рэп / метал / электронное,
СТРИМ №122 (3.06.25),, ,,,,,,
ДОЛГОВОЙ,, ,,,,,,
1) Gregory Semenov — Fly Theme 12 [OST; Space Rangers / Космические рейнджеры],5:55,General PunisheR,долг,нормас+,Игра,,инструментал / электронное,
2) Stuck in the Sound — Let's Go (Official Video),16:25,Boevaya_riba,долг Х2,атлична,,,инди / рок,
3) Порез на Собаке — Проспал {Overslept},25:40,AlexLih,долг Х3💀,атлична,,,инди / разное / рэп,
4) XX:me — Hitori {Alone / ひとり} (сейю Haruka Tomatsu; FULL VER) [ep 13; 4 Ending Darling in the FranXX / Милый во Франксе],36:45,DzenDish,долг Х4☠️,нормас+,Аниме,,поп / баллада / поп-рок,
5) Onsa Media — The Curse of the Sad Mummy (League of Legends feat. Christian Linke - The Curse of the Sad Mummy; RUS Cover) [League of Legends OST],53:20,Selestinskiy,долг Х5⚰️,нормас+,Игра,,баллада / оркестровое,
"6) Motoi Sakuraba — One strike, One beat [Tales of Arise OST]",1:04:55,Влад Горшков,долг,атлична,Игра,,инструментал / оркестровое,
7) M.A.K.E.vortex feat. Ado & Hatsune Miku — 20KYO,1:20:45,AnonymousAdomin,долг Х2,нормас++,,,инди / рок / электронное,
8) Ruelle — War of Hearts(Acoustic Version),1:38:55,Boevaya_riba,долг Х3💀,нормас++,,,фортепиано / баллада,
"9) Shiro Sagisu — Komm, süsser Tod (ПОВТОР: СТРИМ №4; 22 трек от dzahaines) [OST; Евангелион нового поколения: Конец Евангелиона / Neon Genesis Evangelion: The End of Evangelion]",2:03:35,Sheruka,повтор,гениально - -,Аниме,,джаз / оркестровое / поп,
10) Toby Fox — THE WORLD REVOLVING [Deltarune Chapter 1 OST],2:19:00,Eagler,долг Х5⚰️,хорошечно-,Игра,,электронное / инструментал,
11) Stromae feat. GIMS & OrelSan — avf (Audio),2:26:25,Rtur,долг,атлична,,,рэп / электронное / поп,
12) Motoi Sakuraba — Paradise of coexistence -Fabrication- [Tales of Arise OST],2:37:55,Влад Горшков,долг Х2,хорошечно,Игра,,рок / инструментал,
13) HOYO-MiX — Arlecchino: Lullaby (Character Demo) [Genshin Impact OST],2:47:30,EpicFire; ДокухэбиТатсу,заказ,атлична+,Игра,,электронное / инструментал,
"14) XX:me — Escape (сейю Haruka Tomatsu, Kana Ichinose, Nanami Yamashita, Shizuka Ishigami and Saori Hayami; FULL VER) [ep 16; 5 Ending Darling in the FranXX / Милый во Франксе]",2:58:20,DzenDish,долг Х4☠️,атлична - -,Аниме,,поп-рок,
15) yourness — My Last Day {Мой последний день / Watashi no Saigo no Hi / 私の最後の日},3:14:15,AnonymousAdomin,долг Х5⚰️,гениально - -,,,баллада / поп-рок / поп,
16) Domitori Taranofu — A Soft Sofa,3:24:05,Domitori Taranofu,долг,нормас++,,,электронное / джаз / инструментал,
17) HOYO-MiX & NIDA — Proi Proi [Honkai: Star Rail OST],3:42:10,ДокухэбиТатсу; EpicFire,долг Х2,атлична - -,Игра,,электронное / поп / рок,
18) fripSide — Red Liberation (Official MV/Full) [1 Opening The Vexations of a Shut-In Vampire Princess / Заботы запертой принцессы вампиров],3:54:20,Ivan_Vitalyevich; AnonymousAdomin,заказ,хорошечно - -,Аниме,,метал / поп / электронное,
19) Imagine Dragons — Curse,4:09:35,Boevaya_riba,долг Х4☠️,атлична - -,,,инди / поп-рок,
20) Sati Akura — Nightglow (Tanya Chua - Nightglow; RUS Cover) [Honkai Impact 3rd OST],4:20:45,ДокухэбиТатсу,долг Х5⚰️,атлична,Игра,,поп / рок,
21) Queen — Somebody To Love (HD Live - 1981 Montreal),4:28:20,TRISSAR,долг,гениально,,,поп-рок / рок,
21.5) Становление композитором от Faryma.composer,4:43:45,Faryma.composer,,,,,,
СТРИМ №121 (31.05.25),, ,,,,,,
1) Boogie Pimps — Somebody to Love (Official Video),9:50,sniffd,заказ,хорошечно,,,поп,
2) Folder 5 — Believe [2 Opening One Piece / Ван-Пис / Большой куш],18:30,Rusbiomode,донат,нормас+,Аниме,,поп / электронное / поп-рок,
3) Grover Washington Jr. feat. Bill Withers — Just the Two of Us,32:30,Monstrrro,долг,атлична+,,,джаз ,
4) Kamil Orman Janowski — Grand Arena [Path of Exile OST],51:25,General PunisheR,донат,ну такое++,Игра,,оркестровое / инструментал,
5) Danny Baranowsky — Portabellohead (2-3 with Shopkeeper) [Crypt of the Necrodancer OST],1:03:15,SinWarlock,долг Х2,нормас+,Игра,,инди / инструментал / электронное,
6) V6 — Super Powers (YouTube Ver.) [21 Opening One Piece / Ван-Пис / Большой куш],1:11:30,Rusbiomode,донат,хорошечно-,Аниме,,поп / поп-рок / электронное,
"7) XX:me — Manatsu no Setsuna {Midsummer Moment / 真夏のセツナ} (сейю Haruka Tomatsu, Kana Ichinose, Nanami Yamashita, Shizuka Ishigami and Saori Hayami; FULL VER) [ep 7; 2 Ending Darling in the FranXX / Милый во Франксе]",1:23:55,DzenDish,долг Х3💀,хорошечно,Аниме,,поп-рок,
"8) Tyler, the Creator — NEW MAGIC WAND",1:37:15,Gogor,донат,атлична - -,,,рэп / электронное,
9) League of Legends feat. Christian Linke — The Curse of the Sad Mummy [League of Legends OST],2:08:40,"Selestinskiy",долг Х4☠️,атлична -,Игра,,баллада / оркестровое,
10) Eir Aoi — IGNITE [1/3 Opening Sword Art Online 2 / Мастера Меча Онлайн II],2:24:10,Rusbiomode,донат,хорошечно+,Аниме,,рок / поп-рок,
11) Motoi Sakuraba — Sovereign's madness [Tales of Arise OST],2:41:05,Влад Горшков,долг,хорошечно+,Игра,,оркестровое / инструментал,
"12) Sithu Aye — It's the Second Season, So We Need a New Character After All!",2:57:40,MeinJurer,донат,атлична,,,метал / инструментал,
13) Ado — GeGeGe no Kitaro {Kitaro of Ge-ge-ge / ゲゲゲの鬼太郎} (Kazuo Kumakura - GeGeGe no Kitaro; Original) [1 Opening Gegege no Kitarou / Щелкунчик Китаро],3:12:30,AnonymousAdomin,долг Х2,атлична - -,Аниме,,инди / поп,
"14) Эльмира Калимуллина & Пелагея — Canção do Mar {Song of the Sea / Песня моря} (Amália Rodrigues - Cancao do mar, Original; проект Голос, Live, 1 сезон, 13 выпуск, Финал) [OST; Влюблённые из Тахо / Les amants du Tage / The Lovers of Lisbon]",3:23:40,Zagitarius_Ed,донат,хорошечно+,Фильм,,фолк / поп,
15) HOYO-MiX — Deadly Romance [Honkai: Star Rail OST],3:40:30,laitsberg,долг Х3💀,атлична-,Игра,,мюзикл/опера / оркестровое / электронное,
16) Mothervibes & Shift Up — The Song of the Wanderer [STELLAR BLADE MINI OST],4:09:00,iostream,донат,атлична,Игра,,баллада / инди / джаз,
17) Ayase & Ado — Tachiirikinshi {No Trespassing / 立ち入り禁止} (Mafumafu - Tachiiri Kinshi; Cover),4:18:15,AnonymousAdomin,долг Х4☠️,хорошечно++,,,поп / фортепиано,
18) Archspire — Involuntary Doppelgänger {Вынужденный двойник},4:30:35,MeinJurer,донат,атлична,,,метал,
19) Dire Straits — Your Latest Trick,4:45:15,Monstrrro,долг,хорошечно+,,,инструментал / джаз / поп,
"20) Tyler, The Creator & Nigo — Come On, Let's Go",5:02:15,Gogor,донат,хорошечно+,,,рэп,
21) Native Construct — Mute (OFFICIAL VIDEO),5:10:35,Hantrik,долг Х2,атлична - -,,,метал / разное,
22) лампабикт & Элли на маковом поле — немерено,5:29:45,ayl1es,донат,атлична-,,,инди / баллада,
23) Sol Seppy — Move,5:40:20,50_50,очередь,гениально - -,,,инди / электронное,
24) Deathsomnia — Akinesia (Official Video),5:49:55,Darhalas,заказ,атлична,,,инди,
25) Ado — Dawn and Fireflies {夜明けと蛍} (N-Buna feat. Hatsune Miku - Dawn and Fireflies; Cover),6:08:05,AnonymousAdomin,долг Х3💀,нормас++,,,инди / поп-рок,
26) The Omnific — Objets de Vertu,6:23:40,MeinJurer,донат,хорошечно+,,,метал / инструментал,
27) Mylène Farmer — Fuck them all {F**k Them All} (Clip Officiel),6:34:25,Exsetaid,долг Х4☠️,нормас+,,,инди / баллада,
28) tg muzfromhrum — INSTASAMKA-за деньги да {FOR MONEY YES} (INSTASAMKA - ЗА ДЕНЬГИ ДА; AI Cover),6:46:25,50 50,донат,нормас++,,,джаз,
29) George Michael — Careless Whisper (Official Video),6:53:20,GameCloser,долг,атлична (гениально за саксофон),,,баллада / поп,
"30) AKUGETSU feat. Till — ALL-IN(AST 2st anniversary REMIX) (6FU; feat. Hyuna - ALL-IN; Original; VIVINOS ‘Alien Stage’ OST, Pt.6)",7:06:40,Ляля Леша,донат,атлична - -,,,рок,
31) Ado — Jama {Annoyance / 邪魔} (syudou feat. Hatsune Miku - Jama; Cover),7:17:20,AnonymousAdomin,долг Х2,атлична - -,,,электронное / поп,
32) Егор & NeSergey — Блинчики {Pancakes},7:27:35,50 50,донат,кринж-контент,,,рэп,
"33) XX:me — Beautiful World (сейю Haruka Tomatsu, Kana Ichinose, Nanami Yamashita, Shizuka Ishigami and Saori Hayami; FULL VER) [3 Ending Darling in the FranXX / Милый во Франксе]",7:34:05,DzenDish,долг Х3💀,хорошечно,Аниме,,поп-рок,
"34) Hajime Wakai, Manaka Kataoka, Maasa Miyoshi, Masato Ohashi, Tsukasa Usui — Demon King Ganondorf Battle (All Phases Seamless Theme) [The Legend of Zelda: Tears of the Kingdom OST]",7:45:55,Влад Горшков,донат,атлична-,Игра,,оркестровое / инструментал ,
"35) Yugo Kanno — il vento d'oro (ПОВТОР: СТРИМ №5; 6 трек от kvin) [OST, Джорно Джованны; Невероятное приключение ДжоДжо: Золотой ветер]",8:16:20,Cybrex,повтор,гениально,Аниме,,джаз / рок,
36) Seether — Careless Whisper (George Michael — Careless Whisper; Cover),8:28:20,Rtur,донат,хорошечно-,,,метал,
37) Motoi Sakuraba — Flame of the New Dawn [Tales of Arise OST],8:39:40,Влад Горшков,долг,хорошечно,Игра,,инструментал / фолк ,
38) Skirt & PUNPEE — ODDTAXI [1 Opening Odd Taxi / Случайное такси],8:51:00,Dzen Garden Group,донат,гениально - -,Аниме,,инди / поп,
39) The 13th tailor — Gospelion in a classic love (MUSIC VIDEO) [1 Ending Mahou Shoujo Magical Destroyers / Девочки-волшебницы: Волшебные разрушительницы],9:02:25,randerban,долг Х2,гениально - -,Аниме,,инди / джаз / электронное,
40) Motoi Sakuraba — Dissonance [Tales of Arise OST],9:15:25,Влад Горшков,донат,хорошечно+,Игра,,оркестровое / инструментал,
СТРИМ №120 (29.05.25),, ,,,,,,
ДОЛГОВОЙ,, ,,,,,,
1) J.Fla — Lose Yourself {Потерять Себя} (Eminem - Lose Yourself; Cover),7:10,Boevaya_riba,долг,нормас+,,,рэп,
2) necrxknight — inxy,17:20,Takada W,долг Х2,нормас++,,,электронное / инструментал,
3) Loqiemean — ШМЫГА {SHMYGA},26:25,HourlyRaptor7,долг Х3💀,атлична - -,,,рэп / электронное,
4) Houshou Marine — A Horny Money World ～legendary night～ {A Horny Money World ～伝説の夜～},39:30,AndrLord,долг Х4☠️,атлична-,,,рэп / поп / электронное,
5) Nena — 99 Luftballons {99 воздушных шариков} (1983 г.),49:30,Cherfrish,долг,хорошечно-,,,поп / поп-рок,
6) Darren Korb — Bynn the Breaker [Bastion OST],1:01:45,SinWarlock,долг Х2,хорошечно++,Игра,,инструментал / электронное / фолк,
7) The Police — Every Breath You Take (Songwriter: Sting),1:14:20,GameCloser,долг Х3💀,гениально - -,,,поп-рок / баллада / поп,
8) Apashe feat. Panther — Battle Royale,1:25:55,Sammy Willbur,долг Х4☠️,атлична-,,,электронное / рэп ,
9) Eminem — Lose Yourself,1:36:20,Monstrrro,долг,гениально-,,,рэп ,
9.5) Faryma.composer — Lose Yourself (Eminem - Lose Yourself; Cover),2:05:25,Faryma.composer,,,,,,
"10) Origa — Shine, my star {Гори, гори, моя звезда} (Пётр Булахов - Гори, гори, моя звезда; Original)",2:12:05,Boevaya_riba,долг Х2,атлична+,,,баллада / фолк,
11) Survive Said The Prophet — Paradox [2/4 Opening Vinland Saga Season 2 / Сага о Винланде 2],2:21:00,AndrLord,долг Х3💀,хорошечно,Аниме,,метал,
12) UNISON SQUARE GARDEN — Boujaku No Charisma {傍若のカリスマ} [1/3 Opening Blue Lock Season 2 / Синяя тюрьма: Блю Лок против юношеской сборной Японии],2:34:00,kumashisan; Svd_bb,заказ,атлична - -,Аниме,,рок,
13) Frederic — PEEK A BOO,2:51:15,Svd_bb,заказ,гениально-,,,поп-рок / электронное,
14) Darren Korb — Percy's Escape [Bastion OST],3:01:55,SinWarlock,заказ,атлична - -,Игра,,инструментал / фолк / электронное,
15) Motoi Sakuraba — Breakdown [Tales of Arise OST],3:07:50,Влад Горшков,долг,атлична - -,Игра,,оркестровое / инструментал,
16) Danny Baranowsky — Grave Throbbing (2-2 with Shopkeeper) [Crypt of the Necrodancer OST],3:19:20,SinWarlock,долг Х2,хорошечно - -,Игра,,инструментал / электронное,
"17) XX:me — Torikago {トリカゴ} (сейю Haruka Tomatsu, Kana Ichinose, Nanami Yamashita, Shizuka Ishigami and Saori Hayami; FULL VER) [1 Ending Darling in the FranXX / Милый во Франксе]",3:30:05,DzenDish,долг Х3💀,хорошечно - -,Аниме,,поп-рок / поп,
18) Cosmograph feat. AKA — Hold you tight [Goddess of Victory: Nikke OST],3:46:40,ДокухэбиТатсу,долг Х4☠️,хорошечно,Игра,,баллада / рок / поп-рок,
18.5) Импровизация на гитаре от Faryma.composer,4:02:40,Faryma.composer,,,,,,
СТРИМ №119 (27.05.25),, ,,,,,,
ДОЛГОВОЙ,, ,,,,,,
1) issey — Yonabe no Tango {よなべのタンゴ},7:40,sofa divan,очередь,атлична - -,,,инди,
2) Diablo Swing Orchestra — Balrog Boogie,21:50,Rtur,долг,атлична+,,,метал / джаз,
3) Sati Akura — Usseewa {うっせぇわ} (Ado - Usseewa; RUS Cover),35:00,Boevaya_riba,долг Х2,хорошечно++,,,поп / электронное,
4) ALI PROJECT — GOD DIVA [OST; .hack//Roots / .хак//Корни],49:55,laitsberg,заказ,атлична - -,Аниме,,инди / электронное / оркестровое,
5) Loqiemean — RAGE QUIT,1:06:30,HourlyRaptor7,долг Х3💀,хорошечно+,,,рэп / электронное,
6) Ado — Jukkai(1984) {Ten Commandments / 十戒} (Akina Nakamori - Jukkai '1984'; Cover),1:14:55,AnonymousAdomin,долг Х4☠️,атлична-,,,поп-рок ,
7) Король и Шут — Кода {Coda},1:25:35,Cherfrish,долг,атлична+,,,рок,
8) Alina Gingertail — Clubbed to Death (Rob Dougan - Clubbed to Death; Cover) [OST; The Matrix / Матрица],1:44:05,SinWarlock,долг Х2,хорошечно+,Фильм,,фолк,
9) HOYO-MiX — Epitaph [Honkai: Star Rail OST],2:15:05,laitsberg,долг Х3💀,гениально-,Игра,,электронное / оркестровое / инструментал ,
"10) Leslie Odom Jr., Daveed Diggs, Christopher Jackson & Original Broadway Cast of Hamilton — Guns and Ships",2:27:25,Triple_AI,долг Х4☠️,атлична,,,мюзикл / рэп,
11) Джоконда — Тени Ноября {Shadows of November} (Official Music Video),2:35:10,Zagitarius_Ed,донат,хорошечно++,,,метал / баллада,
12) Mori Calliope — MERA MERA (ORIGINAL SONG),2:50:10,AndrLord,долг Х2,атлична,,,поп / рэп / электронное,
СТРИМ №118 (25.05.25),, ,,,,,,
БЛАГОТВОРИТЕЛЬНЫЙ,, ,,,,,,
1) Anna Tsuchiya — Kuroi Namida {Black Tears / 黒い涙} [3 Ending Nana / Нана],9:50,Boevaya_riba,очередь,хорошечно-,Аниме,,рок / поп-рок,
2) hitorie — Nichijou to Chikyuu no Gakubuchi {Frame of Normal Life and the World / 日常と地球の額縁} (​wowaka feat. Hatsune Miku - Nichijou to Chikyuu no Gakubuchi; Self Cover),14:45,Astamaxxvm,очередь,атлична - -,,,рок,
3) MAN WITH A MISSION — I’ll be there [OST; Believe: Kimi ni Kakeru Hashi / Believe – Kimi Kakeru Hashi],28:00,AndrLord,очередь,атлична,Фильм,,рок / поп-рок,
4) Twenty One Pilots — Ode To Sleep,43:35,@canihaveacupofcoffee,очередь,хорошечно+,,,инди / поп-рок / поп,
5) Sān-Z & HOYO-MiX feat. Astra Yao — Original Me {Genshoku / 原色} (Official Chinese Pinyin English Lyrics),1:00:25,@Baobab123453,очередь,хорошечно+,Игра,,поп ,
"6) Void_Chords feat. L — Beyond Selves [1 Opening RWBY: Ice Queendom / Красный, белый, чёрный, жёлтый: Ледяная империя]",1:14:10,laitsberg,очередь,атлична,Аниме,,поп-рок / джаз,
7) Sakanaction — Kaijuu {怪獣} (Full Version) [1 Opening Chi.: Chikyuu no Undou ni Tsuite / О движении Земли],1:34:35,@Art3mmoy; ArtyomShay; @TheTIIm,очередь,атлична+,Аниме,,поп-рок / инди,
8) Beniiro Litmus — Rin to shite saku hana no gotoku {Like a flower that blooms bravely / 凛として咲く花の如く} (Composer TOMOSUKE) [pop'n music 15 ADVENTURE OST],2:07:00,mx14,очередь,хорошечно+,Игра,,поп-рок / фолк,
"9) ABBA — Money, Money, Money (Official Music Video)",2:24:10,Kirat,очередь,гениально-,,,поп,
10) Domitori Taranofu — Nya {ニャー},2:35:30,Domitori Taranofu,очередь,хорошечно-,,,поп / электронное,
11) Heart — Barracuda (1977; Live),2:45:20,@Camar34,очередь,гениально - -,,,рок / инди,
12) Hana — Cursed Life/Blessed Life {呪われた生／祝福された生} ('End Sky II' ending from Jabberwocky II) [VN; OST; Wonderful Everyday / Subarashiki Hibi ~Furenzoku Sonzai~ / Чудесные дни ~Прерывистое существование~],2:58:40,Keras174,очередь,хорошечно,Игра,,инди / электронное,
13) Linkin Park — Breaking the Habit (Official Music Video),3:16:45,Sammy Willbur,очередь,атлична+,,,поп-рок,
14) Porno Graffitti — The Day [1 Opening Boku no Hero Academia / Моя геройская академия],3:29:15,Sendy Polaris,очередь,атлична-,Аниме,,рок,
15) NOMELON NOLEMON — INAZMA,3:41:50,CHEBURAWKA,очередь,гениально - -,,,поп / инди / поп-рок,
16) Plini — Moonflower (Audio),4:07:35,@Kiranchy,очередь,хорошечно++,,,рок / метал / инструментал,
17) Hiroyuki Sawano feat. Yosh — scaPEGoat [1 Ending Seraph of the End: Vampire Reign / Последний Серафим],4:18:30,Enotishche,очередь,хорошечно++,Аниме,,поп-рок,
18) Eve — Kororon {虎狼来},4:34:05,@Kaizzoku_Gari,очередь,атлична-,,,поп / фанк,
19) Злые гномы — Настоящий Онанизм,4:45:35,@wnkd1,очередь,кринж-контент,,,рок,
20) MYTH & ROID — theater D [ep 14; OST; Re:Zero - Starting Life in Another World / Re:Zero. Жизнь с нуля в альтернативном мире],4:51:50,DzenDish,очередь,атлична,Аниме,,электронное / инди / рок,
21) MILANO Extras — Hot Hot Fire,5:05:50,SinWarlock,очередь,атлична - -,,,инди / поп-рок,
22) Evanescence — Afterlife (Official Lyric Video; Netflix) [OST; Devil May Cry 2025 г.],5:16:00,Cybrex,очередь,хорошечно+,Аниме,,метал,
СТРИМ №117 (24.05.25),, ,,,,,,
1) James Carbutt — March [Thank Goodness You’re Here! OST],7:10,General PunisheR,донат,хорошечно+,Игра,,инструментал / фолк,
2) ABBA — Summer Night City (Official Music Video),17:40,Alan008,долг,хорошечно++,,,поп,
3) Евгений Дога — Вальс (GloriaMusicVideo) [Мой ласковый и нежный зверь OST],29:55,Cherfrish,донат,гениально - -,Фильм,,оркестровое / инструментал,
4) HOYO-MiX — The Golden Touch [Honkai: Star Rail OST],42:30,laitsberg,долг Х2,хорошечно++,Игра,,джаз / инструментал / электронное,
5) Domitori Taranofu — Moments of the Past,55:05,Domitori Taranofu,донат,хорошечно,,,электронное / инструментал,
6) Yuko Ando — Shogeki {Shock / 衝撃} [1/6 Ending Shingeki no Kyojin: The Final Season / Атака титанов: Финал],1:08:10,AndrLord,долг Х3💀,атлична,Аниме,,инди / поп,
7) Men at Work — Who Can It Be Now? (Video Version),1:19:30,Cherfrish,донат,хорошечно,,,поп,
8) Takeharu Ishimoto — The Price of Freedom {Свобода / 自由の代償 / Jiyū no Daishō} [OST; Crisis Core: Final Fantasy VII],1:31:05,iromzy1337,заказ,ну такое+,Игра,,инструментал / баллада / рок,
9) Domitori Taranofu — My 2015 (Extended Mix),1:42:40,Domitori Taranofu,донат,нормас++,,,электронное / инструментал,
10) Mori Calliope — Go-Getters [1 Ending Suicide Squad Isekai / Отряд самоубийц из другого мира],1:55:35,AndrLord,долг,атлична+,Аниме,,электронное / поп ,
11) Ummet Ozcan & Otyken — Altay (Official Music Video),2:07:30,Rtur,донат,хорошечно+,,,фолк / электронное ,
12) Sam Houghton & Joe Collinson — Into Asgard [BPM: Bullets Per Minute OST],2:35:45,SinWarlock,долг Х2,нормас++,Игра,,метал / инструментал,
13) Savage Circus — When Hell Awakes,2:55:55,MeinJurer,донат,хорошечно - -,,,метал,
14) Maxim Vengerov — Hungarian Dance No. 5 (Johannes Brahms - Hungarian Dance No. 5; Original; Live),3:19:55,Triple_AI,долг Х3💀,гениально-,,,оркестровое / инструментал,
15) Manuel — GAS GAS GAS(EXTENDED MIX) [OST; Initial D / Инициал Ди],3:29:40,upucka18,заказ,атлична,Аниме,,рок / электронное,
16) Paul Mauriat — Hungarian Dance No. 5 (Johannes Brahms - Hungarian Dance No. 5; Original; Live),3:39:50,Alan008,долг,атлична-,,,оркестровое / инструментал,
"17) Alexander Pischikov, Boris Frumkin, Igor Kantyukov, Мурад Кажлаев & Melodiya — Снова в горы, фокстрот-самба (2023 Remastered)",3:55:35,MeinJurer,донат,хорошечно+,,,инструментал / поп / джаз,
18) John Williams — Duel of the Fates [Star Wars: Episode I – The Phantom Menace OST],4:21:15,GameCloser,долг Х2,гениально - -,Фильм,,оркестровое / инструментал,
19) Mick Gordon — Cultist Base [Doom Eternal OST],4:34:05,GameCloser,заказ,атлична,Игра,,метал,
20) Domitori Taranofu — Today Is a Rainy Day...,4:44:50,Domitori Taranofu,донат,хорошечно-,,,электронное / инструментал,
21) Blend A — Bon Appétit♡S {ぼなぺてぃーと♡Ｓ} [1 Opening Blend S / Садистская смесь],4:57:15,AndrLord; Ivan_Vitalyevich,заказ,гениально-,Аниме,,поп,
22) Lars Sorensen — Main Theme - Escape from Tarkov [Escape from Tarkov OST],5:12:20,General PunisheR,донат,ну такое+,Игра,,инструментал / метал,
23) Sati Akura — Eiyuu Unmei no Uta {英雄 運命の詩} (EGOIST – Eiyuu Unmei no Uta) [1 Opening Fate/Apocrypha / Судьба/Апокриф],5:30:45,Boevaya_riba,долг,ну такое+,Аниме,,поп / оркестровое,
24) Mick Gordon — The Only Thing They Fear Is You [Doom Eternal OST],5:48:10,ansmit,донат,гениально -,Игра,,метал / инструментал / электронное,
25) Queen — My Melancholy Blues (Official Lyric Video),6:04:40,Static_streams_,заказ,атлична+,,,баллада / фортепиано,
25.5) Faryma.composer смотрит на Майнкрафт,6:14:15,Faryma.composer,,,,,,
СТРИМ №116 (22.05.25),, ,,,,,,
ДОЛГОВОЙ,, ,,,,,,
1) Kavinsky — Nightcall (Official Audio) [OST; Drive / Драйв],8:40,Monstrrro,заказ,нормас+,Фильм,,поп / электронное,
2) TVXQ! — Share The World [11 Opening One Piece / Ван-Пис / Большой куш],19:15,Rusbiomode,долг,хорошечно+,Аниме,,инди / поп,
3) Danny Baranowsky — Fungal Funk (2-1 with Shopkeeper) [Crypt of the Necrodancer OST],29:25,SinWarlock,долг Х2,нормас,Игра,,разное / инди / электронное,
4) Taylor Swift — Look What You Made Me Do,39:50,Sammy Willbur,долг Х3💀,хорошечно-,,,поп / электронное / рэп,
5) Ado — Show {唱} (Live),54:15,AnonymousAdomin,долг Х4☠️,гениально-,,,поп / электронное / фолк,
6) androp feat. Aimer — Memento mori,1:02:30,trivia_holic,долг,атлична,,,поп-рок / инди / рок,
7) Konomi Suzuki — This game [1 Opening No Game No Life / Нет игры — нет жизни],1:27:30,AndrLord,долг Х2,хорошечно-,Аниме,,рок / поп-рок,
8) Danny Baranowsky — Styx and Stones (4-1 with Shopkeeper) [Crypt of the Necrodancer OST],1:40:20,SinWarlock,долг Х3💀,хорошечно-,Игра,,разное / инди / электронное,
9) Lorien Testard — Ancient Sanctuary - Gestral Summer Party [OST; Clair Obscur: Expedition 33],1:49:20,oppux,заказ,хорошечно++,Игра,,поп / электронное / инструментал,
10) Family Force 5 — Drama Queen,2:14:30,meganekka,долг Х4☠️,атлична-,,,рок / рэп,
11) Latcho Drom — La Verdine [Mafia: The City of Lost Heaven OST],2:23:30,iostream,донат,атлична,Игра,,фолк / поп,
12) Yuki Kajiura feat. Eri Itoh — Credens Justitiam {Believe in justice} (Live) [OST; Mahou Shoujo Madoka★Magica / Девочка-волшебница Мадока★Волшебство],2:32:25,Alan008,долг Х2,атлична - -,Аниме,,поп ,
13) Eminem — Mockingbird (Official Music Video),2:43:10,Momonga,долг Х3💀,атлична+,,,рэп,
14) ELIZAVETA DE ELFIS — AIM GUST NOSE IN GNEISS,2:58:15,ELIZAVETADEELFIS; LuzLunarTwitch,заказ,хорошечно,,,разное / инструментал,
14.5) Импровизация от Faryma.composer по теме трека,3:10:45,Faryma.composer,,,,,,
15) BL8M & 6FU; — Wiege (VIVINOS - ALNST Original Soundtrack Part.9),3:23:40,Ляля Леша,донат,атлична -,,,баллада / оркестровое / фортепиано,
16) The Beatles — Penny Lane,3:34:05,Mapperino,долг Х2,нормас++,,,поп,
17) Our Last Night — Look What You Made Me Do (Taylor Swift - Look What You Made Me Do; Cover),3:53:00,Sammy Willbur,долг Х3💀,хорошечно-,,,рок,
18) Bon Jovi — Livin' On A Prayer,4:05:50,upucka18,заказ,хорошечно+,,,рок,
19) ALBATROSS — Плутонушка [Кибердеревня OST],4:19:30,MacTepOk,долг,хорошечно++,Фильм,,рэп / фолк / поп,
СТРИМ №115 (21.05.25),, ,,,,,,
РОК-АЛЬБОМ + МИНИ-ДОЛГОВОЙ,, ,,,,,,
1) Margenta feat. Артур Беркут — Лилия и Лилит,5:15,Максим Мухтаров,заказ,хорошечно+,,,метал / мюзикл/опера,
2) Margenta feat. Артур Беркут — Змея,28:40,Максим Мухтаров,заказ,атлична - -,,,метал / мюзикл/опера,
3) Margenta — Ave Leticia,45:40,Максим Мухтаров,заказ,атлична,,,метал / мюзикл/опера,
4) Margenta — Каждому,1:01:10,Максим Мухтаров,заказ,хорошечно-,,,метал / мюзикл/опера,
5) Margenta — Закатные рыцари,1:08:25,Максим Мухтаров,заказ,атлична-,,,метал / мюзикл/опера / баллада,
5.5) Margenta — Пулемётчица,1:20:40,Faryma.composer,,,,,,
6) Margenta — Покровители,1:38:25,Максим Мухтаров,заказ,хорошечно+,,,метал / мюзикл/опера,
7) Margenta feat. Кипелов & Артур Беркут — Никто,1:57:15,Максим Мухтаров,заказ,атлична-,,,метал / мюзикл/опера / баллада,
8) Margenta — Саксонский корпус,2:14:00,Максим Мухтаров,заказ,хорошечно,,,метал / мюзикл/опера,
9) Margenta — Вересковая пустошь,2:27:20,Максим Мухтаров,заказ,атлична - -,,,баллада / мюзикл/опера / поп,
10) Margenta feat. Артур Беркут — Андайский крест,2:36:45,Максим Мухтаров,заказ,атлична - -,,,метал / мюзикл/опера,
11) Margenta — Лунное дитя,2:51:45,Максим Мухтаров,заказ,атлична,,,баллада,
12) Margenta — Невидима(бонус),3:02:35,Максим Мухтаров,заказ,хорошечно-,,,баллада / мюзикл/опера,
13) Margenta — Дети Савонаролы,3:18:00,Максим Мухтаров,заказ,хорошечно++,,,метал / мюзикл/опера,
14) Kingo Hamada — Machi No Dorufin {Dolphin in Town / 街のドルフィン},3:52:00,GameCloser,долг Х2,гениально - -,,,фанк / поп / джаз,
15) Toshio Masuda — Sadness and Sorrow {Ai to Hi / 哀と悲} [OST; Naruto / Наруто],4:09:15,Cherfrish,долг,атлична,Аниме,,баллада / фортепиано / инструментал,
16) Namie Amuro — Hope [20 Opening One Piece / Ван-Пис / Большой куш],4:19:55,Rusbiomode,долг,хорошечно -,Аниме,,поп,
17) Kanon Wakeshima — Foul Play ni Kurari {Mesmerised by Foul Play} [1 Ending To LOVE-Ru Darkness / Любовные неприятности: Тьма],4:32:30,Ivan_Vitalyevich,долг Х4☠️,атлична - -,Аниме,,оркестровое / поп,
СТРИМ №114 (17.05.25),, ,,,,,,
1) Joe Hisaishi — The Merry-Go-Round of Life {—オープニング—人生のメリーゴーランド} [Opening Howl's Moving Castle / Ходячий замок],11:05,Cherfrish,донат,атлична+,Фильм,,оркестровое / инструментал,
2) Queen — A Kind of Magic (Official Video Remastered) [OST; Highlander / Горец],24:00,Static_streams_,заказ,атлична,Фильм,,поп-рок,
3) Beícoli — The Whisper [Laika: Aged Through Blood OST],35:45,SinWarlock,долг,хорошечно-,Игра,,инди / фолк / поп,
4) Illdisposed — Johnny (Fine Young Cannibals - Johnny Come Home; Cover),46:30,MeinJurer,донат,нормас+,,,метал,
5) Darren Korb — Terminal March [Bastion OST],57:35,SinWarlock,долг Х2,атлична,Игра,,инструментал / фолк / инди,
6) HOME MADE KAZOKU — Shounen Heart {少年ハート} [2 Opening Psalms of Planets Eureka Seven / Эврика 7: Псалмы планет],1:08:55,Cherfrish,донат,атлична-,Аниме,,рэп / фанк,
7) Guo Bao — Scarborough Fair {Ярмарка в Скарборо / 斯卡布罗集市} (Sarah Brightman - Scarborough Fair; RUS Cover),1:18:05,"Selestinskiy",долг Х3💀,хорошечно,,,фолк ,
8) Dimmu Borgir — Hybrid Stigmata - The Apostasy (Remixed & Remastered),1:30:40,MeinJurer,донат,атлична-,,,метал / симфоническое,
9) Trevor Morris — Trespasser - Lost Elf Theme [Dragon Age: Inquisition – Trespasser OST],2:05:05,gigantorix,заказ,хорошечно-,Игра,,оркестровое / инструментал,
10) Leporamelo — You Shook Me All Night (AC/DC - You Shook Me All Night Long; PALEOROCK CLASSIC; Remix),2:15:50,Baikk,донат,нормас (МЕМ+),,,фолк / разное,
11) AI Хитяра! — Рок опера - остров в океане {Island / Остров} (Пророк Санбой — Остров; Ai Cover),2:22:50,daik_ua,долг,нормас,,,метал ,
12) Hans Zimmer — ...To Die For [OST; The Lion King / Король Лев],2:33:00,Rtur,донат,атлична+,Фильм,,оркестровое / инструментал,
13) HOYO-MiX — Fatal Clash of Swordgraves [Honkai: Star Rail OST],2:46:55,EpicFire,долг Х2,атлична+,Игра,,инструментал / электронное / фолк,
14) Jon Everist — For All Mankind(Opening Cinematic) [BattleTech OST],2:55:50,General PunisheR,донат,хорошечно-,Игра,,оркестровое / инструментал,
"15) Ado — Aishite Aishite Aishite {Love Me, Love Me, Love Me / 愛して愛して愛して} (Kikuo feat. Hatsune Miku - Aishite Aishite Aishite; Cover)",3:02:55,AnonymousAdomin; vio_kim,заказ,гениально - -,,,инди / поп,
16) The Cat Empire — The Lost Song (Official Audio) [Кухня OST],3:19:10,Cherfrish,донат,атлична-,Фильм,,фолк / поп,
17) Native Construct — Come Hell or High Water,3:29:40,Hantrik,долг Х4☠️,атлична,,,метал / разное / инди,
18) Taku Iwasaki — Le chant de Roma {Shiitagerareta Monotachi no Tame ni / 虐げられた者達の為に} [OST; Akame ga Kill! / Убийца Акамэ!],4:04:40,Rtur,донат,атлична+,Аниме,,оркестровое / фолк ,
19) Jethro Tull — Bouree (Johann Sebastian Bach - Bourrée in E minor; Original),4:19:55,Alan008,долг,атлична-,,,инструментал / джаз,
20) Melodiya — Чёртово колесо(ар. Борис Фрумкин) (Муслим Магомаев - Чертово колесо; Original) [Москва в нотах OST],4:35:50,MeinJurer,донат,атлична-,Фильм,,джаз / фанк / инструментал,
20.5) Faryma.composer о использовании 'базы' в музыке,4:47:35,Faryma.composer,,,,,,
21) Danny Baranowsky — Mausoleum Mash (1-3 with Shopkeeper) [Crypt of the Necrodancer OST],4:54:30,SinWarlock,долг Х2,хорошечно,Игра,,поп / электронное,
21.5) Faryma.composer о Otamatone и музыкальном ходе The Beatles,5:04:40,Faryma.composer,,,,,,
22) Falcom Sound Team jdk — The Azure Arbitrator [OST; The Legend of Heroes: Trails to Azure / Ao no Kiseki],5:10:10,Влад Горшков,донат,атлична - -,Игра,,оркестровое / рок / инструментал,
23) Elvis Presley — Can't Help Falling In Love (Official Audio) [OST; Blue Hawaii / Голубые Гавайи],5:34:15,Verzweiflung12,заказ,гениально - -,Фильм,,поп / баллада,
24) Король и Шут — Воспоминания о былой любви {Memories of Past Love},6:05:35,Cherfrish,донат,хорошечно++,,,рок,
25) Counterparts — Cherished,6:21:10,Андранимус 999,долг Х4☠️,нормас++,,,метал,
26) Hedley — Lose Control (Official Video 21.03.2016),6:34:05,Rusbiomode,донат,нормас+,,,поп,
27) Eivør — Í Tokuni (Official Music Video),6:50:30,Kirilicus,долг,атлична-,,,электронное / фолк,
28) Schaft — Broken English [OVA 5; OST; Hellsing Ultimate / Хеллсинг OVA],7:02:45,Влад Горшков,донат,атлична-,Аниме,,электронное / разное / оркестровое,
29) Ludovico Einaudi — Experience (Official Visualizer) [OST; Mommy / Мамочка],7:25:30,GameCloser,долг Х2,атлична-,Фильм,,инструментал / оркестровое / фортепиано,
30) Ариэль — В краю магнолий {In the District of Magnolias} [OST; Cargo 200 / Груз 200],7:39:10,ayl1es,донат,хорошечно+,Фильм,,поп / шансон,
30.1) Faryma.composer о шейминге за 'ты не смотрел / слушал / знаешь',7:47:25,Faryma.composer,,,,,,
30.2) Faryma.composer о агрессии / накидывании / шутках,7:58:55,Faryma.composer,,,,,,
31) Kota Hoshino — Mechanized Memories -in the end- (Armored Core 20th Anniversary) [Armored Core: Verdict Day OST],8:05:40,AlexLih,долг Х3💀,нормас++,Игра,,рок / электронное / инструментал,
32) Jesper Kyd — Two-Face's Theme (SEGA) [The Adventures of Batman and Robin OST],8:25:30,General PunisheR,донат,нормас++,Игра,,электронное / поп,
33) Utsu-P feat. Hatsune Miku — Fuel {Fyuueru / フューエル},8:38:35,HourlyRaptor7,долг,атлична,,,метал / электронное ,
34) Tales of Series SOUND TEAM & Bandai Namco Game Music — Land of Green [Tales of Arise OST],8:51:55,Влад Горшков,донат,атлична - -,Игра,,оркестровое / инструментал,
35) HOYO-MiX — Hell Is Preferable to Nihility [Honkai: Star Rail OST],9:03:25,EpicFire,долг Х2,атлична,Игра,,электронное / джаз / инструментал,
35.1) Faryma.composer о Опенинге 2 сезона стримов,9:16:40,Faryma.composer,,,,,,
35.2) Импровизация от Faryma.composer,9:21:50,Faryma.composer,,,,,,
СТРИМ №113 (15.05.25),, ,,,,,,
ДОЛГОВОЙ (НА МЕМ-СТРИМЕ),, ,,,,,,
1) Native Construct — Chromatic Aberration,13:05,Hantrik,долг,нормас++,,,разное / метал / инди,
2) Vangelis — Chariots Of Fire [Огненные колесницы OST],52:10,GameCloser,долг Х2,атлична,Фильм,,электронное / оркестровое / инструментал,
3) Ado — Villain {ヴィラン} (teniwoha feat. flower - Villain; Cover),1:07:55,AnonymousAdomin,долг Х3💀,атлична-,,,инди / поп,
4) WagakkiBand & Amy Lee — Sakura Rising (Live; Japan Tour 'TOKYO SINGING') [Kamen Rider Heroes: Shinobi X 00 – The Palace of Athena OST],1:17:45,meganekka,долг Х4☠️,нормас+,Фильм,,рок / фолк,
5) Nobuo Uematsu — Dancing Mad {妖星乱舞} (Live) [OST; Final Fantasy VI],1:30:20,Влад Горшков,донат,атлична-,Игра,,разное / оркестровое / джаз / инструментал,
5.5) Начало мем стрима,2:24:25,Faryma.composer,,,,,,
СТРИМ №112 (13.05.25),, ,,,,,,
ДОЛГОВОЙ,, ,,,,,,
1) Гробовая доска — По душу пьяницы...,8:00,Red_Bear,долг,хорошечно - -,,,метал,
2) Christina Aguilera — Hurt (Official Video),40:05,Boevaya_riba,долг Х2,атлична - -,,,поп / баллада,
3) Ayaka — Blue Moon -Tales of ARISE ver.- [Tales of Arise OST],53:25,anna_251999,долг Х3💀,хорошечно-,Игра,,поп / баллада,
4) r-906 feat. Hatsune Miku — A Spoonful Of SPELL {Saji no Majinai / 匙ノ咒},1:07:35,AnonymousAdomin; Madao,заказ,атлична - -,,,инди / электронное,
5) Rebecca Black — Friday,1:21:30,laitsberg,долг Х6👻,ну такое++,,,поп,
6) Ruelle — War of Hearts (Official Audio) [OST; Shadowhunters: The Mortal Instruments / Сумеречные охотники],1:34:35,Boevaya_riba,долг,хорошечно+,Фильм,,инди / баллада,
7) Mick Giacchino — Scherzo for a Flightless Bird (The Penguin Theme) [The Penguin OST],2:06:10,Нотис,заказ,атлична,Фильм,,оркестровое / инструментал,
8) Zheanna Erose — microtonal futurebass (31-EDO),2:14:35,Dem1dd,заказ,атлична+,,,джаз / электронное / разное,
"9) Jorge Rivera-Herrans, Cast of EPIC: The Musical & Steven Rodriguez — Ruthlessness",2:30:35,Triple_AI,долг Х4☠️,хорошечно-,,,оркестровое / мюзикл/опера,
10) Alison Gold feat. Patrice Wilson — Chinese Food (Official Music Video),2:44:05,laitsberg,долг Х6👻,нормас-,,,поп,
11) The La's — There She Goes,2:55:15,Cherfrish,долг,хорошечно,,,поп-рок,
12) Queen — Teo Torriatte(Let Us Cling Together) (Official Lyric Video),3:01:50,Static_streams_,долг Х2,атлична+,,,поп-рок / поп / мюзикл/опера,
"13) Frank Wildhorn, Jack Murphy & Ivan Menchell — Where Is The Justice? {Seigi wa Doko ni / 正義はどこに} (English; Death Note: The Musical)",3:16:35,Triple_AI,долг Х3💀,хорошечно-,Аниме,,мюзикл/опера / поп-рок,
13.5) Слушаем трек Faryma.composer в жанре Мюзикл,3:33:05,Faryma.composer,,,,,,
14) Lenich & Kirya — Little Airplane {Самолётик} (Venya D'rkin - Little plane; Cover),3:41:05,mx14,заказ,атлична,,,инди / фолк,
15) Billy Ray Cyrus — Achy Breaky Heart (Official Music Video),3:49:20,laitsberg,долг Х6👻,хорошечно-,,,поп-рок,
16) Aimer — Last Stardust [ep 8; OST; Fate/stay night: Unlimited Blade Works / Судьба/Ночь схватки: Бесконечный мир клинков],3:56:40,AndrLord,долг,атлична - -,Аниме,,баллада / поп-рок,
"17) Lenich & Kirya — Setting Sail, Coming Home (Darren Korb feat. Ashley Barrett - Setting Sail, Coming Home; RUS Cover; End Theme) [Bastion OST]",4:05:55,SinWarlock,долг Х2,хорошечно - -,Игра,,инди,
СТРИМ №111 (10.05.25),, ,,,,,,
1) Queen — Long Away (Official Lyric Video),13:35,Static_streams_,заказ,атлична,,,поп-рок,
2) Mark Bernes — Dark Is the Night {Тёмная ночь / Dark Night} (Soviet WW2 Song) [OST; Two Soldiers / Два солдата],26:25,ayl1es,донат,гениально-,Фильм,,баллада,
3) Kat — Mastermind [OST; Link Click Season 2 / Агент времени 2],39:25,Selestinskiy,долг,атлична - -,Аниме,,инди / электронное,
"4) Kevin Penkin — SAN-KEN「The Three SAGES」 [OST; Made in Abyss Season 2 / Созданный в Бездне: Солнце, вспыхнувшее в Золотом городе]",52:25,Monstrrro,донат,атлична,Аниме,,инструментал / электронное / оркестровое,
5) Imagine Dragons — Drive,1:08:05,Boevaya_riba,долг Х2,хорошечно,,,поп-рок / баллада,
6) SHAUN — Way Back Home {웨이백홈} (Lyric Video),1:19:55,Cherfrish,донат,хорошечно-,,,поп,
"7) Ado — Where the Wind Blows {風のゆくえ} (Expo 2025 Osaka, Kansai, Japan Official Licensed Products; Live) [UTA OST; One Piece Film: Red / Ван-Пис: Красный]",1:40:10,AnonymousAdomin,долг Х3💀,атлична-,Аниме,,поп / баллада,
"8) Children of Bodom — Red Light in My Eyes, Pt. 2",1:51:20,MeinJurer,донат,нормас++,,,метал,
"9) Восход, Archmage Eternal, PryAnnya & MrLololoshka — Сердце мира",2:25:50,red_chajek,заказ,хорошечно - -,,,мюзикл/опера,
10) Король и Шут — Дурак и Молния {Fool and the Lightning} (анимационный клип Fan animation),2:44:00,Cherfrish,донат,атлична,,,рок,
11) Ado — Totemo Suteki na Rokugatsu Deshita {It Was a Very Beautiful June / とても素敵な六月でした} (Eight feat. Hatsune Miku - Totemo Suteki na Rokugatsu Deshita; Cover),2:56:05,Meowzen134,долг,хорошечно++,,,поп-рок,
12) Mattias IA Eklundh — Amphibians Night Out,3:13:15,MeinJurer,донат,хорошечно+,,,разное / инструментал / джаз,
13) Keith David — Friends on the Other Side [OST; The Princess and the Frog / Принцесса и лягушка],3:27:25,Alan008,долг Х2,атлична++,Фильм,,мюзикл / опера,
13.5) Смотрим на жизнь тигрёнка 'Найду',3:38:50,ayl1es,,,,,,
14) FantasticYouth — Totemo Suteki na Rokugatsu Deshita {It Was a Very Beautiful June / とても素敵な六月でした} (Eight feat. Hatsune Miku - Totemo Suteki na Rokugatsu Deshita; Cover),3:40:30,Aleks kun,донат,хорошечно,,,поп-рок,
"15) Tanri, B-Lion — Paint The Town Blue (Ashnikko, Arcane & League of Legends - Paint The Town Blue; RUS Cover) [OST; Arcane: League of Legends 2nd season / Аркейн 2]",4:10:05,anna_251999,долг Х3💀,хорошечно,Аниме,,поп,
16) RADWIMPS — Tamamono {賜物} (Official Music Video),4:17:45,CHEBURAWKA,донат,атлична,,,поп / фанк,
17) Death in June — All Pigs Must Die,4:32:35,bufnits,заказ,хорошечно-,,,фолк / разное,
18) Domitori Taranofu — Let's Make Lo-Fi Jazz?...,4:44:45,Domitori Taranofu,донат,хорошечно,,,джаз / разное,
19) Travis Scott feat. Playboi Carti — FE!N,4:59:40,GameCloser,долг,хорошечно++,,,рэп,
"20) Lorien Testard, Alice Duport-Percier & Victor Borba — Une vie à t'aimer [OST; Clair Obscur: Expedition 33]",5:11:20,Anonymous,донат,атлична-,Игра,,оркестровая ,
21) BABYMETAL — Megitsune {メギツネ},5:56:30,Napporaivo; Летта,заказ,атлична - -,,,метал ,
22) Andreas Waldetoft — Synthetic God [Stellaris: Synthetic Dawn OST],6:08:40,General PunisheR,донат,хорошечно-,Игра,,электронное / инструментал,
23) Ruelle — Big Guns,6:18:10,Boevaya_riba,заказ,атлична,,,инди / электронное ,
24) GoGo Penguin — Raven (Live at Low Four Studio),6:37:30,Kirilicus,донат,атлична+,,,инструментал / инди,
25) Black Eyed Peas — My Humps,6:47:55,laitsberg,долг Х5⚰️,нормас++,,,поп / электронное,
26) Rude-α — LIFE [1 Ending Dr. Stone / Доктор Стоун],7:00:05,Cherfrish,донат,хорошечно++,Аниме,,поп,
27) HOYO-MiX — Your Color (Acheron Theme) [Honkai: Star Rail OST],7:10:45,EpicFire,долг,гениально - -,Игра,,электронное / инструментал,
28) The Jimi Hendrix Experience — All Along The Watchtower (Bob Dylan - All Along the Watchtower; Cover),7:20:20,ayl1es,донат,гениально-,,,рок,
29) OneRepublic — Apologize (Original Version),7:33:10,Boevaya_riba,долг Х2,атлична+,,,поп / баллада,
"30) Григорий Лепс — Натали {Natali} (Official Video, 1995)",7:46:10,Cherfrish,донат,хорошечно,,,шансон,
31) Sheena Ringo — Shuukyou - Religion {宗教},7:59:50,Sheruka,заказ,атлична,,,разное / инди,
32) Slaughter to Prevail — 1984 (OFFICIAL MUSIC VIDEO),8:22:05,Rtur,донат,хорошечно,,,метал,
33) Kagami from DEXCORE — Idol {アイドル} (YOASOBI - Idol; Cover) [1 Opening 'Oshi no Ko' / Звёздное дитя / Ребёнок идола],8:46:30,НеАноним(фанат декскора),заказ,атлична+,Аниме,,метал,
"34) Би-2 — Мой рок-н-ролл {My Rock & Roll} (2002, remastered)",8:57:30,ayl1es,донат,атлична+,,,баллада / оркестровое / инди,
35) MA55IVE THE RAMPAGE — Wild Boy [1 Opening Kenka Dokugaku / Борьба в прямом эфире],9:10:35,Kami1929,долг,хорошечно-,Аниме,,рэп / рок,
36) Tally Hall — Ruler of Everything,9:21:45,Baikk,донат,атлична+,,,инди / мюзикл/опера,
37) Darren Korb — In Case of Trouble [Bastion OST],9:32:10,SinWarlock,долг Х2,хорошечно+,Игра,,инструментал / фолк,
38) Falling In Reverse feat. Tech N9ne & Alex Terrible — Ronald,9:41:00,Rtur,донат,атлична-,,,метал / рэп,
СТРИМ №110 (6.05.25),, ,,,,,,
ДОЛГОВОЙ,, ,,,,,,
1) Роза Рымбаева — Любовь настала (Песня года - 1979) [Звёзды олимпийской регаты OST],12:45,Boevaya_riba,долг,хорошечно+,Фильм,,баллада / поп,
2) Rie Fu — Life is Like a Boat [1 Ending Bleach / Блич],29:55,ДокухэбиТатсу,заказ,нормас+,Аниме,,баллада,
3) milet — Undone,40:00,mage10,заказ,хорошечно++,,,поп / баллада,
4) Hiroyuki Sawano feat. Tielle & Gemie — ​sh0ut [2 Opening Re:Creators / Возрождающие],49:45,AndrLord,долг Х2,хорошечно++,Аниме,,поп-рок ,
5) Ado — Elf {エルフ} (Live) [Who Saw the Peacock Dance in the Jungle? OST],1:06:35,AnonymousAdomin,долг Х3💀,атлична,Фильм,,поп / баллада,
"6) Александр Пушной — Modern Jovi 2.0 (Modern Talking - You’re My Heart, You’re My Soul; Bon Jovi - Livin’ On A Prayer; Mashup Cover)",1:17:50,upucka18,заказ,хорошечно+,,,рок,
7) Владимир Владимирович Путин — Blueberry Hill (Fats Domino - Blueberry Hill; Cover) [OST; The Singing Hill / Поющий холм],1:27:10,ayl1es,долг,нормас,Фильм,,джаз / баллада,
8) FamilyJules — Overthinker [Rift of the NecroDancer OST],1:57:15,SinWarlock,долг Х2,хорошечно - -,Игра,,метал / электронное / инструментал,
9) Korn — Innocent Bystander {Невинный Прохожий},2:09:10,На послушай,долг Х3💀,атлична - -,,,инди / метал,
10) Kercha — Tears Of Russia,2:23:35,LiS0P0Tam,долг Х5⚰️,хорошечно,,,электронное / инструментал,
11) Егор и Опизденевшие — Вечная весна {Eternal Spring},2:34:30,Mapperino,долг,хорошечно,,,инди / баллада ,
12) Linkin Park — Numb (Official Music Video; 4K UPGRADE),2:52:50,Sammy Willbur,долг Х2,гениально - ,,,поп-рок / рок,
13) Queen Bee — MYSTERIOUS [1 Opening Raven of the Inner Palace / Ворона в гареме],3:03:45,natsuki_05,долг Х3💀,атлична-,Аниме,,инди / джаз,
14) Animenz — This game (Konomi Suzuki — This game; Piano Cover) [1 Opening No Game No Life / Нет игры — нет жизни],3:16:00,Sheruka,заказ,атлична+,Аниме,,фортепиано / инструментал,
15) Gorilla Attack — Flash [OST; Link Click Season 2 / Агент времени 2],3:27:45,Selestinskiy,долг,атлична -,Аниме,,инди / электронное,
16) Imagine Dragons — Hear Me,3:38:30,Boevaya_riba,долг Х2,атлична - -,,,поп-рок / инди,
17) God Is An Astronaut — Suicide By Star,3:47:35,kazibanchik,заказ,хорошечно++,,,инди / рок,
СТРИМ №109 (3.05.25),, ,,,,,,
1) fem.love — Фотографирую закат {Take Pictures of the Sunset},12:15,Monstrrro,донат,нормас,,,рок / поп-рок,
2) Ado — Hibana {Spark / ヒバナ} (DECO*27 feat. Hatsune Miku – HIBANA; Cover),20:45,AnonymousAdomin,долг,хорошечно+,,,поп-рок,
3) Nuclear Power Trio — Nyetflix and Chill (8K),32:55,MeinJurer,донат,хорошечно+,,,метал / джаз,
4) Dirty Loops — Coffee Break Is Over (SONGS FOR LOVERS),46:15,MacTepOk,долг Х2,атлична-,,,инструментал / джаз / фанк,
5) Gawr Gura & Casey Edwards — Ash Again,58:05,Meowzen134,заказ,атлична,,,оркестровое / баллада,
6) Alphaville — Forever Young (Official Video HD),1:10:10,ayl1es,донат,гениально - -,,,поп / электронное,
7) Justin Bieber feat. Ludacris — Baby,1:18:50,laitsberg,долг Х4☠️,нормас++,,,поп,
8) ТТ34 — Аэростаты,1:30:55,Kirilicus,донат,хорошечно-,,,метал ,
9) Argyle Park — The Communist Masters of Deceit,1:42:50,Darhalas,заказ,хорошечно-,,,электронное / инструментал / метал,
10) HOYO-MiX — Song of the Welkin Moon (Web Event Theme; Nod-Krai region) [Genshin Impact OST],2:36:25,EpicFire,заказ,хорошечно++,Игра,,инструментал / фолк ,
11) Danny Baranowsky — Crypteque (1-2 with Shopkeeper) [Crypt of the Necrodancer OST],2:44:30,SinWarlock,долг,хорошечно-,Игра,,электронное / инструментал,
12) Infected Mushroom — Becoming Insane,2:53:15,ayl1es,донат,гениально-,,,электронное / рок ,
13) Rom1o — Mindbound Warriors (Rom1o's NBS Originals),3:11:20,Rom1o,заказ,хорошечно-,,,инструментал / разное,
14) Perry Como — It's Impossible,3:25:45,actusfide,донат,атлична+,,,джаз,
15) HOYO-MiX — Reburn [Honkai Impact 3rd OST],3:34:25,ДокухэбиТатсу,заказ,нормас++,Игра,,рок / инди,
16) DROBA — Morgenshtern x Cheri Lady (Modern Talking – Cheri Cheri Lady; MORGENSHTERN – Если я спал с тобой; Mashup),3:45:05,ayl1es,донат,ну такое,,,разное,
"17) HOYO-MiX, Vision Wei & NEA — On the Journey (Honkai: Star Rail Two-Year Anniversary Special Animation) [Honkai: Star Rail OST]",4:09:50,EpicFire,долг,хорошечно - -,Игра,,поп-рок / окрестровое,
18) Муслим Магомаев — В нежданный час {In An Unexpected Hour},4:24:45,actusfide,донат,атлична+,,,джаз,
19) Alberto José González — Ghostphobia (Oscilloscope View) [Otto's Ottifanten: Baby Bruno's Nightmare OST],4:51:15,MacTepOk,долг Х2,хорошечно,Игра,,электронное / инструментал,
20) Karna.val — ЧАСТУШКА {CHASTUSHKA} (ПРЕМЬЕРА КЛИПА 2023),5:00:30,Monstrrro,донат,хорошечно-,,,поп,
21) Myuk — Sakura (Music Video),5:09:50,AnonymousAdomin,долг Х4☠️,атлична+,,,баллада ,
22) R.E.M. — Losing My Religion (Official HD Music Video),5:18:10,ayl1es,донат,атлична-,,,баллада / поп-рок,
"23) Сергей Сергеевич Прокофьев — Lieutenant Kijé Suite, Op. 60: II. Romance (Remastered) [OST; Lieutenant Kijé / The Czar Wants to Sleep / Поручик Киже]",5:30:35,Alan008,долг,гениально-,,,оркестровое / инструментал,
24) Ricky Martin — Livin' La Vida Loca (Official Video),5:47:00,GameCloser,донат,гениально,,,поп / фолк,
25) King Gnu — TWILIGHT!!! [OST; Detective Conan Movie 28: One-Eyed Flashback / Детектив Конан: Воспоминания одноглазого],6:09:20,Cybrex,заказ,атлична+,Аниме,,инди,
"26) Robin, HOYO-MiX & Chevy — Hope Is the Thing With Feathers [Honkai: Star Rail OST]",6:22:35,EpicFire,донат,хорошечно,Игра,,поп ,
27) Trent Reznor & Atticus Ross — Challengers: Match Point / Challengers (Original Score) [Challengers OST],6:32:10,Нотис,долг Х4☠️,хорошечно-,Фильм,,электронное / инструментал,
28) The Piano Guys — Cello Wars (Star Wars Parody with Lightsabers & Duel of the Fates) [Star Wars OST],6:50:30,Rtur,донат,хорошечно,Фильм,,оркестровое / инструментал,
29) Loathe — Gifted Every Strength (Audio),7:03:15,graf_trahula1337,заказ,атлична,,,метал / инди,
30) ZUTOMAYO — Byoushin wo Kamu {Byoushinwo Kamu / Поворачивая стрелку будильника / 秒針を噛む},7:16:25,CHEBURAWKA,донат,атлична+,,,поп-рок / поп,
31) Electric Callboy — Pump It (OFFICIAL VIDEO),7:30:15,SinWarlock,долг Х2,хорошечно+,,,метал / электронное / поп,
"32) MusicalBasics — Fur Elise Nightmare (Ludwig van Beethoven - Bagatelle No. 25 in A Minor, WoO 59, 'Fur Elise'; INSANE Remix)",7:39:25,Rtur,донат,хорошечно,,,фортепиано / электронное / инструментал,
"33) Ado feat. Hatsune Miku — Tokyo wa Yoru {Night in Tokyo / 東京は夜} (Yoshihisa Hirata feat. Hatsune Miku, Gekiyaku & JOLNO - Night in Tokyo; Cover)",8:00:20,AnonymousAdomin,долг Х4☠️,атлична-,,,поп ,
34) Lorien Testard — In Lumiere's Name [OST; Clair Obscur: Expedition 33],8:09:20,ayl1es,донат,атлична,Игра,,инструментал / шансон,
35) Rei Nakashima — GA-TAN GO-TON (Audio) [1 Opening Train to the End of the World / Куда едет поезд судного дня?],8:20:30,trivia_holic,долг,атлична - -,Аниме,,джаз / инди,
36) HOYO-MiX — Monodrama (Sparkle Theme) [Honkai: Star Rail OST],8:34:40,EpicFire,донат,гениально - -,Игра,,электронное / инструментал,
СТРИМ №108 (2.05.25),, ,,,,,,
😡😈АДО СТРИМ😇😍,, ,,,,,,
1) Ado — Nukegara {抜け空},6:25,AnonymousAdomin; Meowzen134,заказ,хорошечно++,,,поп / электронное,
2) Ado — All Night Radio {オールナイトレディオ} [Ano Yoru de Aertara OST],20:00,AnonymousAdomin; Meowzen134,заказ,атлична-,,,поп / фанк,
3) Ado — Kura Kura {dizzy / クラクラ} [1/3 Opening Spy x Family Season 2 / Семья шпиона 2],31:15,AnonymousAdomin; Meowzen134,заказ,атлична+,Аниме,,поп / джаз ,
4) Ado — Himawari {向日葵} [18/40: Futari Nara Yume mo Koi mo OST],48:30,AnonymousAdomin; Meowzen134,заказ,хорошечно++,Фильм,,баллада / поп,
5) Ado — Ibara {thorns / いばら} [Mezamashi TV on Fuji TV OST],1:04:25,AnonymousAdomin; Meowzen134,заказ,хорошечно-,,,поп-рок,
6) Ado — Domestic And Violence {ドメスティックでバイオレンス},1:16:50,AnonymousAdomin; Meowzen134,заказ,хорошечно,,,поп,
7) Ado — Kagakushu {過学習},1:51:00,AnonymousAdomin; Meowzen134,заказ,хорошечно+,,,поп-рок,
8) Ado — Fireworks {Hanabi / 花火},2:06:00,AnonymousAdomin; Meowzen134,заказ,хорошечно+,,,поп,
9) Ado — Motherland {マザーランド},2:17:50,AnonymousAdomin; Meowzen134,заказ,атлична,,,поп ,
10) Ado — Hello Signals,2:28:10,AnonymousAdomin; Meowzen134,заказ,атлична-,,,поп-рок,
11) Ado — Usseewa {うっせぇわ} (Live),2:41:35,AnonymousAdomin; Meowzen134,заказ,атлична,,,метал / поп,
12) Ado — Charles {Sharuru / シャルル} (balloon feat. flower - Charles; Cover),2:55:15,AnonymousAdomin; Meowzen134,заказ,атлична,,,поп-рок,
"13) Ado — unravel (TK from Ling tosite sigure - unravel; LIVE; Cover; ПОВТОР: СТРИМ №5, 41 трек от Mich) [1 Opening Tokyo Ghoul / Токийский гуль]",3:07:45,AnonymousAdomin; Meowzen134,повтор,гениально,Аниме,,поп-рок,
СТРИМ №107 (29.04.25),, ,,,,,,
ДОЛГОВОЙ,, ,,,,,,
"1) Kendrick Lamar — God Is Gangsta (combines tracks, “u” and “For Sale?"")",8:40,Pyssell,долг,атлична,,,рэп / джаз,
"2) Earth, Wind & Fire — September (Official HD Video)",32:45,GameCloser,долг Х2,гениально - -,,,поп / фанк,
3) FantasticYouth — Gedosanka {外道讃歌} [1/2 Ending Arifureta: From Commonplace to World's Strongest 2nd Season / Арифурэта: Сильнейший ремесленник в мире 2],54:15,meganekka,долг Х4☠️,атлична-,Аниме,,инди / электронное,
4) Gipsy Kings — Inspiration (Audio),1:07:00,Rtur,долг,хорошечно++,,,инструментал / фолк ,
5) Ado — Darling Dance {Daarin Dansu / ダーリンダンス} (Kairiki Bear feat. Hatsune Miku - Darling Dance; Cover),1:23:05,AnonymousAdomin,долг Х2,атлична-,,,поп / электронное,
6) Rambo Amadeus — Euro Neuro (Eurovision Song Contest: Baku 2012),1:52:45,Napporaivo,заказ,атлична,,,инди / фолк,
7) Danny Baranowsky — Disco Disaster [Rift of the NecroDancer OST],2:02:15,SinWarlock,долг,нормас+,Игра,,электронное / инструментал,
8) Yoshihisa Hirano — The World of Adventurers(Kanzenban) [OST; Hunter x Hunter / Охотник х Охотник (2011)],2:13:40,Абоба,долг Х2,хорошечно++,Аниме,,оркестровое / инструментал,
9) Guo Bao — My marmalade(Speed Up) {俄语小甜歌说是} (Катя Лель — Мой мармеладный; RUS Cover),2:23:10,Selestinskiy,долг Х4☠️,хорошечно+,,,поп,
10) ryo feat. Hatsune Miku — Melt {Meruto / メルト},2:31:35,Акума,долг,хорошечно+,,,электронное / поп / фортепиано,
11) Queen — Father To Son (Official Lyric Video),2:50:20,Static_streams_,долг Х2,атлична-,,,рок ,
12) fhána — Love Supreme! {愛のシュプリーム！} [1/2 Opening Kobayashi-san Chi no Maid Dragon S / Дракон-горничная госпожи Кобаяси 2],3:07:45,AndrLord; Ivan_Vitalyevich,заказ,атлична+,Аниме,,поп / фанк / джаз,
13) First Fragment — Pantheum (Official Video),3:26:15,MeinJurer,донат,атлична-,,,метал ,
14) Céline Dion — It's All Coming Back to Me Now (Official Extended Remastered HD Video),4:01:25,anna_251999,долг Х2,атлична+,,,поп / баллада,
15) Ado — Melty Land Nightmare {Meruti Rando Naitomea / メルティランドナイトメア} (Harumaki Gohan feat. Hatsune Miku - Melty Land Nightmare; Cover),4:24:10,AnonymousAdomin,долг Х4☠️,хорошечно++,,,поп,
16) Uaral — Depression (HQ),4:38:05,Rtur,долг,ну такое,,,метал / баллада,
17) MAN WITH A MISSION — Dead End in Tokyo [OST; Shinjuku Swan II / Лебедь из Синдзюку 2],4:53:50,AndrLord,долг Х2,атлична-,Фильм,,поп-рок,
18) amazarashi — Sora Ni Utaeba {Singin' to the Sky / 空に歌えば} [2/3 Opening Boku no Hero Academia 2nd Season / Моя геройская академия 2],5:05:15,Sendy Polaris,заказ,атлична - -,Аниме,,поп-рок,
СТРИМ №106 (27.04.25),, ,,,,,,
БЛАГОТВОРИТЕЛЬНЫЙ,, ,,,,,,
1) Andrea Bocelli — Con Te Partirò {Time To Say Goodbye / Отправлюсь с тобой} (Romanza; Official Music Video),10:45,Dem1dd,очередь,атлична,,,оркестровое / мюзикл/опера,
2) Tromboranga — Palo Pa la Campana,23:25,@Eliotin,очередь,хорошечно,,,джаз / фолк,
3) Akihisa Kondo — Black Night Town [27 Ending Naruto: Shippuuden / Наруто: Ураганные хроники],35:50,@vdmiaaa,очередь,атлична-,Аниме,,поп-рок,
4) Starlight Glimmer feat. Kelly Sheridan — Say Goodbye to the Holiday {Попрощайтесь с праздником} (A Hearth's Warming Tail) [ep 8; OST; My Little Pony: Friendship Is Magic 6rd Season / MLP 6rd Season],45:35,red_chajek,очередь,хорошечно-,Фильм,,мюзикл/опера,
5) Lia — Tori no Uta {鳥の詩} [VN; Air OST],52:50,@imadhdboy,очередь,нормас+,Игра,,поп,
6) Arctic Monkeys — Fluorescent Adolescent (Official Video),1:07:00,@dkjdehjd,очередь,атлична,,,поп-рок,
7) THE ORAL CIGARETTES — DIKIDANDAN,1:17:05,AndrLord,очередь,хорошечно - -,,,метал,
8) Yuyoyuppe feat. Natsuki Karin — SICK,1:28:55,@Mugetsu21,очередь,атлична,,,метал / электронное,
9) ДДТ — Метель {Snowstorm} (Live),1:56:15,@IvCKing,очередь,атлична -,,,баллада / поп-рок,
10) 22 — Loophole,2:09:00,@Kiranchy,очередь,атлична - -,,,инди / поп-рок,
11) Pixies — Gigantic (HD),2:19:10,@oliverdolg,очередь,нормас++,,,поп-рок ,
12) OBKATIEKAT feat. Futakuchi Mana — Contraband (Make Them Suffer - Contraband; Cover),2:27:35,Aleks kun,очередь,хорошечно-,,,метал,
13) Ghost — Mary On A Cross (Official Audio),2:38:10,ayl1es,очередь,гениально - -,,,поп-рок,
14) Death in June — Little Black Angel (Peoples Temple Choir & Reverend Jim Jones – Black Baby; Cover),2:52:25,@Neverhood_673,очередь,атлична - -,,,фолк / разное,
"15) B-Komachi — POP IN 2 (Ruby, Kana and Mem-Cho) [OST; 'Oshi no Ko' 2nd Season / Ребёнок идола 2]",3:05:40,@alan644,очередь,нормас++,Аниме,,поп / электронное,
"16) Aoi Yuuki — Genjitsu Totsugeki Hierarchy {現実凸撃ヒエラルキー} (Watashi / Kumoko) [2 Ending So I'm a Spider, So What? / Да, я паук, и что же?]",3:12:35,@vvvooovvvv,очередь,атлична,Аниме,,метал,
17) Eric Myval — ЗА ТОБОЙ ФУРРИ (JF Voice — За тобой цветы; Cover),3:28:40,@foxsoul32,очередь,кринж-контент,,,разное,
18) StylipS — STUDYxSTUDY (2012-02-08) [1 Ending High School DxD / Старшая школа DxD],3:45:15,@Smartik993,очередь,нормас,Аниме,,поп,
19) Momoko Sapporo — Sayonara wo Oshiete(COMMENT TE DIRE ADIEU) [VN; Sayonara o Oshiete ~Comment te Dire Adieu~ OST],4:12:00,Keras174,очередь,атлична - -,Игра,,электронное ,
20) Igorrr — ADHD,4:28:40,Rose Sanose,очередь,атлична-,,,электронное / разное,
21) Другое Дело — Проба Электричества {Electricity Test},4:39:50,bibiboy,очередь,хорошечно++,,,инди / электронное,
22) Sohodolls — Bang Bang Bang Bang,4:58:10,@Parinirvana678,очередь,хорошечно,,,инди,
23) Floppotron 3.0 — Star Wars Theme / Imperial March (John Williams - Star Wars Theme / Imperial March; Cover) [Star Wars OST],5:08:50,MacTepOk,очередь,атлична,Фильм,,электронное / инструментал / разное,
СТРИМ №105 (26.04.25),, ,,,,,,
1) Kairi Yagi — Fluorite Eye's Song (Vivy song) [ep 13; OST; Vivy: Fluorite Eye's Song / Виви: Песнь флюоритового глаза],11:25,Selestinskiy,заказ,атлична - -,Аниме,,поп,
2) Lorien Testard & Alice Duport-Percier — Lumière [OST; Clair Obscur: Expedition 33],27:50,laitsberg,донат,атлична,Игра,,шансон,
3) Jim Croce — Time In A Bottle,41:00,GameCloser,долг,атлична-,,,баллада,
4) Simple Minds — Don't You(Forget About Me) [The Breakfast Club OST],51:45,ayl1es,донат,хорошечно+,Фильм,,поп-рок,
4.5) Faryma.composer о плохом сведении на примере,1:07:05,Faryma.composer,,,,,,
5) Darren Korb — Path to Glory [Pyre OST],1:12:20,SinWarlock,заказ,атлична,Игра,,инструментал / фолк,
"6) LE SSERAFIM, BEATPELLA HOUSE — EASY, CRAZY, HOT (LE SSERAFIM - EASY, CRAZY, HOT; BEATBOX REMIX)",1:23:55,laitsberg,заказ,хорошечно-,,,разное,
"7) Muramasa — RuLe {ルル} (Ado — RuLe; Metal Cover) [Billion x School, 2024г.]",1:39:30,eu_gor,заказ,нормас,,,метал,
8) SKAI isyourgod — Cause and Effect {Yīnguǒ / 因果} (God bless you with mountains of gold and silver chinese song),1:52:50,50 50,донат,хорошечно,,,рэп,
9) Selestinskiy — Chasing Tomorrow,2:16:15,Selestinskiy,долг Х3💀,хорошечно - -,,,поп,
"10) Lostprophets — Everyday Combat (AMV; PingPong, Original Animation)",2:26:20,ayl1es,донат,хорошечно++,,,рок,
11) Lies of P — Far East Princess [Lies of P OST],2:37:35,SinWarlock,долг,атлична,Игра,,инструментал / баллада,
12) СЕРЕГА ПИРАТ — фп ам {fp am} (слив клипа),2:46:00,50 50,донат,хорошечно - -,,,рок ,
13) Ado — Lucky Bruto {ラッキー・ブルート},2:54:50,AnonymousAdomin; vio_kim,заказ,атлична-,,,инди / разное ,
14) СЕРЕГА ПИРАТ — Качалка {Gym},3:13:40,ayl1es,донат,хорошечно,,,поп-рок / разное,
15) Ado — Accident Coordinator {Akushidento Koodineitaa / アクシデントコーディネイター} (NapoliP feat. Meychan - Accident Coordinator; Cover),3:23:40,AnonymousAdomin,заказ,атлична,,,поп ,
"16) СЕРЕГА ПИРАТ — И я кричу, остановите катку {And I’m Screaming Stop The Game} (Brainstorm - Ветер; Пародия)",3:57:20,50 50,донат,хорошечно,,,разное / поп-рок,
17) Sampha — Plastic 100°C (Official Audio),4:07:55,Pyssell,долг,гениально-,,,инди / электронное,
18) Pink Floyd — Time (Official Audio),4:18:45,ayl1es,донат,гениально - -,,,поп-рок,
19) HOYO-MiX feat. Ziyu Che — Da Capo [Honkai Impact 3rd OST],4:37:00,ДокухэбиТатсу,долг Х2,хорошечно+,Игра,,поп / баллада ,
20) СЕРЕГА ПИРАТ — тп на аме {tp on am},4:44:15,50 50,донат,хорошечно,,,поп-рок,
21) DJ BoBo — CHIHUAHUA (Official Music Video),4:53:05,laitsberg,долг Х3💀,хорошечно - -,,,поп,
22) SiM feat. AKKOGORILLA — SAND CASTLE (OFFICIAL VIDEO),5:03:30,s0nezzfest,донат,атлична,,,метал / рэп,
23) Lies of P — Misty Er'A [Lies of P OST],5:17:30,SinWarlock,долг,хорошечно++,Игра,,инструментал / баллада,
24) C418 — Sweden (Minecraft Volume Alpha),5:25:00,50 50,донат,атлична,Игра,,инструментал / фортепиано,
25) Yasushi Ishii — I.B.C.J. Siege Rope {I.B.C.J. 包囲網} [06 OST; Hellsing / Хеллсинг: Война с нечистью],5:33:20,meganekka,долг Х2,атлична-,Аниме,,рок / инструментал,
26) MowtenDooг — Blend W {ブレンド・A} (Bon Appétit♡S - Blend A; Remix) [1 Opening Blend S / Садистская смесь],5:43:40,Monstrrro,донат,атлична,Аниме,,разное,
27) Pain — I'm Going In,5:47:50,SinWarlock,заказ,нормас-,,,метал,
28) СЕРЕГА ПИРАТ — Мой байк {My Bike},6:15:15,50 50,донат,хорошечно,,,поп-рок,
29) Dean Martin — Ain't That a Kick in the Head (Remastered 1997),6:25:20,GameCloser,долг,хорошечно++,,,джаз,
30) coldrain — THE SIDE EFFECTS (Official Music Video),6:35:55,s0nezzfest,донат,атлична - -,,,метал,
"31) Sumire Uesaka — EASY LOVE {上坂すみれ} [1 Opening Ijiranaide, Nagatoro-san / Не издевайся, Нагаторо]",6:49:00,Ivan_Vitalyevich,заказ,хорошечно-,Аниме,,инди,
32) David Bowie — Conversation Piece,7:11:40,Gogor,донат,гениально -,,,поп-рок / баллада,
33) Mrs. GREEN APPLE — Magic,7:24:45,AndrLord,долг Х3💀,атлична-,,,поп,
34) Deadthrone — Feel (OFFICIAL VIDEO),7:36:25,Игорь К,донат,хорошечно+,,,метал,
35) Shakira — She Wolf (Official HD Video),7:47:45,sniffd,долг,хорошечно-,,,поп / фанк,
36) EPICA — The Ghost in Me (Live at The Symphonic Synergy),7:58:10,Kirilicus,донат,атлична-,,,метал,
37) Selestinskiy — Ethereal Whispers,8:11:50,Selestinskiy,долг Х3💀,нормас++,,,поп-рок,
38) Crash Adams — Give Me A Kiss (Official Music Video),8:25:20,Игорь К,донат,хорошечно - -,,,поп,
38.5) Faryma.composer о ИИ,8:32:50,Faryma.composer,,,,,,
СТРИМ №104 (22.04.25),, ,,,,,,
ДОЛГОВОЙ,, ,,,,,,
1) EPICA — Crimson Bow and Arrow {Guren no Yumiya / 紅蓮の弓矢} (Linked Horizon - Guren no Yumiya; Live At The Symphonic Synergy; Cover) [1 Opening Shingeki no Kyojin / Атака титанов],8:35,Кирилл Д.,долг,хорошечно+,,,метал ,
2) And One — Electrocution,26:20,AnToteKote,заказ,нормас+,,,электронное,
3) Imagine Dragons — Amsterdam,39:30,Boevaya_riba,долг Х3💀,атлична - -,,,инди / поп-рок,
4) ALI — CASANOVA POSSE (ПОВТОР: СТРИМ №79; 20 трек от @DOMYHUK) [1/6 Opening Dr. Stone: Science Future / Доктор Стоун: Научное будущее],51:30,Олежик,повтор,атлична,Аниме,,поп / джаз,
5) Lies of P — Someday [Lies of P OST],1:00:30,SinWarlock,долг,нормас++,Игра,,шансон / джаз,
6) Ado — Kirai Kirai Jiga Hidai! {Hate It! Hate It! Huge Ego! / キライ・キライ・ジガヒダイ！} (KurageP feat. Otomachi Una - Hate it. Hate it. 'JIGAHIDAI!'; Cover),1:14:45,AnonymousAdomin,долг Х2,хорошечно - -,,,поп,
7) Skich Entertainment — Keep Your Faith (UDIO Ai),1:38:55,Selestinskiy,долг Х3💀,хорошечно-,,,поп,
8) SOPHIE — Faceshopping (Official Video),1:49:30,Pyssell,долг,атлична+,,,электронное / инди,
9) Roxette — Joyride (Official Video; Remastered),2:04:00,meganekka,долг Х2,атлична - -,,,рок / поп-рок,
10) OneRepublic — Secrets (Official Music Video) [OST; Zweiohrküken / Красавчик 2],2:18:20,Boevaya_riba,долг Х3💀,хорошечно++,Фильм,,поп / поп-рок,
11) Yoshikawa-45 — System 0 {System Zero / システム零} [VN; Umineko No Naku Koro Ni OST],2:30:40,Sammy Willbur,долг,хорошечно-,Игра,,инструментал / электронное,
12) Caravan Palace — Miracle (official video),2:41:55,Летта,долг Х2,хорошечно++,,,поп / фанк,
13) MetaFora — Болванка не смей,2:55:35,Metafora,долг Х3💀,нормас+,,,рок,
"14) Foals — Two Steps, Twice (Official Audio)",3:06:20,Exsetaid,донат,нормас+,,,инди / поп-рок,
СТРИМ №103 (19.04.25),, ,,,,,,
1) Adele — Skyfall (Bond theme song) [007: Координаты «Скайфолл» OST],11:00,Enotishche,заказ,атлична+,Фильм,,оркестровое / баллада / поп,
2) Ado no masa — Elf {エルフ} (Ado - Elf; Cover; THE Ado Puppet TAKE) [Who Saw the Peacock Dance in the Jungle? OST],26:00,AnonymousAdomin,заказ,нормас,Фильм,,разное,
3) Dj Mayan — Discovery (Nik Ammar - Diskovery; Cover) [Отель Элеон OST],35:10,50 50,донат,хорошечно+,Фильм,,фолк,
4) Utsu-P feat. Hatsune Miku — Gorgon,45:55,HourlyRaptor7,долг,хорошечно++,,,метал / электронное,
5) Кирилл Коперник & Стереополина — Пора танцевать [Дети перемен OST],59:35,ayl1es,донат,хорошечно-,Фильм,,поп ,
6) SHYGIRL — BB,1:11:55,Pyssell,долг Х2,нормас+,,,рэп / поп,
7) The Stupendium & Dan Bull — The Production Line (Lethal Company Song),1:21:20,Baikk,донат,атлична - -,,,рэп,
8) КИНО — Пачка сигарет {Pack of Cigarettes},1:47:05,qwerty_24661,заказ,атлична-,,,поп-рок / баллада,
9) Тот Самый — Притча о добре и зле {Parable about good and evil},2:01:55,50 50,донат,хорошечно++,,,рэп,
10) League of Legends & TEYA — Bite Marks (2025 Season 1 cinematic) [League of Legends OST],2:13:15,GeNoZa,заказ,атлична+,Игра,,поп,
11) Радиостанция 'Полночь' — С3H5N3O9 (lyrics),2:20:50,pap0nt,донат,атлична - -,,,рэп,
12) Mili — Static (Theme Song) [OST; Goblin Slayer: Goblin’s Crown / Убийца гоблинов: Корона гоблина],2:34:10,AndrLord,долг,атлична - -,Аниме,,оркестровое / фортепиано,
13) Shoi Miyazawa — Coral Guardian [Armored Core VI: Fires of Rubicon OST],2:44:35,SinWarlock,донат,атлична-,Игра,,инструментал / электронное,
"14) Hikaru Utada — PINK BLOOD [1 Opening To Your Eternity / Для тебя, Бессмертный]",2:54:20,AndrLord,долг Х2,хорошечно+,Аниме,,инди / электронное,
15) Shiro Sagisu — He will die for our sins [OST; Bleach: Thousand-Year Blood War / Блич: Тысячелетняя кровавая война],3:06:05,pavel_artf,донат,атлична-,Аниме,,оркестровое / инструментал,
16) Sylar — Assume (Official Music Video),3:17:25,Андранимус 999,долг Х3💀,хорошечно,,,метал,
17) Yoshihisa Hirano — 'EDENS ZERO' Main Theme [OST; Edens Zero / Нулевой Эдем],3:27:25,Абоба,донат,атлична,Аниме,,оркестровое / инструментал,
18) Yoshimasa Terui — Fukuma Mizushi {伏魔御廚子} [OST; Jujutsu Kaisen 2nd Season / Магическая битва 2],3:55:40,Metal Sonic,долг,гениально - -,Аниме,,оркестровое / инструментал / электронное,
"19) Jesper Kyd — Disposal Unit(Imperium Mix) [Warhammer 40,000: Darktide OST]",4:06:15,Rtur,донат,атлична,Игра,,электронное / инструментал,
20) Daekun Jang (장대건) — Recuerdos de la Alhambra [OST; Memories of the Alhambra / Воспоминания об Альгамбре],4:15:30,Selestinskiy,долг Х2,нормас+,Фильм,,фолк / баллада / инструментал,
21) nonoc — Memento [1/3 Ending Re:Zero - Starting Life in Another World 2nd Season / Re:Zero. Жизнь с нуля в альтернативном мире 2],4:28:20,AndrLord; EpicFire,заказ,хорошечно+,Аниме,,поп,
22) Ado — Dried Flowers {ドライフラワー} (Yuuri - Dried Flowers; Cover),4:43:05,AnonymousAdomin,долг,атлична - -,,,баллада,
23) Король и Шут — Ром {Rum},5:02:10,"SinWarlock",донат,хорошечно-,,,рок,
23.1) Валентин Дядька feat. Слава КПСС — Подментованный кот {Podmentovannyy kot},5:10:10,Faryma.composer,,,,,,
23.2) Валентин Дядька feat. Слава КПСС — Кот-абюзер {Abuser Cat},5:13:45,Faryma.composer,,,,,,
24) milet — Flare [2 Ending Ranking of Kings / Рейтинг короля],5:19:40,AndrLord,долг Х2,хорошечно+,Аниме,,поп,
25) Alan Aztec feat. Belkv — Bad Girl,5:32:00,Monstrrro,донат,хорошечно-,,,электронное,
26) MAN WITH A MISSION — Raise Your Flag [1 Opening Mobile Suit Gundam: Iron-Blooded Orphans / Гандам: Железнокровные сироты],5:39:50,AndrLord,долг,хорошечно,Аниме,,рок,
27) NOMELON NOLEMON — Touch {タッチ},5:50:35,CHEBURAWKA,донат,атлична,,,поп / джаз,
28) 9Lana — Let me battle [2 Ending Pokémon Horizons: The Series / Покемон (2023)],5:59:20,Madao,долг Х2,хорошечно,Аниме,,электронное / поп,
29) EPICA — Unleashed (OFFICIAL LIVE),6:27:00,Rtur,донат,хорошечно+,,,метал,
30) DECO*27 feat. Hatsune Miku — Neverland {Nebaarando / ネバーランド},6:44:50,AnonymousAdomin,долг,хорошечно,,,поп / электронное,
31) Rob Dougan — I'm Not Driving Anymore,6:56:55,GameCloser,донат,хорошечно+,,,разное / инди,
32) nowisee — Vibration {バイブレーション},7:08:45,Летта,долг Х2,атлична -,,,электронное / поп,
33) Voljum — Café mañana,7:20:55,Pyssell,донат,атлична,,,джаз / электронное,
34) Linkin Park feat. Stephen Richards — P5hng Me A*wy (Mike Shinoda; Reanimation),7:34:20,Mister_Flicker,заказ,нормас,,,рок / электронное,
35) HOYO-MiX — Flame Reaver of the Deepest Dark (Boss Theme) [Honkai: Star Rail OST],7:46:35,EpicFire,донат,атлична - -,Игра,,оркестровое / электронное / инструментал,
36) Farruko — Pepas (Official Video),7:58:40,AlexanderMSK,долг Х2,нормас+,,,электронное / поп,
37) 2WEI — Story's End [The First Berserker: Khazan OST],8:13:40,SinWarlock,донат,хорошечно++,Игра,,оркестровое / поп,
СТРИМ №102 (15.04.25),, ,,,,,,
ДОЛГОВОЙ,, ,,,,,,
1) RichaadEB — Waterfall (Toby Fox - Waterfall; Metal Cover) [Undertale OST],11:15,SinWarlock,долг,хорошечно-,Игра,,метал / инструментал,
2) milet — Loved By You,25:45,mage10,долг Х2,атлична-,,,поп ,
3) Muse — Madness (Lyric Video),45:30,meganekka,заказ,атлична-,,,поп / поп-рок,
4) Сергей Мардарь & Марина Ланда — Баламут и Обормот [Смешарики OST],56:10,margarita__eller,заказ,атлична,Фильм,,мюзикл/опера / разное,
5) KANON69 feat. Megurine Luka — Cherry Hunt {チェリーハント} (Royal Scandal),1:06:40,Yun,долг Х5⚰️,атлична,,,джаз / поп,
6) Knuckle Puck — Untitled,1:20:25,ravenkit,долг,хорошечно-,,,рок / инди,
"7) Jamie xx feat. Kelsey Lu, John Glacier, Panda Bear — Dafodil",1:36:30,Pyssell,долг Х2,хорошечно - -,,,инди ,
8) Danny Baranowsky — Disco Descent [Crypt of the Necrodancer OST],2:05:10,SinWarlock,долг Х3💀,нормас++,Игра,,электронное / инструментал,
9) Shiro Sagisu — One True Messiah [OST; Bleach: Thousand-Year Blood War - The Conflict / Блич: Тысячелетняя кровавая война - Конфликт],2:17:35,pavel_artf,заказ,атлична-,Аниме,,оркестровое / инструментал,
10) Lies of P — Feel [Lies of P OST],2:28:35,SinWarlock,долг,атлична+,Игра,,джаз,
11) Til Nálar — Fields Bask In The Sun,2:39:40,AlDidugani,долг Х2,нормас,,,инструментал / фолк,
12) Glass Animals — Take A Slice,3:03:00,Verzweiflung12,заказ,атлична+,,,инди / электронное,
13) Dave Rodgers — Beat of the Rising Sun [OST; Initial D First Stage / Инициал Ди: Стадия первая],3:12:30,upucka18,заказ,хорошечно++,Аниме,,электронное / поп,
14) Björk — Crystalline(Omar Souleyman Remix),3:24:00,Pyssell,долг,хорошечно+,,,электронное / инди,
15) Maaya Sakamoto — Hemisphere {ヘミソフィア} [1 Opening RahXephon / Ра-Зефон],1:20,anna_251999,долг Х2,атлична-,Аниме,,инди / электронное,
16) Rosu — Uwaki?? {浮気??},10:20,AnonymousAdomin; vio_kim,заказ,хорошечно+,,,поп / электронное ,
17) Radiohead — Decks Dark,19:45,FiLiUM,заказ,хорошечно+,,,инди / поп-рок,
18) Mindless Self Indulgence — Lights Out,28:00,Sammy Willbur,долг,хорошечно+,,,инди / рок,
19) Fake_trailers — Kutikula,37:35,Gogor,долг Х2,хорошечно - -,,,инди / разное,
20) Ricchi e Poveri — Sarà perché ti amo [OST; An Impudent Girl / Дерзкая девчонка],52:20,Napporaivo,долг Х3💀,хорошечно,Фильм,,поп,
СТРИМ №101 (12.04.25),, ,,,,,,
"1) Leonard Bernstein & New York Philharmonic — Adagio for Strings, Op. 11 (Samuel Barber - Adagio for Strings, Op. 11; Original)",7:45,laitsberg,донат,атлична,,,оркестровое / инструментал,
2) Mili — Hero [Limbus Company OST],28:25,Jefj29,долг,хорошечно++,Игра,,инди,
3) Christopher Gunning — Hercule Poirot (The Belgian Detective) [Agatha Christie’s Poirot OST],42:45,Monstrrro,донат,атлична-,Фильм,,оркестровое / инструментал,
4) Olivia Rodrigo — good 4 u (Official Video),51:05,ayl1es,заказ,атлична-,Аниме,,поп-рок / поп,
5) Frank Sinatra — My Way (2008 Remastered),1:03:00,actusfide,донат,гениально-,,,оркстровое / джаз / баллада,
6) Ado — ROCKSTAR {ロックスター},1:16:50,AnonymousAdomin,долг Х4☠️,атлична-,,,рок ,
7) Lies of P — Why [Lies of P OST],1:32:50,SinWarlock,заказ,атлична-,Игра,,оркестровое / инструментал,
8) Dante and Hema the Maids — Cloud Needles,1:45:25,Dante6715,донат,хорошечно+,,,метал,
9) Mindless Self Indulgence feat. Chantal Claret — Evening Wear,2:00:05,Sammy Willbur,долг,хорошечно+,,,инди,
"10) Kali Uchis feat. Tyler, The Creator & Bootsy Collins — After The Storm",2:29:40,Gogor,донат,атлична,,,инди / рэп / фанк,
11) DECO*27 feat. Ado — Otome Dissection {Otome Kaibou / Maiden Dissection / 乙女解剖} (DECO*27 feat. Hatsune Miku - Otome Dissection; Cover),2:40:10,AnonymousAdomin,долг Х2,атлична-,,,инди / поп-рок / фанк,
"12) Shoi Miyazawa — Mohg, Lord of Blood [Elden Ring OST]",2:56:30,sss,донат,атлична-,Игра,,оркестровое / инструментал,
13) Yuki Kajiura — The Main Theme of Petite Cossette [OST; Le Portrait de Petit Cossette / Портрет малышки Козетты],3:11:55,Sheruka,заказ,атлична-,Аниме,,инди / оркестровое,
14) LuQus feat. Alina Baraz — Needles On The Tree,3:24:15,Boevaya_riba,донат,хорошечно+,,,инди / электронное,
15) Antti Martikainen — The Descent to Spring Valley [Nine Parchments OST],3:34:40,MacTepOk,долг,нормас,Игра,,оркестровое / инструментал / фолк,
"16) Tyler, The Creator — Noid",3:47:10,Gogor,донат,атлична - -,,,инди / электронное / джаз,
16.5) Импровизация от Faryma.composer,4:09:50,Faryma.composer,,,,,,
17) Kessoku Band — If I Could Be a Constellation {Seiza ni Naretara / 星座になれたら} [ep 12; OST; Bocchi the Rock! / Одинокий рокер!],4:13:20,Sheruka,заказ,хорошечно,Аниме,,поп-рок ,
18) Kenichiro Suehiro — Rui Arneb [OST; Re:Zero - Starting Life in Another World 3rd Season / Re:Zero. Жизнь с нуля в альтернативном мире 3],4:24:05,EpicFire,донат,хорошечно+,Аниме,,инструментал / оркестровое,
18.5) Импровизация от Faryma.composer по теме трека,4:31:40,Faryma.composer,,,,,,
19) Hinder — Heaven Sent,4:44:40,AnonymousAdomin,долг Х4☠️,хорошечно-,,,рок ,
20) Kim Dracula — Make Me Famous (Official Video),5:00:15,Rtur666,донат,атлична-,,,метал / электронное / разное,
21) Christina Aguilera — Fighter (Official HD Video),5:10:00,Boevaya_riba,долг,атлична,,,рок / поп,
22) Kenichiro Suehiro — Breath of A Vow -2nd Main Theme- {誓いの息吹 -2nd MainTheme-} [OST; Re:Zero - Starting Life in Another World 2nd Season / Re:Zero. Жизнь с нуля в альтернативном мире 2],5:23:10,EpicFire,донат,атлична - -,Аниме,,инструментал / оркестровое,
23) Ave Mujica — Angles (Official Music Video),5:34:10,AnonymousAdomin,долг Х2,хорошечно++,,,поп-рок / рок,
24) Christina Aguilera feat. Missy Elliott — Car Wash [Shark Tale OST],6:00:10,Boevaya_riba,донат,атлична-,Фильм,,поп / фанк,
25) Marvin Kopp feat Nicolas Samuel Lietzau — Fleischlos/Fleshless [Enderal OST],6:09:20,gigantorix,заказ,нормас+,Игра,,фортепиано / инструментал,
26) Vanessa Mae — Violin Instrumental {Sailor Moon Violin Melody / Violin Medley} (Outer Senshi Theme) [OST; Sailor Moon / Красавица-воин Сейлор Мун],6:19:30,Rtur666,донат,хорошечно - -,Фильм,,поп / инструментал,
27) Miley Cyrus — Something Beautiful (Official Video),6:28:40,Zark,долг,атлична+,,,инди/ рок / поп-рок,
28) AWOLNATION — Hollow Moon(Bad Wolf) (Official Music Video),6:39:35,GameCloser,донат,атлична - -,,,инди / электронное / поп-рок,
29) Lies of P — Memory of Beach [Lies of P OST],6:48:55,SinWarlock,долг Х2,атлична,Игра,,фортепиано,
30) Oklou — god's chariots (official video),6:56:50,Pyssell,донат,атлична,,,поп,
31) Ado — Overdose (Natori - Overdose; Cover),7:03:00,AnonymousAdomin,долг Х4☠️,хорошечно,,,поп,
32) The Verve — Bitter Sweet Symphony [Жестокие игры OST],7:12:45,GameCloser,донат,атлична - -,Фильм,,инди,
33) Alex Moukala feat. Aram Zero — RAVEVENGE [Rift of the NecroDancer OST],7:25:20,SinWarlock,долг,хорошечно,Игра,,рок / электронное / инструментал,
34) Periphery — The Bad Thing (Official Video),7:35:20,Dante6715,донат,атлична,,,метал,
35) Ado — Tell Your World (livetune feat. Hatsune Miku - Tell Your World; Cover),7:48:05,AnonymousAdomin,долг Х2,хорошечно+,,,фортепиано,
36) Alex Moukala — Om and On [Rift of the NecroDancer OST],7:53:15,SinWarlock,донат,хорошечно-,Игра,,электронное,
37) KALEO — No Good (Official Video) [ep 6; OST; Vinyl / Винил],8:03:10,Mister_Flicker,заказ,атлична-,Фильм,,рок,
38) Jean-Jacques Burnel — We Were Lovers [1 Opening Gankutsuou: The Count of Monte Cristo / Граф Монте-Кристо],8:11:25,KillerMeller,донат,хорошечно-,Аниме,,фортепиано / баллада,
39) Christina Aguilera — Beautiful (Official HD Video),8:16:30,Boevaya_riba,долг,хорошечно,,,поп / баллада,
40) Kenichiro Suehiro — Unbeatable [OST; Re:Zero - Starting Life in Another World 3rd Season / Re:Zero. Жизнь с нуля в альтернативном мире 3],8:25:55,EpicFire,донат,хорошечно++,Аниме,,оркестровое / инструментал,
41) Tanri — Not Photogenic {映えない} (Utsu-P feat. Hatsune Miku - Not Photogenic; RUS Cover),8:33:00,eu_gor,заказ,нормас+,,,метал,
"42) Tyler, The Creator feat. A$AP Rocky — WHARF TALK",8:46:50,Gogor,донат,атлична - -,,,рэп / джаз / инди,
СТРИМ №100 (8.04.25),, ,,,,,,
ДОЛГОВОЙ,, ,,,,,,
1) Saku — Aishite ita no ni {Aisheteitanoni / Even Though I Loved You / あいしていたのに} (MARETU feat. Hatsune Miku - Aishite ita no ni; Cover),18:30,vio_kim,заказ,хорошечно-,,,поп ,
2) Christina Aguilera — Ain't No Other Man (Official Video),30:55,Boevaya_riba,долг,атлична-,,,поп / фанк,
3) Gentle Giant — Schooldays (Official Audio),43:40,Liberasst,долг Х2,атлична+,,,джаз / инди,
4) Tito & Tarantula — After Dark (2015 Remaster) [OST; From Dusk Till Dawn / От заката до рассвета],1:01:10,meganekka,долг Х3💀,хорошечно+,Фильм,,поп-рок / ,
"5) Ado — Shinjinrui {New Human Race / 新人類} (marasy, JIN & kemu feat. Kagamine Rin - Shinjinrui​; Cover)",1:12:05,AnonymousAdomin,долг Х4☠️,атлична,,,поп,
6) Dante and Hema the Maids — Null Doze,1:21:55,Dante6715,долг,хорошечно,,,инди / рок,
7) Jo Blankenburg — High Octane [OST; Destiny 2],1:58:15,414Norian,долг Х2,хорошечно+,Игра,,оркестровое / инструментал,
"8) Tyler, The Creator feat. Kali Uchis — See You Again",2:12:30,Gogor,долг,атлична+,,,рэп / инди / джаз,
9) Die Antwoord — Daddy (Official Audio),2:21:15,meganekka,заказ,атлична -,,,инди / рэп / разное,
10) Snoop Dogg feat. The Doors — Riders on the Storm (Fredwreck Remix) [OST; Need for Speed: Underground 2],2:31:20,ДокухэбиТатсу,долг Х4☠️,атлична+,Игра,,рэп / поп-рок,
11) Freddie Mercury & Montserrat Caballé — The Golden Boy (Live at La Nit; 1988 Remastered),2:44:10,Static_streams_,долг,атлична+,,,рок / поп / опера/мюзикл,
12) Gareth Coker — Astarte [Darksiders Genesis OST],2:55:55,CHEBURAWKA,долг Х2,хорошечно,Игра,,оркестровое / инструментал,
13) Azari feat. flower & Kaai Yuki — Be My Guest,3:13:05,AnonymousAdomin,долг Х4☠️,атлична-,,,поп / электронное,
14) Kenichiro Suehiro — Howl of Counterattack -Main Theme- [OST; Re:Zero - Starting Life in Another World 3rd Season / Re:Zero. Жизнь с нуля в альтернативном мире 3],3:17:40,EpicFire,долг,хорошечно+,Аниме,,оркестровое / электронное / инструментал,
15) League of Legends feat. Shihori — Battle Queens - 2020 [League of Legends OST],3:29:15,SinWarlock,долг Х2,хорошечно-,Игра,,рок,
16) Таис Урумидис — На самом деле {Actually / Surface Pressure} (песня Луизы) [Энканто OST],3:42:50,Funyoka,заказ,хорошечно-,Фильм,,мюзикл/опера / поп,
17) Eric Christian — Valse Sentimentale No. 2,3:58:55,actusfide,заказ,хорошечно-,,,фортепиано / инструментал,
17.5) Импровизация от Faryma.composer по теме трека,4:06:40,Faryma.composer,,,,,,
18) And One — The Aim Is in Your Head,4:13:35,AnToteKote,долг Х2,хорошечно,,,электронное,
18.5) Общение с Faryma.composer #7,4:28:25,Faryma.composer,,,,,,
СТРИМ №99 (5.04.25),, ,,,,,,
1) Kenichiro Suehiro — Sloth {怠惰} [OST; Re:Zero - Starting Life in Another World / Re:Zero. Жизнь с нуля в альтернативном мире],9:15,EpicFire,донат,атлична-,Аниме,,оркестровое / инструментал,
2) Kenichiro Suehiro — Hymne of Despair and Atonement {絶望と贖罪のヒュムネ} [OST; Re:Zero - Starting Life in Another World / Re:Zero. Жизнь с нуля в альтернативном мире],13:40,EpicFire,донат,атлична-,Аниме,,оркестровое / инструментал,
3) Kenichiro Suehiro — Overture to the Decisive Battle {決戦の序曲} [OST; Re:Zero - Starting Life in Another World / Re:Zero. Жизнь с нуля в альтернативном мире],20:25,EpicFire,донат,атлична-,Аниме,,оркестровое / инструментал,
4) Camo & Krooked — Tagtraum,29:35,LiS0P0Tam,долг,атлична-,,,электронное,
5) Mystery Skulls — Ghost (Animated),43:15,Baikk,донат,хорошечно,,,поп ,
6) Ado — Senbonzakura {Thousands of Cherry Trees / 千本桜} (Kurousa-P feat. Hatsune Miku - Senbonzakura; Cover),53:15,AnonymousAdomin,долг Х2,хорошечно-,,,поп-рок ,
7) sashaslow — red alert,1:04:25,sashaslow,донат,нормас+,,,электронное,
8) Bohnes — Raging On A Sunday (Official Audio),1:15:45,Seattle Cloud,долг Х3💀,хорошечно-,,,поп / рок,
9) ​​issey — MoeChakkaFire {モエチャッカファイア} (Video Zenless Zone Zero Fan Song),1:25:05,Madao,заказ,хорошечно+,,,поп / рок,
10) Mystery Skulls — Freaking Out (Animated),1:35:00,Baikk,донат,хорошечно,,,поп / фанк,
11) Aimer — Stand By You,2:23:05,reet13; contrast,заказ,атлична-,,,поп-рок / инди,
12) Паша Техник — Я е**л в рот {I f**ked in the mouth},2:33:55,ayl1es,донат,кринж-контент,,,рэп,
13) 20syl & Christophe Panzani feat. La Chica — Nuevo Mondo,2:48:55,Gen_etik,заказ,атлична+,,,электронное / баллада / инди,
14) Mystery Skulls — Hellbent (Animated),3:00:30,Baikk,донат,нормас+,,,электронное / поп,
15) Myuk — Kaguya {Hana wa Kaguya / 花はかぐや},3:09:40,AnonymousAdomin,долг Х3💀,хорошечно,,,поп / фолк,
16) Lies of P feat. Seo Ja Yeong — Quixotic [Lies of P OST],3:18:50,SinWarlock,донат,атлична,Игра,,баллада / джаз ,
17) HOYO-MiX feat. Laure Shang — Befall [Honkai Impact 3rd OST],3:26:15,ДокухэбиТатсу,долг,хорошечно - -,Игра,,оркестровое / электронное,
18) Mystery Skulls — The Future (Animated),3:37:35,Baikk,донат,хорошечно+,,,электронное / поп,
19) Myuk — Black Sheep (Music Video),4:06:50,AnonymousAdomin,долг Х2,атлична,,,поп,
20) M83 — Midnight City,4:17:45,GameCloser,донат,атлична,,,электронная / поп,
21) AKINO with bless4 — Extra Magic Hour {エクストラ・マジック・アワー} [1 Opening Amagi Brilliant Park / Великолепный парк Амаги],4:26:20,Ivan_Vitalyevich,долг Х3💀,атлична,Аниме,,поп-рок,
22) Koreless — Frozen,4:38:45,Pyssell,донат,атлична,,,разное / электронное / инди,
23) Jason Walker — Down [OST; The Vampire Diaries / Дневники вампира],4:46:30,AndrLord,долг,атлична - -,Фильм,,поп / баллада,
"24) Tyler, The Creator feat. Frank Ocean & Steve Lacy — 911 / Mr. Lonely (Audio)",4:54:10,Gogor,донат,атлична-,,,рэп / джаз / инди,
25) TRUE — Sincerely [1 Opening Violet Evergarden / Вайолет Эвергарден],5:06:10,Sheruka,заказ,атлична,Аниме,,поп-рок ,
26) Jan Valta & Adam Sporka — Saint Barbara Theme [OST; Kingdom Come: Deliverance 2],5:20:00,Monstrrro,донат,атлична,Игра,,оркестровое / инструментал ,
27) Ado — The Sinking Town {沈める街} (Yoeko Kurahashi - The Sinking Town; Cover),5:26:10,AnonymousAdomin,долг Х3💀,атлична,,,разное ,
28) BEMANI Sound Team Yvya — Vitrum (Extended Mix) [Beatmania IIDX 28: Bistrover OST],5:40:10,Dante6715,донат,атлична,Игра,,метал / инструментал,
29) BABYMETAL — Catch Me If You Can (Kami band intro; LIVE PROSHOT),5:50:05,MacTepOk,долг,хорошечно,,,метал,
30) Estella (Vo.Rikka) & Elizabeth (Vo.Noa) — Ensemble for Polaris [OST; Vivy: Fluorite Eye's Song / Виви: Песнь флюоритового глаза],6:02:25,Monstrrro,донат,атлична-,Аниме,,оркестровое / баллада / фолк,
31) sumika — Unmei {Fate / 運命} [2 Opening Dungeon Meshi / Подземелье вкусностей],6:22:45,Ivan_Vitalyevich,заказ,атлична-,Аниме,,поп / инди,
32) Sebon ft. Kento Sugisaki — Tulpa,6:32:55,Dante6715,донат,хорошечно,,,метал,
33) System Of A Down — Toxicity (Official HD Video),6:48:10,Летта,заказ,атлична+,,,метал,
34) Goran Filipec — Hungarian Rhapsody No 2 (Franz Liszt — Hungarian Rhapsody No 2; Original; S.244/2),6:59:20,GameCloser,донат,гениально,,,фортепиано / инструментал,
"35) Ray Parker, Jr. — Ghostbusters [Ghostbusters OST]",7:18:40,SinWarlock,долг,атлична+,Фильм,,поп,
36) Kristofer Maddigan — Baking the Wondertart [Cuphead: The Delicious Last Course OST],7:29:50,Летта,донат,гениально,,,джаз / инструментал,
37) Пекинский Велосипед — Домино {Domino},7:41:00,wakelight,долг Х2,хорошечно+,,,инди / рок / поп-рок,
СТРИМ №98 (3.04.25),, ,,,,,,
ДОЛГОВОЙ,, ,,,,,,
1) polnalyubvi — Твои глаза {Your Eyes},9:10,pavels1221,долг,хорошечно++,,,поп,
2) CaptainSparklez feat. TryHardNinja — Revenge (Minecraft Music Video Spotlight),19:50,Eagler,заказ,ну такое+,,,поп,
2.5) Слушаем Minecraft Rap от Faryma.composer,30:15,Faryma.composer,,,,,,
3) Yumi Matsutoya — The Girl Is a Time Traveler / Toki wo Kakeru Shoujyo [OST; The Little Girl Who Conquered Time / Toki o Kakeru Shoujo 1983 г.],35:20,ShadeR_93,долг Х2,хорошечно+,Фильм,,поп,
4) Selestinskiy — Dreamscape Reverie,44:50,Selestinskiy,долг Х3💀,нормас,,,электронное,
5) Kevin Penkin — Irregular God (Official OST+Visualiser) [OST; Tower of God / Башня Бога],55:10,абоба,долг,атлична,Аниме,,оркестровое / электронное / инструментал,
6) MILGRAM MIKOTO feat. Natsuki Hanae — MeMe,1:05:45,natsuki_05,долг Х2,атлична-,,,метал / инди,
7) Yoeko Kurahashi — Tomadachi no Uta {友達のうた},1:15:50,Madao,долг Х3💀,атлична-,,,поп / фанк,
"8) Tyler, The Creator — I Killed You",1:27:55,Gogor,долг,атлична+,,,электронное / рэп / инди,
9) Jacob Collier — In the Bleak Midwinter,1:50:00,ziksp,заказ,атлична,,,разное / джаз,
9.5) Импровизация от Faryma.composer по теме трека,2:06:30,Faryma.composer,,,,,,
10) Charlie Clouser — Main Titles(Dead Silence) [Dead Silence OST],2:35:10,Sammy Willbur,заказ,атлична - -,Фильм,,оркестровое / инструментал,
11) Sān-Z & HOYO-MiX feat. Shoohey — Picture Book {Книжка с картинками} (Asaba Harumasa EP) [Zenless Zone Zero OST],2:41:40,kapslet,долг,атлична - -,Игра,,поп-рок / поп,
12) Selestinskiy — Eternal Reveri,2:48:30,Selestinskiy,долг Х2,нормас+,,,поп / инди / оркестровое / инструментал,
13) Sana — A Promise That Doesn't Need Words {Kotoba no Iranai Yakusoku / 言葉のいらない約束} [33 Ending Naruto: Shippuuden / Наруто: Ураганные хроники],2:56:30,ОаО аО,долг Х3💀,нормас++,Аниме,,поп-рок / поп,
14) Lies of P — Fascination(Instrumental Version) [Lies of P OST],3:03:15,SinWarlock,долг,хорошечно++,Игра,,инструментал / фортепиано / оркестр,
15) Jacob Collier — Flintstones (The B-52's - Meet ; Cover) [The Flintstones OST],3:13:40,ziksp,заказ,гениально - -,,,разное / джаз,
16) Евгений Егоров — L’Assasymphonie (Mozart L'Opéra Rock - L'assasymphonie; RUS Cover),3:22:35,ponomalina,долг Х3💀,атлична-,,,метал,
17) Paul Romero & Rob King — Terrain - Dirt (Theme) [Heroes of Might and Magic V OST],3:31:50,GameCloser,долг,нормас++,Игра,,инструментал / оркестровое,
18) Selestinskiy — Whispers of Tomorrow,3:38:40,Selestinskiy,долг Х2,хорошечно-,,,фортепиано / баллада,
19) Mozart L'Opéra Rock — L'assasymphonie,3:46:10,meganekka,долг Х3💀,хорошечно+,,,мюзикл / опера,
19.5) Импровизация от Faryma.composer,3:56:20,Faryma.composer,,,,,,
СТРИМ №97 (1.04.25),, ,,,,,,
😵🥵КРИНЖ-СТРИМ 🥶🤪,, ,,,,,,
1) Taku Iwasaki — Burning Men’s Soul {Moeru Otoko no Tamashī / 燃える漢の魂} [OST; Persona: Trinity Soul / Персона: Душа троицы],13:35,Svd_bb,заказ,хорошечно+,Аниме,,рэп / фанк,
2) Игрооргии — Последний Обзор (School 13; Эпизод 27 - Tomb Raider),21:00,fallensxde,заказ,нормас+,,,рок,
3) Elovir — Call O SOS Ochka,27:05,Elovir,заказ,ну такое,,,рэп,
4) Тот Самый — Человек-яйца {Ballsman},36:00,GameCloser,заказ,кринж-контент+,,,рэп,
5) Howletowl — Адепт Сяо (Ремикс),46:40,EpicFire,заказ,ну такое,,,электронное,
6) Кандализа Star — Плюнь мне (Короткая),53:55,laitsberg,заказ,хорошечно - -,,,поп / баллада,
7) МС ПОХ — Банька,1:16:25,GameCloser,донат,кринж-контент++,,,рэп,
8) Ancord — Wrong Hole {Сунул не туда / Присунул не туда!} (DJ Lubel - Wrong Hole; Original),1:23:50,laitsberg,донат,кринж-контент,,,поп / баллада,
9) NymN — ZULU CHILDREN (Robert Miles - Children; Original),1:31:45,actusfide,заказ,ну такое,,,электронное,
"10) Путь вакалиста — What's up, people?! (MAXIMUM THE HORMONE - What's up, people?!; RUS Cover) [2 Opening Death Note / Тетрадь смерти]",1:40:35,Sammy Willbur,донат,кринж-контент++,Аниме,,метал,
11) Hentai — S3RL (CENSORED; even more),1:43:30,Eagler; lombada_rola,заказ,хорошечно,,,поп / электронное,
12) Empire of Geese — HARD DRIVE Мудатон (Гоблинская Версия),1:49:15,wersivisi,заказ,нормас++,,,поп-рок / поп,
13) HumanStarDust — Sono Hanabira ni Kuchizuke wo (Mixed) [Visual Novel; Kiss For The Petals / そのFLOWERにくちづけを],1:57:45,actusfide,донат,нормас+,,,разное / электронное,
14) fionaleksandrovnaa — Сумасшедший {Crazy} (ВИА Гра - Сумасшедший; Cover),2:06:50,sniffd,донат,нормас++,,,поп,
15) AronChupa & Little Sis Nora — Hole in the Roof (Official Music Video),2:12:25,AlexanderMSK,донат,хорошечно+,,,поп,
16) daryana & daybe — Заставлял {Forced} (Lyriq Video),2:22:55,sniffd,донат,ну такое,,,поп,
17) Газовая Ебля — Сахарный труп {Sugar corpse},2:37:25,Verzweiflung12,донат,ну такое,,,электронное,
18) AleXDarkstalker98 — Девка без руки {Girl without hand},2:40:40,actusfide,донат,атлична-,,,рэп,
19) Кровосток — Цветы в вазе {Flowers in a Vase},2:51:40,sniffd,донат,хорошечно,,,рэп,
20) Пурген — FcDonalds,3:01:05,actusfide,донат,ну такое-,,,рок,
21) Дископровокация — Света и Олег,3:06:40,AlexanderMSK,донат,ну такое,,,поп,
22) The Beatles — Revolution 9 (Remastered 2009),3:13:50,Dem1dd,донат,нормас,,,разное,
23) Ломовой — Трахаюсь С Трудом,3:28:20,MacTepOk,донат,хорошечно,,,мюзикл/опера,
"24) Мой Друг Трактор — Два. Песня милиционера (Из к/ф ""Два"") [Два OST]",3:35:45,AnToteKote,заказ,кринж-контент,Фильм,,поп / фанк,
"25) Кобыла и Трупоглазые Жабы Искали Цезию, Нашли Поздно Утром Свистящего Хна — Китоглав {Shoebill}",3:40:55,ShadeR_93,донат,кринж-контент,,,рок,
26) Udio Ai — Говновоз уехал в Need for Speed: Underground (Lil Jon & The East Side Boyz feat. Ying Yang Twins - Get Low; Ai Cover) [Need for Speed: Underground OST],4:09:30,EpicFire,заказ,атлична - -,Игра,,поп / рэп,
"27) Кобыла и Трупоглазые Жабы Искали Цезию, Нашли Поздно Утром Свистящего Хна — Титаномахия {Titanomachy}",4:14:35,ShadeR_93,донат,ну такое-,,,рок,
28) Тимати feat. Ратмир — Детка я хочу тебя {Lucifer vs  Я хочу тебя детка} (SHINee - Lucifer; клип),4:22:55,kumashisan; Svd_bb,заказ,кринж-контент,,,поп,
29) Гражданская Оборона — Понос-апофеоз Понос-апофеоз {Diarrhea-apophtheosis},4:27:20,Mapperino,донат,нормас,,,разное,
30) Salvatore Ganacci — Horse (Official Music Video),4:29:05,SinWarlock,донат,ну такое+,,,электронное,
"31) Нурминский — Валим {Valim} (Right Version♂, Gachi Remix)",4:33:45,Mapperino,донат,ну такое+,,,поп,
"32) The Warblers — Dalabengba {Da La Beng Ba / 达拉崩吧 / 達拉崩吧} (​ilem feat. Luo Tianyi & YANHE - Dalabengba; RUS Cover) [FMV по фандому: Система ""Спаси-себя-сам"" для главного злодея / Scum Villain Self-saving System]",4:40:30,Yun,донат,ну такое - -,,,поп,
33) АК-47 — Азино 777 {Azino777 / Азино три топора} (удалённый клип),4:49:00,Monstrrro,донат,ну такое++,,,поп,
34) Midori — Himitsu No Futari {ひみつの2人} (2008 Live at Hibiyayaon),4:52:05,scuk0_bl1n,донат,нормас++,,,инди,
35) Muse — Take a Bow [Trailer; Watchmen / Хранители],4:59:15,Акума,заказ,хорошечно-,Фильм,,рок / поп-рок / инди,
36) ivanzolo2004 — Лаванда {Lavender},5:06:25,Cybrex,заказ,кринж-контент+,,,поп,
37) John Robinson — Kecak [beatmania IIDX 11 IIDX RED OST],5:11:05,eHrAm1AV,донат,хорошечно+,Игра,,электронное / инструментал,
38) Драгни — Не валяй дурака {Don't fool around},5:15:05,Baikk,донат,атлична,,,поп / инди,
39) LarMoV — Пароль - ТЕТРИАНДОХ (GOTHIC RAP),5:21:00,ДокухэбиТатсу,донат,хорошечно,,,разное / рэп,
40) Kurt Cobain — Beans,5:26:35,ArtOkno_LG,заказ,кринж-контент,,,разное,
41) AleXDarkstalker98 — Пацаны рано взрослеют {Boys Grow Up Early},5:29:40,Seattle Cloud,заказ,нормас,,,рэп,
42) НЕ ЗАПОМИНАЙ — НАРКО-МАНИЯ {Новая мания / New mania} (JF Voice - Новая мания; Cover; ПЕРЕОЗВУЧКА),5:35:30,Boevaya_riba,заказ,нормас+,,,инди / поп / разное,
СТРИМ №96 (30.03.25),, ,,,,,,
БЛАГОТВОРИТЕЛЬНЫЙ,, ,,,,,,
1) Mnogoznaal — Рестарт {Restart},9:05,@AlexPilotRRJ95,очередь,нормас+,,,рэп,
2) Alice In Chains — Would? (Official HD Video),20:40,@wnkd1,очередь,атлична-,,,рок,
3) Infected Mushroom — In Front of Me,30:35,@Mirialliya,очередь,атлична,,,инди / рок / метал,
4) Borislav Slavov — Main Theme Part I [Baldur's Gate 3 OST],39:45,@beznadejnyi,очередь,хорошечно+,Игра,,оркестровое / инструментал,
5) MAXIMUM THE HORMONE — KAMIGAMI {神噛} [1 Opening Record of Ragnarok / Повесть о конце света],47:50,Sammy Willbur,очередь,нормас+,Аниме,,метал,
6) Fan Ka & Bai Sha JAWS — THE TIDES (ПОВТОР: СТРИМ № 46; 13 трек от KenRaise)  [1 Ending Link Click Season 2 / Агент времени 2],55:25,@Andy_DeWitt,повтор,атлична - -,Аниме,,поп,
7) Houkago Tea Time — Kira Kira Days [OST; K-On!! 2nd Season / Кэйон!!],1:07:50,ziksp,очередь,хорошечно+,Аниме,,поп-рок,
8) ELIZAVETA DE ELFIS — LIE FIN BATTLE ENDS,1:19:10,@elizavetadeelfis,очередь,нормас+,,,электронное / разное,
9) В'ячеслав Кукоба — Кабанчик {Little boar},1:30:00,@homa_tu,очередь,хорошечно -,,,поп ,
10) Ten Years After — I'd Love to Change the World,1:40:40,@vito_skalletta,очередь,хорошечно ++,,,рок,
11) Keiichi Okabe — Song of the Ancients / Devola and Popola [NieR Gestalt & Replicant OST],1:50:25,@name127zHs,очередь,хорошечно-,Игра,,баллада,
12) Альянс — На заре {At Dawn} (1987 г.),2:17:10,@cringiest_weeaboo,очередь,атлична+,,,поп,
13) Samyula & The Spring Ensemble — Infinity,2:35:30,@Tomas_too01,очередь,хорошечно - -,,,оркестровое / фортепиано,
14) Tatsuya Kitani — Scar {スカー} (Lyric Video) [1 Opening Bleach: Thousand-Year Blood War / Блич: Тысячелетняя кровавая война],2:45:20,@K_T_O_T_o_0_0,очередь,атлична,Аниме,,рок,
15) hearse187 — COD type orchestral,2:58:00,@hearse187,очередь,ну такое,,,оркестровое / инструментал,
15.5) Слушаем трек от Faryma.composer,3:10:15,Faryma.composer,,,,,,
"16) TeddyLoid — Fly Away (Transformation Song) [OST; Panty & Stocking with Garterbelt / Труська, Чулко и пресвятой Подвяз]",3:14:45,@Denis_e_87,очередь,хорошечно,Аниме,,электронное,
17) Måneskin — CORALINE,3:19:30,@jamatar,очередь,атлична,,,рок,
"18) Hilary Summers feat. Kemi Ominiyi & The R'SVP Voices — So Long, And Thanks For All The Fish [The Hitchhiker's Guide to the Galaxy OST]",3:29:55,meganekka,очередь,атлична+,Фильм,,мюзикл / опера,
19) BAND-MAID — Zen [1 Opening Zenshuu. / Полное исследование],3:36:50,@AKTiRi15,очередь,хорошечно+,Аниме,,рок,
20) HOYO-MiX feat. Aimer — The Road Not Taken (Animated Short) [Genshin Impact OST],3:42:00,Enotishche,очередь,атлична+,Игра,,оркестровое / баллада,
21) Reno Wang Zhengliang — Extraordinary {Bu Fan / 不凡} [1 Opening A Mortal's Journey: The Beginning / Путешествие к бессмертию],3:49:00,@vvvooovvvv,очередь,хорошечно-,Аниме,,фолк / рок,
22) Mother Mother — Hayloft I (Official Video),4:15:55,@canihaveacupofcoffee,очередь,атлична,,,инди / рок,
23) 24kGoldn feat. iann dior — Mood (Official Video),4:23:50,@stepahska228,очередь,хорошечно,,,поп,
24) Royal Scandal feat. Jakusansei — Magic Ring Night {マジックリングナイト},4:30:10,Yun,очередь,хорошечно-,,,поп / инди,
25) cosMo@Bousou-P feat. Hatsune Miku — Yaminabe!!!! {Dark Hot Pot!!!! / ヤミナベ!!!!} [Project Sekai OST],4:43:10,@LanVi_Nguen,очередь,хорошечно,Игра,,разное / инди / электронное,
26) Electric Callboy — Elevator Operator (Legendado PT BR),4:51:05,@maxxspb,очередь,хорошечно++,,,метал / поп,
27) Kobayashi Yuu — HANAJI [1 Opening Maria†Holic / Мария Холик],4:58:15,@Zagadochniy_Pretendent,очередь,хорошечно,Аниме,,поп / джаз ,
28) Villagers — A Trick of the Light,5:09:40,@paripuripu,очередь,хорошечно+,,,инди / баллада,
29) Cigarettes After Sex — Apocalypse,5:19:20,@jerryblud,очередь,хорошечно,,,поп / баллада,
30) Small Black — Boys Life,5:28:40,@BadWolfWorker,очередь,хорошечно,,,поп,
31) The Chordettes — Mr. Sandman,5:39:30,@Camar34,очередь,гениально,,,джаз,
32) Sasuke Haraguchi feat. Kasane Teto — Hito Mania {Human Enthusiast / 人マニア},5:45:50,mx14,очередь,атлична - -,,,электронное,
33) Casey Edwards feat. Cliff Lloret & Ali Edwards — Devil Trigger (Nero's battle theme) [Devil May Cry 5 OST],5:57:20,oppux,очередь,хорошечно,Игра,,метал / электронное,
34) Keiro Keer feat. KEIRO AI v140 — Darling {Милый / ダーリン} (MARETU feat. Hatsune Miku - Darling; RUS Cover),6:13:50,eurodance_with_cat,очередь,нормас-,,,поп,
СТРИМ №95 (29.03.25),, ,,,,,,
1) Queen — Let Me In Your Heart Again (Album Version),8:20,Static_streams_,заказ,хорошечно++,,,рок / баллада,
2) ДДТ — Тень на стене {Shadow on the wall} (Творчество в пустоте. Аудио),23:45,Napporaivo,заказ,хорошечно++,,,баллада / инди,
3) Justin Scharvona — Buck Bumble Main Theme [Buck Bumble OST],40:55,Svd_bb,заказ,атлична - -,Игра,,электронное ,
4) Sean Murray — Russian Theme [Call of Duty: World at War OST],48:15,defendyears,долг,хорошечно++,Игра,,оркестровое / инструментал,
5) Elton John — Sorry Seems To Be The Hardest Word (Live at the Royal Opera House - 2002),1:03:30,Oldfanmusic,донат,атлична-,,,баллада / оркестровое / поп,
6) Yoshihisa Hirano — Low of Solipsism [OST; Death Note / Тетрадь смерти],1:13:45,абоба,долг Х2,атлична+,Аниме,,оркестровое / инструментал,
"7) Lies of P — Proposal, Flower, Wolf Part 1 (Golden) [Lies of P OST]",1:21:35,SinWarlock,донат,атлична,Игра,,шансон / поп,
8) Queen — You Take My Breath Away (Official Lyric Video),1:30:35,Static_streams_,заказ,гениально,,,баллада / поп,
9) Boulevard Depo — COOLA,1:41:40,ayl1es,донат,хорошечно-,,,рэп,
10) Ai Higuchi — If Filled With Rain {雨が満ちれば},2:20:05,mage10; Enotishche,заказ,атлична,,,инди / поп,
"11) Keiji Inai — Kokonoe {ココノエ} [OST; DanMachi 4th Season and 5th Season/ Может, я встречу тебя в подземелье? 4 и 5]",2:31:40,AlexanderMSK,донат,хорошечно++,Аниме,,фолк / оркестровое,
12) Yuria Miyazono — A Fairy Tale (Rinascita Introduction; Remastered 2025) [Wuthering Waves OST],2:41:00,Madao,заказ,атлична - -,Игра,,оркестровое / баллада,
13) Созвездие Отрезок — Нижегородская {Nizhegorodskaya},2:56:20,ayl1es,донат,атлична,,,инди / баллада ,
14) Queen — Great King Rat (2024 Mix),3:05:10,Static_streams_,долг Х2,атлична-,,,рок,
"15) Tyler, The Creator feat. Daniel Caesar — St. Chroma",3:19:10,Gogor,донат,атлична+,,,рэп / джаз,
16) Hoshimachi Suisei — Caramel Pain (official),3:30:55,Madao,долг,атлична,,,поп ,
17) Моральный кодекс — Первый снег {First snow},3:39:40,ayl1es,донат,хорошечно-,,,поп / баллада,
"18) K/DA feat. Madison Beer, (G)I-DLE, Jaira Burns — POP/STARS (League of Legends World Championship 2018)",3:51:30,meganekka,долг Х2,атлична,Игра,,поп ,
"19) Tyler, The Creator — Mask Is Off: Chromakopia (мини-документальный фильм; сцены из процесса записи альбома Chromakopia)",4:18:15,Gogor,донат,атлична,,,разное,
19.5) Слушаем трек от Faryma.composer,4:34:15,Faryma.composer,,,,,,
20) Elisa Rosselli — Magia di Winx [Winx Club OST],4:47:35,Sendy Polaris; anna_251999,заказ,хорошечно,Фильм,,поп-рок,
21) REKA REKA — Гофман,4:55:20,LiS0P0Tam,донат,хорошечно++,,,инди,
22) DIR EN GREY — ZAN {Remains / 残},5:05:15,НеАноним(фанат декскора),заказ,хорошечно-,,,метал / разное,
23) MGMT — Kids (Official HD Video),5:19:20,Monstrrro,донат,атлична - -,,,поп,
24) Hot Mulligan — End Eric Sparrow and the Life of Him,5:32:50,wakelight,долг,атлична,,,рок,
25) Samurai Pizza Cats feat. Nico Sallach of Electric Callboy — Pizza Homicide,5:41:00,Игорь К,донат,нормас++,,,метал,
26) SPYAIR — I'm a Believer {アイム・ア・ビリーバー} [1/3 Opening Haikyu!! 2nd Season / Волейбол!! 2],6:05:30,AndrLord,заказ,хорошечно-,Аниме,,рок / поп-рок,
27) FLOW — COLORS [1 Opening Code Geass: Lelouch of the Rebellion / Код Гиас: Восставший Лелуш],6:14:55,ShadeR_93,донат,хорошечно - -,Аниме,,рок,
28) Ace of Base — All That She Wants (Official Music Video),6:27:20,Napporaivo,заказ,атлична,,,поп,
29) The Rock Orchestra feat. Erin Fox — Zombie (The Cranberries - Zombie; Cover),6:36:25,Игорь К,донат,хорошечно,,,оркестровое,
30) Selestinskiy — Silent Echoes,6:51:10,Selestinskiy,долг Х2,нормас+,,,оркестровое / инструментал,
31) Led Zeppelin — Whole Lotta Love (Official Music Video),7:01:55,GameCloser,донат,хорошечно,,,рок,
32) Johnny Hates Jazz — Shattered Dreams (Official Music Video),7:11:55,ShadeR_93,долг,хорошечно,,,поп,
33) Slipknot — Snuff (OFFICIAL VIDEO),7:20:50,Игорь К,донат,атлична+,,,рок / баллада,
34) ГитарыStereo — DJ Loser (1999 г.),7:30:45,AlexLih,долг Х2,атлична - -,,,инди / поп,
35) Krypteria — The Promise,7:39:25,anna_251999,донат,нормас,,,метал,
35.5) Nightwish — The Poet And The Pendulum,7:54:30,Faryma.composer,,,,,,
36) DenDerty — main theme [Knitted Deer OST],8:00:10,Boevaya_riba,долг,хорошечно+,Игра,,электронное / инструментал,
37) The Hatters & TRITIA — Где-то там {Somewhere Out There} (The Hatters Studio),8:08:10,Игорь К,донат,хорошечно+,,,рок / фолк,
38) Selestinskiy — Wings of Love,8:15:50,Selestinskiy,долг Х2,хорошечно+,,,баллада / джаз,
39) Darren Korb feat. Ashley Barrett — In the Flame [Pyre OST],8:21:15,SinWarlock,донат,хорошечно+,Игра,,баллада / фолк / инди,
СТРИМ №94 (25.03.25),, ,,,,,,
ДОЛГОВОЙ,, ,,,,,,
"1) Andrew Davis feat. BBC Symphony Chorus, BBC Symphony Orchestra & Bryn Terfel — Rule, Britannia! (British Patriotic Song; Live)",6:10,Jerlybud,долг,хорошечно,,,оркестровое ,
2) АУРА — На тонком льду (Lyric Video),17:00,ShadeR_93,долг Х2,хорошечно -,,,инди / поп,
3) Marcin Przybylowicz & Percival — The Fields of Ard Skellig [The Witcher 3: Wild Hunt OST],28:40,GameCloser,долг,хорошечно-,Игра,,фолк / баллада,
"4) Tyler, The Creator feat. Lola Young — Like Him",38:20,Gogor,долг Х2,атлична -,,,инди / поп / джаз,
5) Lies of P feat. Seo Ja Yeong — Divine Service [Lies of P OST],1:00:40,SinWarlock,долг,атлична -,Игра,,фолк / инструментал,
"6) Kenichi Ikeda & Nobuo Maeda — Hashire Uma Musume {Run, Horse Girls / 走れウマ娘} (Vocals: Azumi Waki, Marika Kohno, Machico, Hitomi Ueda, Naomi Ohzora, Yui Watanabe, Yukiyo Fujii, Satomi Akesaka) [OST; Uma Musume: Pretty Derby / Девушки-пони: Славное дерби]",1:08:20,ShadeR_93,долг Х2,атлична - -,Аниме,,фолк / поп,
7) Imagine Dragons — Selene,1:18:15,Boevaya_riba,заказ,атлична -,,,инди / поп,
8) nonoc — Believe in you [1/4 Ending Re:Zero - Starting Life in Another World 2nd Season Part 2 / Re:Zero. Жизнь с нуля в альтернативном мире 2. Часть 2],1:29:05,AndrLord,долг,хорошечно -,Аниме,,поп,
9) Kevin Penkin — The Rising of the Shield Hero [OST; The Rising of the Shield Hero / Восхождение героя щита],2:03:35,абоба,долг Х2,хорошечно ++,,,оркестровое / инструментал,
10) Lies of P — Shadow Flower [Lies of P OST],2:14:05,SinWarlock,долг,атлична+,Игра,,баллада / шансон,
11) HOYO-MiX — King Father of All & To All Things Strifeful (Nikador Boss Theme) [Honkai: Star Rail OST],2:23:50,EpicFire,долг Х2,хорошечно+,Игра,,электронное / инструментал / оркестровое,
"12) Ai SUNBOY — Out For Love (Andrew Underberg, Sam Haft & Daphne Rubin-Vega - Out For Love; Ai Cover)",2:37:35,Monstrrro,долг,нормас+,,,поп,
13) Yoshihisa Hirano — Hegemony of the Food [OST; Hunter x Hunter / Охотник х Охотник (2011)],2:44:05,абоба,долг Х2,гениально,Аниме,,оркестровое / инструментал,
14) FamilyJules — Trial of Thunder [Crypt of the Necrodancer OST],2:59:15,SinWarlock,долг,нормас+,Игра,,метал,
15) Kenichiro Suehiro — Takt of Heroes [OST; Re:Zero - Starting Life in Another World 2nd Season / Re:Zero. Жизнь с нуля в альтернативном мире 2],3:08:55,EpicFire,заказ,гениально - -,Аниме,,оркестровое / инструментал,
16) Spangle call Lilli line — nano - TK kaleidoscope Remix (Official Music Video),3:20:15,contrast,долг,гениально - -,,,инди / поп-рок,
17) Yoshihisa Hirano — Kyrie Ⅱ [OST; Death Note / Тетрадь смерти],3:41:35,абоба,долг Х2,атлична,Аниме,,баллада / разное ,
18) Король и Шут — Дочка вурдалака (Vampire’s Daughter),3:50:25,SinWarlock,долг,хорошечно-,,,рок,
19) BABYMETAL — Yava! {ヤバッ!} (Kami band intro; Live),4:01:30,MacTepOk,долг Х2,хорошечно-,,,метал / поп,
20) Kenichiro Suehiro — Chain of Memories [OST; Re:Zero - Starting Life in Another World / Re:Zero. Жизнь с нуля в альтернативном мире],4:18:10,EpicFire,долг,хорошечно+,Аниме,,оркестровое / инструментал,
20.5) Импровизация от Faryma.composer,4:26:35,Faryma.composer,,,,,,
21) Yoshihisa Hirano — Death Note Theme [OST; Death Note / Тетрадь смерти],4:43:00,абоба,долг Х2,атлична-,Аниме,,оркестровое / инструментал,
"22) Александр Башлачёв — Когда мы вдвоём (единственная запись; ""последний концерт"" 29.01.88)",4:50:35,pavels1221,долг,хорошечно-,,,баллада / инди,
СТРИМ №93 (22.03.25),, ,,,,,,
1) TROPIKANA — Занавесъ,10:10,Макс,донат,хорошечно+,,,рок / поп-рок,
2) ​jon-YAKITORY feat. Ado — Shikabanese {シカバネーゼ},24:20,AnonymousAdomin; vio_kim,долг,хорошечно+,,,поп-рок,
3) KOTOKO — Wing my Way [Farland Symphony OST],41:35,egorkasprigorca,донат,нормас,Игра,,поп,
4) Selestinskiy — Shadowed Dreams,58:20,Selestinskiy,долг,атлична - -,,,рок,
5) Karina Gretere — Title Theme [Zanzarah: The Hidden Portal OST],1:12:40,anna_251999,донат,хорошечно+,Игра,,оркестровое / фолк,
6) Steam Powered Giraffe — It's Not the Way [SteamWorld Heist II OST],1:24:10,SinWarlock,долг,хорошечно+,Игра,,фолк / инди / баллада,
7) SHE'S — Ugly,1:33:30,Susudzubashi,донат,хорошечно,,,фанк / поп / рок,
8) Farya Faraji — Hikanatoi (Epic Byzantine Music),2:00:05,Jerlybud,долг,хорошечно+,,,оркестровое / баллада / фолк,
9) Morphine — Empty Box,2:14:50,actusfide,заказ,хорошечно-,,,джаз / инди,
10) ONE OK ROCK — Take What You Want (Live; Ambition Tour Japan Dome 2018),2:25:30,kapslet,донат,хорошечно+,,,рок / поп-рок,
11) FamilyJules — Elusional (Official Music Video) [Rift of the NecroDancer OST],2:38:25,SinWarlock,долг,хорошечно,Игра,,инструментал,
12) Tinavie — 7778,2:45:05,actusfide,донат,атлична,,,джаз / инди,
13) WING — Dopamine (BEATBOX),2:55:50,laitsberg,заказ,атлична-,,,разное,
14) Queen — I Want It All (Official Video Remastered),3:05:45,Static_streams_,долг,атлична,,,рок,
"15) Gérard Presgurvic feat. Grégori Baquet, Philippe d’Avilla & Damien Sargue — Les Rois du monde (часть французского мюзикла «Ромео и Джульетта: От ненависти до любви» / Romeo et Juliette: de la Haine à l'Amour)",3:25:35,sniffd,донат,атлична,,,мюзикл/опера,
16) Alex Moukala — Amalgamaniac [Rift of the NecroDancer OST],3:34:20,SinWarlock,долг,хорошечно-,Игра,,электронное / инструментал,
17) Tatsh — Image - Material - (Version 0) [Osu! OST],3:43:30,Susudzubashi,донат,нормас,Игра,,рок,
18) Benny Benassi — Satisfaction (4K),4:05:30,Летта,долг,хорошечно,,,электронное,
18.5) Общение с Faryma.composer #6,4:14:40,Faryma.composer,,,,,,
19) The Prodigy — Out of Space,4:25:00,actusfide,донат,атлична - -,,,электронное,
20) Jules Conroy — Necro Sonatica [Rift of the NecroDancer OST],4:37:00,SinWarlock,долг,хорошечно - -,Игра,,рок / инструментал,
21) The Parakit feat. Alden Jacob — When I Hold You (Official Video),4:47:25,sniffd,донат,атлична -,,,поп,
22) Loathe — A Sad Cartoon (OFFICIAL AUDIO STREAM),4:55:55,graf_trahula1337,заказ,атлична - -,,,метал,
23) Stephen Weigel — Caftaphata (LΛMPLIGHT - Caftaphata; transcribed; Microtones + Conlang),5:09:55,Dem1dd,заказ,гениально -,,,разное,
24) Danny Baranowsky — Final Fugue [Rift of the NecroDancer OST],5:25:55,SinWarlock,долг,нормас+,Игра,,рок / инструментал,
25) The Prodigy — Invaders Must Die (Official Video),5:53:00,sniffd,донат,атлична -,,,электронное,
26) HOYO-MiX — Inevitable Conflict (The Chasm Battle Theme; Orchestral Concert 2023; Official Shanghai Performance Recording) [Genshin Impact OST],6:04:00,Летта,долг,хорошечно,Игра,,оркестровое / инструментал,
27) Velvet — Rock Down To(Electric Avenue),6:14:45,actusfide,донат,хорошечно - -,,,поп / фанк,
28) Imagine Dragons — Uptight,6:25:20,Boevaya_riba,заказ,хорошечно+,,,поп / инди,
29) Rammstein — Ohne dich,6:35:40,SinWarlock,заказ,хорошечно,,,метал / баллада,
30) Boostee — Pop Corn (Clip officiel),6:44:40,sniffd,донат,нормас+,,,поп / рэп,
31) Raon — Wiggle Wiggle {クネクネ},6:54:15,AndrLord,долг,атлична -,,,поп,
32) Curta'n Wall feat. Elvya — Siege Ubsessed!,7:04:35,Залупенец,донат,кринж-контент+ (сломали композера),,,метал / фолк / разное,
32.5) ГавнидА feat. Boris Balykov — Обоссаный Грааль (2020),7:15:15,Faryma.composer,,,,,,
33) Sleep Token — Chokehold,7:17:25,Creativdi0nis,долг,атлична -,,,метал,
34) Burak Yeter feat. Danelle Sandoval — Tuesday,7:28:25,sniffd,донат,нормас+,,,поп,
35) Aphex Twin — Omgyjya-Switch7 [Children of Men OST],7:37:10,Dem1dd,долг,атлична,Фильм,,электронное / инструментал / разное,
36) Lisa Miskovsky — Still Alive [Mirror's Edge Catalyst OST],7:46:15,GameCloser,донат,нормас+,Игра,,поп,
СТРИМ №92 (18.03.25),, ,,,,,,
ДОЛГОВОЙ,, ,,,,,,
1) Kankaku Piero — HIBANA [Opening Tales of Arise],10:10,eluneprist,долг,атлична - -,Игра,,рок,
2) Cö shu Nie — give it back [2 Ending Jujutsu Kaisen / Магическая битва],29:05,qwerty_24661,заказ,атлична -,Аниме,,поп / инди,
"3) Keiji Inai — Argo Vesta {Tinplate's Dance / 聖火の英斬} [ep 5; OST; DanMachi 4th Season / Может, я встречу тебя в подземелье? 4]",39:15,AlexanderMSK,долг,хорошечно-,Аниме,,оркестровое / инструментал,
4) Kumi Miyasato — Senakagoshi Ni Sentimental {背中ごしにセンチメンタル} [OST; Megazone 23 / Мегазона 23],52:40,Sheruka,заказ,атлична - -,Аниме,,поп,
4.5) Странное местечко - Когда жалеешь о выборе класса в игре,1:04:45,Faryma.composer,,,,,,
5) Gigi D'Agostino — L'amour Toujours {I'll Fly with You} (Tanzen Vision Rmx; New Hymn of Europe),1:10:15,Jerlybud,долг,нормас,,,электронное / поп,
6) Woodkid — Guns for Hire [OST; Arcane: League of Legends / Аркейн],1:18:05,meganekka,долг Х2,атлична,Аниме,,оркестровое,
7) Imagine Dragons — Friction,1:26:00,Boevaya_riba,заказ,атлична,,,рок / поп-рок / инди,
8) Rammstein — Sonne,1:34:40,GameCloser,долг,гениально - -,,,метал,
9) LarMoV — НЕ ГРАЖДАНИН (GOTHIC RAP),1:49:30,ДокухэбиТатсу,заказ,хорошечно,,,разное,
"10) Andrew Underberg, Sam Haft, Keith David & Blake Roman — Loser, Baby [Hazbin Hotel OST]",2:09:10,Aleks kun,долг,хорошечно+,,,мюзикл/опера,
"11) Bring Me The Horizon — Go To Hell, For Heaven's Sake (Live at the Royal Albert Hall)",2:17:30,reet13,заказ,хорошечно,,,метал / оркестровое,
12) Kana Hanazawa — Marathon {マラソン},2:30:30,ShadeR_93,долг,хорошечно-,,,поп-рок,
13) Barry Manilow — Can't Smile Without You,2:42:40,actusfide,заказ,хорошечно+,,,джаз,
14) ClascyJitto — Wudpecker (Gnome Forest B) [Pizza Tower OST],2:51:10,eurodance_with_cat,заказ,хорошечно,Игра,,инди / электронное / инструментал,
14.5) Общение с Славой КПСС #7,2:59:40,Faryma.composer,,,,,,
15) Taku Iwasaki — Stella [OST; Shironeko Project: Zero Chronicle / Проект «Белая Кошка»],3:10:20,anna_251999,долг,атлична,Аниме,,поп,
16) Сергей Маврин — Стрелы в небо,3:18:10,bibiboy,долг Х2,нормас,,,метал,
"17) Andrew Underberg, Sam Haft, Erika Henningsen, Shoba Narayan, Patina Miller, Jessica Vosk & Stephanie Beatriz — You Didn’t Know [Hazbin Hotel OST]",3:33:55,Aleks kun,долг,хорошечно-,,,мюзикл/опера,
18) Dimrain47 — At The Speed Of Light [Geometry Dash OST],3:45:50,wersivisi,заказ,хорошечно-,Игра,,электронное / инструментал,
19) Riria. — Shikisai {色彩} [OST; Bubble / Пузырь],4:07:40,anna_251999,долг,хорошечно+,Фильм,,поп / баллада,
20) СЕРЕГА ПИРАТ & Barikader — как же он силён {how powerful he is},4:18:50,Svd_bb,заказ,хорошечно,,,поп-рок / рок,
21) Aara — Felsensang,4:26:40,Залупенец,долг,хорошечно-,,,метал,
22) Ольга Кормухина — Я не твоя,4:41:55,bibiboy,долг Х2,атлична,,,метал,
23) Random — 8 Bit (Rock) [MHzы OST],4:55:30,SinWarlock,долг,ну такое+,,,метал,
СТРИМ №91 (15.03.25),, 2) https://vkvideo.ru/video-182074546_456239160,,,,,,
1) Theodore Shapiro — Main Titles [Opening Severance: Season 2],25:45,sniffd,донат,хорошечно,Фильм,,инструментал ,
2) Hans Zimmer & Lisa Gerrard — Now We Are Free [OST; Gladiator / Гладиатор 2000г.],31:00,GameCloser,долг,атлична-,Фильм,,оркестровое ,
3) Keigo Hoashi — Vague Hope / Cold Rain [NieR: Automata OST],41:25,Meowzen134,донат,хорошечно+,Игра,,баллада,
4) Hiroyuki Sawano feat. Benjamin & mpi — SHADOWBORN [OST; Solo Leveling Season 2: Arise from the Shadow / Поднятие уровня в одиночку 2: Восстаньте из тени],52:00,AnonymousAdomin,долг,хорошечно++,Аниме,,рок,
"5) Keiji Inai — Heroic Desire (Theme Bell Cranel) [OST; DanMachi / Может, я встречу тебя в подземелье?]",1:05:40,AlexanderMSK,донат,нормас,Аниме,,оркестровое / инструментал,
6) Hans Zimmer — Extraction Point [Call of Duty: Modern Warfare 2 OST],1:15:25,GameCloser,долг,нормас++,Игра,,инструментал / оркестровое,
7) HOYO-MiX feat. Lilas Ikuta — Nameless Faces (English Ver.) [Honkai: Star Rail OST],1:27:00,EpicFire,донат,хорошечно,Игра,,электронное / поп,
8) Ado — Kazari jya Nai no yo Namida wa {Tears Are Not for Decoration / 飾りじゃないのよ涙は} (Akina Nakamori - Kazari ja nai no yo Namida wa; Cover),1:34:25,AnonymousAdomin,долг,атлична-,,,поп ,
"9) Свердловская государственная детская филармония, г. Екатеринбург — Kyrie eleison {Κύριε ἐλέησον / Господи, помилуй} (Latvian Voices & Laura Jekabsone - Kyrie eleison; Original)",2:05:45,МикТланТекуТли,донат,атлична+,,,разное ,
10) Daisuke Ishiwatari — Heavy Day [Guilty Gear Xrd -Sign- OST],2:21:10,Винсон,долг,хорошечно,Игра,,рок / метал,
11) Рок-Острова — Ничего не говори (Официальный клип),2:34:55,sniffd,донат,ну такое,,,поп,
12) Ado — Mecha Mote I LOVE YOU {めちゃモテ I LOVE YOU} (MM Gakuen Gasshoubu feat. Mana Ogawa - Mecha Mote I LOVE YOU; Cover) [1 Opening Gokujou!! Mecha Mote Iinchou / Вот это да! Самый классный староста],2:44:15,AnonymousAdomin,долг,хорошечно+,Аниме,,поп ,
"13) Irakli & Metamorphosi — Слава Богу за всё (Премьера клипа, 2024)",2:56:05,МикТланТекуТли,донат,нормас+,,,поп / баллада,
14) Queen Bee — Fire {Kaen / 火炎} [1 Opening Dororo / Дороро],3:09:10,natsuki_05,долг,гениально -,Аниме,,поп / электронное,
15) Twenty One Pilots — Ride (Official Video),3:42:50,sniffd,донат,гениально - -,,,поп,
16) Fairouz Ai & Kaito Ishikawa — Onegai Muscle {Please Muscle / お願いマッスル} (Сэйю Hibiki Sakura & Naruzou Machio) [1 Opening Dumbbell Nan Kilo Moteru? / Насколько тяжёлые гантели ты сможешь поднять?],3:56:35,meganekka,заказ,хорошечно-,Аниме,,поп ,
16.5) Мнение о озвучке Ancord в аниме от Faryma.composer,4:04:35,Faryma.composer,,,,,,
17) Yuka Kitamura — Sister Friede [OST; Dark Souls III / Dark Souls 3],4:07:10,actusfide,донат,атлична,Игра,,оркестровое / инструментал,
18) Yoshino — Follow My Lead {我が前へ倣え},4:20:25,AnonymousAdomin,долг,гениально -,,,поп ,
19) Todoroki Hajime — Countach (Official MV),4:30:30,Aleks kun,донат,хорошечно - -,,,поп / электронное,
20) Morgan David King — Fingerdash [Geometry Dash OST],4:40:45,Eagler,долг,нормас ,Игра,,электронное / инструментал,
20.5) Импровизация от Faryma.composer,4:52:00,Faryma.composer,,,,,,
21) Yuka Kitamura — Soul of Cinder [OST; Dark Souls III / Dark Souls 3],4:59:30,actusfide,донат,атлична,Игра,,оркестровое / инструментал,
22) Ado — Limbo (Kanna Tateisu feat. flower — Limbo; Cover),5:11:40,AnonymousAdomin,долг,атлична-,,,поп ,
23) Ofenbach — Be Mine (Official Video),5:40:40,sniffd,донат,атлична,,,поп,
24) F-777 — The 7 Seas [Geometry Dash OST],5:49:15,Eagler,долг,нормас,Игра,,электронное / инструментал,
25) Luck Ganriki — Scorpion Entrails {サソリのハラワタ} (Альбом: Dear Golden Witch) [OST; Umineko: When They Cry / Когда плачут чайки],5:58:40,Monstrrro,донат,хорошечно-,Игра,,инструментал,
26) Ado — Hungry Nicole {Hangurii Nikoru / ハングリーニコル} (NILFRUITS feat. flower - Hungry Nicole; Cover),6:07:55,AnonymousAdomin,долг,хорошечно,,,поп ,
"27) Эпидемия — Звон Монет {The Clink of Coins} (20 лет в Москве, 19.12.2015; Live)",6:24:10,ponomalina,донат,хорошечно - -,,,метал,
28) JILUKA — KVLT (Official Music Video),6:38:55,НеАноним(фанат декскора),долг,атлична -,,,метал,
29) Jonathan Coulton — Artificial Heart,6:53:00,SinWarlock,донат,атлична -,,,поп / инди,
30) Mikokichi feat. Ado — Radio Noise,7:00:45,AnonymousAdomin,долг,нормас+,,,поп ,
30.5) Теория музыки от Faryma.composer: Полиритмия и Триоль,7:14:00,Faryma.composer,,,,,,
"31) Keiji Inai & Sonosuke Takao — Smoke Signal of the Counterattack [OST; DanMachi 2nd Season / Может, я встречу тебя в подземелье? 2]",7:19:30,AlexanderMSK,донат,хорошечно-,Аниме,,оркестровое / инструментал,
32) ​syudou — In The Back Room {インザバックルーム} [5 Ending Chainsaw Man / Человек-бензопила],7:41:35,Летта,долг,атлична+,Аниме,,поп / электронное,
33) Ado — Watashi ni Hanataba {Bouquet for Me / わたしに花束},7:52:50,AnonymousAdomin,заказ,атлична -,,,рок / поп-рок,
34) Marilyn Manson — Tainted Love (Soft Cell - Tainted Love; Cover) [Not Another Teen Movie OST],8:06:00,sniffd,донат,хорошечно,Фильм,,метал / электронное,
"35) Hosomichi Okuno feat. Ado — fool, fool, fool {フールフールフール}",8:13:45,AnonymousAdomin,долг,атлична,,,поп,
36) Shiro Sagisu — Temper the Wind [OST; Shingeki no kyojin: Attack on Titan / Атака титанов: Фильм первый. Жестокий мир],8:22:40,pavel_artf,донат,атлична-,Фильм,,оркестровое / инструментал,
37) Yoshimi Iwasaki — Che! Che! Che! [1 Opening Touch / Касание 1985г.],8:33:10,BlackFlame,долг,хорошечно+,Аниме,,поп,
38) Jon Everist — Restoration (Start Menu) [BattleTech OST],6:20,General PunisheR,донат,хорошечно+,Игра,,оркестровое / инструментал,
39) Ado — Buriki No Dance {ブリキノダンス} (Hinata Electric Works feat. Hatsune Miku - Buriki No Dance; Cover),14:50,AnonymousAdomin,долг,атлична -,,,поп-рок,
"40) Hecate Music — Kokonoe {ココノエ} (Keiji Inai - Kokonoe; Cover) [OST; DanMachi 4th Season and 5th Season/ Может, я встречу тебя в подземелье? 4 и 5]",22:50,AlexanderMSK,донат,нормас,Аниме,,оркестровое / инструментал,
СТРИМ №90 (13.03.25),, ,,,,,,
ДОЛГОВОЙ (НА АУКЕ),, ,,,,,,
1) Mick Gordon — The New Order [Wolfenstein: The New Order OST],3:07:30,GameCloser,долг,хорошечно,Игра,,инструментал / рок / электронная,
2) Hiroyuki Sawano feat. mizuki — Avid [1 Ending; 86 / Eighty-Six / Восемьдесят шесть],3:18:35,Чедомир Браевич,долг Х2,хорошечно+,Аниме,,баллада / оркестровое,
3) Глюк’oZa — Снег идёт {Snowing},3:30:25,Cybrex,долг,хорошечно+,,,поп,
4) Kids Alive — Bokura no Bouken {ボクらの冒険} [1 Ending Hikaru no Go / Хикару и го],3:44:40,meganekka,заказ,хорошечно++,Аниме,,рок / поп-рок,
"5) coldrain — Bloody Power Fame [1 Opening Bastard‼ Heavy Metal, Dark Fantasy / Ублюдок!! Тёмный бог разрушения]",4:04:05,Sammy Willbur,долг,атлична+,Аниме,,метал,
5.5) Faryma.composer читает стихотворение,4:25:30,Faryma.composer,,,,,,
6) BABYMETAL — Tales of The Destinies (Tokyo Dome 2016; Live),4:28:20,MacTepOk,заказ,хорошечно-,,,метал,
СТРИМ №89 (11.03.25),, ,,,,,,
ДОЛГОВОЙ,, ,,,,,,
1) Quan 9 & 嗨的國樂團Hidii & 千指大人 — Sun Quan the Emperor {Quán Yù Tiānxià / 权御天下 / 權御天下},8:00,laitsberg,долг,нормас+,,,фолк / рок,
2) Selestinskiy — Shadows of Valor,25:00,Selestinskiy,долг Х2,нормас++,,,окрестровое / инструментал,
3) Dir En Grey — The World of Mercy,33:50,НеАноним(фанат декскора),долг,атлична+,,,метал,
4) Chihiro Onitsuka — This Silence Is Mine [Drakengard 3 OST],54:00,AnonymousAdomin,заказ,хорошечно ++,Игра,,оркестровое,
5) Liang Long — Chessboard of life [OST; The Demon Hunter 2nd Season / Azure Legacy],1:06:55,yant_aya,заказ,хорошечно+,Аниме,,рок / фолк,
6) Lady Gaga & Bruno Mars — Die With A Smile (Official Music Video),1:17:10,laitsberg,долг,атлична,,,поп / баллада,
7) Access — Doubt & Trust {〜ダウト&トラスト〜} [3 Opening D.Gray-man / Ди Грэй-мен],1:28:20,Тохехех,заказ,нормас++,Аниме,,рок,
8) CarbotAnimations — Nazeebo Rap (HeroStorm Ep 20),1:56:00,SinWarlock,долг,ну такое,,,рэп / фолк,
"9) Shiro Sagisu — What if?: orchestra, choir and piano [OST; Evangelion: 3.0+1.0 Thrice Upon a Time / Евангелион 3.0+1.01: Как-то раз]",1:59:50,Sheruka,заказ,атлична,Аниме,,оркестровое,
10) Copilot Music + Sound — The Drunken Whaler (Full Version) [Dishonored OST],2:11:55,laitsberg,долг,атлична+,Игра,,баллада / разное,
11) Arctic Monkeys — Body Paint (The Tonight Show Starring Jimmy Fallon; Live),2:22:30,Джон Клитор,долг Х2,нормас+,,,рок / поп-рок,
12) Rukkus — ~NK~ Fracture [Geometry Dash OST],2:35:05,Eagler,заказ,нормас+,Игра,,электронное,
13) Element Eighty — Broken Promises [Need for Speed: Underground OST],2:45:35,upucka18,заказ,хорошечно,Игра,,рок,
14) Akira Senju — Trisha's Lullaby [OST; Fullmetal Alchemist: Brotherhood / Стальной алхимик: Братство],2:53:00,laitsberg,долг,хорошечно+,Аниме,,оркестровое,
15) Masaru Yokoyama — Phantom Star [14 OST; Uma Musume: Pretty Derby - Beginning of a New Era / Девушки-пони: Славное дерби — Начало новой эры],3:00:50,red_chajek,заказ,хорошечно+,Аниме,,электронное / инструментал,
16) Kentaro feat. Yuna — Sorauta {空唄},3:06:55,AndrLord,долг,хорошечно+,,,поп ,
"16.5) Faryma.composer вспоминает, что мы сочиняли на стриме",3:15:50,Faryma.composer,,,,,,
17) XD — Старик,3:19:30,XD,долг Х2,нормас,,,рок,
18) HOME — Resonance,3:29:20,Jerlybud,долг,хорошечно+,,,электронное,
19) Broken By The Scream feat. Sunshine Ikezaki — Rising sun,3:36:45,eu_gor,заказ,атлична-,,,метал,
20) Jeremy Soule — Nerevar Rising [The Elder Scrolls III: Morrowind OST],3:45:30,ДокухэбиТатсу,долг,атлична-,Игра,,оркестровое / инструментал,
СТРИМ №88 (9.03.25),, ,,,,,,
БЛАГОТВОРИТЕЛЬНЫЙ,, ,,,,,,
1) Daisuke Ishiwatari — Freesia (Episode Mode) [Guilty Gear Xrd -Revelator- OST],16:55,@ob4elkanej,очередь,хорошечно+,Игра,,поп / баллада / джаз,
2) ReoNa — Gajumaru ~Heaven in the Rain~ {ガジュマル ~Heaven in the Rain~} [2 Ending Shangri-La Frontier / Рубеж Шангри-Ла: Любитель игрошлака бросает вызов топ-игре],32:15,Kami1929,очередь,хорошечно+,Аниме,,баллада / поп,
3) Монгол Шуудан — Стреляй атаман,46:45,bibiboy,очередь,хорошечно,,,метал,
4) LONGMAN — spiral [1/7 Opening Mushoku Tensei: Jobless Reincarnation Season 2 / Реинкарнация безработного: История о приключениях в другом мире 2],1:00:50,@canihaveacupofcoffee,очередь,хорошечно+,Аниме,,поп / баллада,
5) Liu Zhang — Lull [1 Ending Link Click: Bridon Arc / Агент времени: Глава о британской столице],1:12:10,@jamatar,очередь,хорошечно,Аниме,,поп / баллада,
6) Evanescence — Lithium (Synthesis),1:20:20,Mister_Flicker,очередь,хорошечно,,,метал,
7) EGOIST — Eiyuu Unmei no Uta {英雄 運命の詩} [1 Opening Fate/Apocrypha / Судьба/Апокриф],1:30:40,ArtOkno_LG,очередь,нормас ++ (сломали композера),Аниме,,разное / инди,
7.5) Faryma.composer отвечает на вопросы,1:59:20,Faryma.composer,,,,,,
8) MYTH & ROID — JINGO JUNGLE [1 Opening Saga of Tanya the Evil / Военная хроника маленькой девочки],2:04:55,@catarium2,очередь,атлична - -,Аниме,,поп ,
9) issey — Arareya Kon Kon {あられやこんこん} (Hoshimi Miyabi; Image Song) [Zenless Zone Zero OST],2:15:15,@q5678204,очередь,гениально,Игра,,поп-рок / инди ,
10) Riya — Ten Thousand Miracles {Ichiman no Kiseki / 一万の軌跡} (CLANNAD Image Vocal Album 'SoLaLaDo') [OST; Clannad: After Story / Кланнад: Продолжение истории],2:28:45,ziksp,очередь,хорошечно+,Аниме,,инди / поп,
11) Конец Фильма — Не завидуй! (Колобков Theme Song) [Солдаты OST],2:43:25,50 50,очередь,атлична - -,Фильм,,поп-рок ,
12) Bruno Mars — Locked Out Of Heaven (Official Music Video),2:58:35,@Tort_Tenorok,очередь,атлична -,,,поп / фанк,
13) Mayu Watanabe — Sayonara No Hashi {サヨナラの橋} (Mayuyu Seifuku Collection) [OST; Psychic School Wars / Школа под прицелом],3:08:55,BlackFlame,очередь,нормас,Фильм,,поп,
14) tomatomerde — Okaerinasai {Welcome Back / おかえりなさい} (Sakamoto Maaya - Okaerinasai; Remix) [1 Opening Tamayura: Hitotose / Тамаюра: Год спустя],3:19:25,@imadhdboy,очередь,ну такое,Аниме,,электронное,
15) Bones UK — Dirty Little Animals [OST; Arcane: League of Legends / Аркейн],3:31:10,@lash_zx,очередь,атлична,Аниме,,электронное,
16) FREEDOM CREATORS — Okurina -Inochi o Aoku Mimamori Nemurina- {諡 -命ヲ碧ク見守リ睡ナ-},3:42:45,Б,очередь,хорошечно-,,,метал,
17) As I Lay Dying — Taken From Nothing,4:15:25,@MaxLucSyn,очередь,хорошечно,,,метал,
18) IC3PEAK feat. Ghostemane — Яма {THE PIT / Hole} (Music video 2020),4:29:30,@rossvet28,очередь,хорошечно+,,,инди / электронное,
19) Elza Kanzaki & ReoNa — Rea(s)oN [ep 12; OST; Sword Art Online Alternative: Gun Gale Online / Мастера Меча Онлайн: Альтернативная «Призрачная пуля»],4:40:30,Meowzen134,очередь,хорошечно,Аниме,,поп / баллада,
20) Шоколадный торт feat. Toli Wild — Россия не для грустных {Russia is not for the sad},4:53:25,@sashsmir,очередь,нормас+,,,рок ,
21) EXO — EL DORADO (Trailer from MBC) [Black Panther OST],5:05:05,Sadierre,очередь,атлична -,Фильм,,поп,
22) Creo — Drift [Geometry Dash OST],5:14:40,@TheTIIm,очередь,хорошечно,Игра,,электронное,
23) The Glitch Mob — Fortune Days (2020 Remaster),5:22:10,@C10H15N,очередь,ну такое,,,электронное,
24) Ленинград — Сладкий сон {Sweet Dream},5:32:55,sniffd,очередь,нормас,,,поп ,
25) LiSA feat. Felix of Stray Kids — ReawakeR [1/2 Opening Solo Leveling Season 2: Arise from the Shadow / Поднятие уровня в одиночку 2: Восстаньте из тени],5:52:00,@glavniyangel,очередь,хорошечно+,Аниме,,поп-рок,
26) 1.Kla$ — Почему {Why},6:01:25,@quaresss,очередь,нормас -,,,рэп,
27) NIGHTWISH — Bye Bye Beautiful (OFFICIAL MUSIC VIDEO),6:11:55,Летта,очередь,хорошечно-,,,метал,
28) DOES — Ashita Wa Kurunoka (Re Recording),6:25:45,iromzy1337,очередь,нормас+,,,рок,
29) CAGMO — Лесник {Forester} (Король и Шут - Лесник; Live; Cover),6:31:40,@Diart421,очередь,нормас++,,,рок,
29.5) Дискуссия о мнении в музыке от Faryma.composer,6:38:20,Faryma.composer,,,,,,
30) Noneflex — Петля,6:45:25,@none_north,очередь,хорошечно -,,,метал,
31) Bon-Bon Blanco — Bon Voyage! [4 Opening One Piece / Ван-Пис / Большой куш],6:53:25,@anyavolfyv,очередь,атлична -,Аниме,,поп ,
32) Loathe — Screaming (OFFICIAL AUDIO STREAM),7:10:30,@gus_ultimate,очередь,атлична-,,,метал,
33) Creepy Nuts — Nobishiro {のびしろ},7:21:25,@jogkim,очередь,атлична,,,поп / рэп,
34) Inori Minase & Yurika Kubo — Amadare No Uta {雨だれの歌} [ep 5; OST; Girls' Last Tour / Девушки в последнем путешествии],7:29:10,Verzweiflung12,очередь,хорошечно-,Аниме,,разное,
35) 55x55 feat. Snailkick — МУЗЫКА НЕ МУЗЫКАНТА,7:38:00,margarita__eller,очередь,нормас,,,разное,
36) Casiopea — Dream Hill (1979),7:43:10,@fjsh11,очередь,атлична+,,,джаз,
37) Spiritbox — Sun Killer,7:54:20,laitsberg,очередь,атлична+,,,метал,
38) Kinoko Teikoku — Kinmokusei no Yoru {金木犀の夜},8:04:55,scuk0_bl1n,очередь,хорошечно-,,,поп,
СТРИМ №87 (13.02.25),, ,,,,,,
ДОЛГОВОЙ,, ,,,,,,
1) Tricot — Bakuretsu Panie-san {爆裂パニエさん},14:45,ShadeR_93,долг,хорошечно-,,,рок / поп-рок,
2) fhána — Blue Sky Rhapsody {青空のラプソディ} [1 Opening Miss Kobayashi's Dragon Maid / Дракон-горничная госпожи Кобаяси],29:45,Ivan_Vitalyevich,заказ,атлична+,Аниме,,поп / инди,
3) Maroon 5 — Sugar (Official Music Video),57:00,sniffd,долг,хорошечно+,,,поп,
4) Kanye West — POWER,1:07:20,Докухэби Татсу,долг Х2,атлична,,,рэп,
5) Danny Baranowsky — Count Funkula [Rift of the NecroDancer OST],1:14:50,SinWarlock,заказ,хорошечно-,Игра,,инструментал / инди / джаз,
6) Duran Duran — INVISIBLE (Official Music Video),1:46:15,Cybrex,долг Х2,хорошечно+,,,инди / поп ,
6.5) Faryma.composer говорит на иностранных языках,1:55:15,Faryma.composer,,,,,,
7) Yuko Matsutani — Ai wa Boomerang [Ending Urusei Yatsura Movie 2: Beautiful Dreamer / Несносные пришельцы: Прекрасная мечтательница],1:58:00,ShadeR_93,долг,хорошечно,Аниме,,поп,
8) Namewee feat. Meu Ninomiya — Tokyo Bon (Makudonarudo / 東京盆踊り),2:10:10,laitsberg,заказ,хорошечно- (ГЕНИАЛЬНО ЗА КОНТЕКСТ),,,разное ,
9) Beheld — Odd vibe (15 TET Microtonal) [OST; Howl's Moving Castle / Ходячий замок],2:20:20,Dem1dd,долг Х2,хорошечно,Фильм,,разное / инструментал,
10) Marcus King — Sucker (Official Visualizer) [OST; Arcane: League of Legends 2nd season / Аркейн 2],2:44:55,RamWhite,долг,атлична-,,,поп ,
11) Hjálmar — Vor (Hljóðriti Session),3:15:45,Napporaivo,заказ,хорошечно,,,фолк / поп / инди,
12) Milet — I still [My Beloved Stranger OST],3:36:10,mage10,заказ,атлична+,Фильм,,баллада / поп,
13) Daniel Kramer — Yesterdays (Live in Yerevan - 2013),3:48:45,actusfide,заказ,гениально,,,фортепиано / инструментал,
14) OxT — WHEELER-DEALER [Ending Overlord: The Sacred Kingdom / Повелитель: Святое королевство],4:17:15,Momonga,долг,атлична+,Аниме,,метал,
15) Warcraft 3 — ПАДИНИЦ Полька,4:27:00,MacTepOk,долг Х2,хорошечно- (ПАДИНИЦ),Игра,,разное,
16) Lady Gaga — Judas (Official Music Video),4:33:05,sniffd,долг,атлична,,,поп ,
"17) Bruno Mars, Anderson .Paak & Silk Sonic — Blast Off (Official Audio)",4:44:30,scuk0_bl1n,заказ,гениально,,,поп / джаз,
18) LADYBABY — Nippon Manju {ニッポン饅頭},4:55:10,laitsberg,долг,хорошечно,,,метал / поп,
СТРИМ №86 (11.02.25),, ,,,,,,
ДОЛГОВОЙ,, ,,,,,,
1) MAXIMUM THE HORMONE — Bu-ikikaesu!! {ぶっ生き返す!!},2:15,Чар,заказ,атлична-,,,рок,
2) MAXIMUM THE HORMONE — Zetsubou Billy {絶望ビリー} (ПОВТОР: СТРИМ №40; 3 трек от meganekka) [2 Ending Death Note / Тетрадь смерти],22:00,Чар,повтор,хорошечно + + ,Аниме,,рок,
3) MAXIMUM THE HORMONE — Kuso breakin’ Nou breakin’ Lily {糞ブレイキン脳ブレイキン・リリィー},34:00,Чар,заказ,атлична,,,рок,
4) MAXIMUM THE HORMONE — Louisiana Bob {ルイジアナ・ボブ},44:10,Чар,заказ,атлична-,,,рок,
5) MAXIMUM THE HORMONE — Policeman Benz,55:10,Чар,заказ,хорошечно,,,рок,
6) MAXIMUM THE HORMONE — Black¥Power G-men Spy {ブラック￥パワーGメンスパイ},1:05:35,Чар,заказ,хорошечно,,,рок,
"7) MAXIMUM THE HORMONE — Akagi {アカギ} [1 Ending Akagi / Акаги, легенда маджонга]",1:13:40,Чар,заказ,хорошечно-,Аниме,,рок,
8) MAXIMUM THE HORMONE — Kyokatsu {恐喝〜Kyokatsu〜},1:38:05,Чар,заказ,хорошечно,,,рок,
9) MAXIMUM THE HORMONE — Bikini Sports Ponchin {ビキニ・スポーツ・ポンチン},1:47:40,Чар,заказ,атлична,,,рок,
"10) MAXIMUM THE HORMONE — What's up, people?! (ПОВТОР: СТРИМ №50; 36 трек от Historiker Turquoise) [2 Opening Death Note / Тетрадь смерти]",2:00:45,Чар,повтор,атлична - -,Аниме,,рок,
11) MAXIMUM THE HORMONE — ChuChu Lovely MuniMuni MuraMura PrinPrin Boron Nururu ReroRero {チューチュー ラブリー ムニムニ ムラムラ プリンプリン ボロン},2:12:15,Чар,заказ,атлична,,,рок,
12) MAXIMUM THE HORMONE — Shimi {シミ},2:22:05,Чар,заказ,хорошечно + + ,,,рок,
13) MAXIMUM THE HORMONE — Koino Mega Lover {恋のメガラバ},2:34:05,Чар,заказ,хорошечно + + ,,,рок,
14) U2 — Sleep Like a Baby Tonight (Official-Unofficial),2:49:45,sniffd,долг,хорошечно,,,поп / инди,
15) Dir En Grey — FILTH,3:02:50,НеАноним(фанат декскора),заказ,хорошечно+,,,метал,
16) Михаил Елизаров — Walking Dead,3:17:00,seattle_cloud,заказ,хорошечно,,,инди / баллада,
17) EXGF — We Are The Hearts,3:26:30,Boevaya_riba,долг,хорошечно,,,поп / электронное,
18) Kenshi Yonezu — M87 [Shin Ultraman OST],3:38:40,Madao,долг Х2,хорошечно-,Фильм,,поп,
"19) KOKIA — New Day, New Life [Tales of Innocence OST]",4:00:10,anna_251999,долг,атлична - -,Игра,,поп / баллада ,
СТРИМ №85 (8.02.25),, ,,,,,,
1) Keigo Hoashi — Fleeting Words (Another Edit Version) [NieR Replicant ver.1.22474487139... OST],13:20,actusfide,донат,атлична,Игра,,оркестровое / инструментал,
2) Мальбэк  feat. Сюзанна — Равнодушие {Indifference},29:20,ayl1es,заказ,хорошечно,,,поп,
3) Stuart Chatwood — Conflict at the Entrance [Prince of Persia: Warrior Within OST],48:40,SinWarlock,заказ,нормас+,Игра,,метал,
4) Majestic — Standing Alone,57:45,Monstrrro,донат,хорошечно-,,,рок / баллада,
5) Paul Mauriat — Love Is Blue {L'Amour Est Bleu} (Remastered),1:10:45,Alan008,долг Х2,атлична+,,,инструментал / оркестровое,
6) Lady Gaga — Bloody Mary (Official Audio),1:22:30,sniffd,донат,хорошечно+,,,поп,
7) Ado — Aitakute {会いたくて} [Movie Kaguya-sama: Love Is War — Final OST],1:34:00,AnonymousAdomin,долг,атлична+,Фильм,,поп / баллада,
8) TOOL — Invincible (Audio),2:06:00,Dionis,донат,нормас + +,,,метал,
9) KAZKA — Плакала (Official Video),2:35:45,НеАноним(фанат декскора),заказ,атлична - -,,,поп,
10) Rammstein — Engel (Official Video),2:45:00,sniffd,донат,атлична -,,,метал,
11) Океан Ельзи — Я так хочу {I want to} (official video),2:58:50,Boevaya_riba,заказ,хорошечно+,,,поп-рок,
12) Nana Mizuki — Hime Murasaki {Lungwort} [2 Ending Basilisk: Kouga Ninpou Chou / Василиск],3:09:15,KillerMeller,донат,нормас,Аниме,,поп / поп-рок,
13) Electric Light Orchestra — Telephone Line (Audio),3:21:30,Alan008,долг Х2,атлична+,,,поп,
14) Elza Kanzaki starring ReoNa — Independence [OST; Sword Art Online Alternative: Gun Gale Online / Мастера Меча Онлайн: Альтернативная «Призрачная пуля»],3:50:50,Meowzen134,донат,хорошечно+,Аниме,,поп / поп-рок,
"15) LiSA — Gurenge {Red Lotus / 紅蓮華} [1 Opening Demon Slayer: Kimetsu no Yaiba / Клинок, рассекающий демонов]",4:01:35,Ivan_Vitalyevich,заказ,атлична,Аниме,,рок,
16) STUTS feat. Taeko Onuki & Ayatake Ezaki — Iiyudana {いい湯だな} (Official Collaboration Video),4:14:20,Madao,долг,атлична,,,инди / поп / джаз,
17) Rammstein — Adios,4:23:25,Historiker Turquoise,заказ,хорошечно+,,,метал,
18) U2 — Volcano,4:33:45,sniffd,донат,атлична,,,поп-рок ,
19) ZZ Top — La Grange,4:43:00,Mister_Flicker,заказ,хорошечно-,,,рок ,
20) Jules Conroy — Matriarch [Rift of the NecroDancer OST],4:57:00,SinWarlock,донат,хорошечно,Игра,,метал,
21) Anri — I CAN’T STOP THE LONELINESS,5:09:00,laitsberg,заказ,атлична,,,поп,
22) Awich — Frontiers (Prod. Chaki Zulu) [2/4 Opening Shangri-La Frontier Season 2 / Рубеж Шангри-Ла: Любитель игрошлака бросает вызов топ-игре 2],5:37:10,Kami1929,заказ,хорошечно+,Аниме,,рэп,
23) BARBEE BOYS — Me Wo Tojite Oideyo {目を閉じておいでよ},5:47:10,ShadeR_93,донат,хорошечно + +,,,поп / поп-рок,
24) Король и Шут — Театральный демон {Theatrical Demon},6:04:15,Alan008,долг Х2,атлична-,,,инди / поп-рок ,
25) Maroon 5 — This Summer's Gonna Hurt Like a Motherfucker (Explicit; Official Music Video),6:15:50,sniffd,донат,хорошечно + +,,,поп,
26) Fleetwood Mac — The Chain (Official Audio),6:28:10,Verzweiflung12,заказ,атлична,,,поп-рок / рок,
27) Lana Del Rey — A&W,6:40:00,Jerlybud,донат,атлична-,,,поп,
28) HOYO-MiX feat. Sa Dingding — Dual-Ego (Forest Capriccio Online Concert) [Honkai Impact 3rd OST],6:56:35,ДокухэбиТатсу,долг Х2,хорошечно,Игра,,поп / поп-рок,
29) David Guetta & Sam Martin feat. Avicii — Lovers On The Sun,7:05:20,sniffd,донат,атлична - -,,,поп / электронное,
30) Sawano Hiroyuki feat. Tielle & Gemie — GravityWall [1 Opening Re:Creators / Возрождающие],7:16:00,AnonymousAdomin,долг,хорошечно+,Аниме,,поп-рок / поп,
31) Noisycell — Last Theater (ПОВТОР: СТРИМ №3; 30 трек от Otoko) [1 Ending Death Parade / Парад смерти / Смертельный парад],7:40:45,Momonga,повтор,атлична -,,,рок,
32) Николай Емелин — Русь {Russ},7:58:50,AnToteKote,заказ,нормас+ (ЗОЛОТОЙ НОРМАС),,,фолк / баллада,
33) Laura Branigan — Self Control (Raf - Self Control; Cover),8:09:05,sniffd,донат,гениально - -,,,поп,
34) Kana Hanazawa — Mousou Express {Delusion Express / もうそう♡えくすぷれす} (Otorimonogatari Arc Opening) [ep 12-15; 3 Opening Monogatari Series: Second Season / Цикл историй: Второй сезон],8:22:15,AndrLord,заказ,атлична,Аниме,,поп / джаз,
35) OxT — GO CRY GO [1/2 Opening Overlord II / Повелитель 2],8:33:55,Momonga,донат,атлична -,Аниме,,поп-рок / рок,
36) Rip Slyme — Super Shooter [1 Opening Gantz / Ганц],8:45:40,Тохехех,долг Х2,атлична-,Аниме,,рэп / инди,
37) Maroon 5 feat. Christina Aguilera — Moves Like Jagger (Official Music Video),8:56:55,sniffd,донат,гениально - -,,,поп,
СТРИМ №84 (6.02.25),, ,,,,,,
ДОЛГОВОЙ,, ,,,,,,
1) Guo Bao — Da Da Da {在冰火歌会上唱了完整版DADADA} (Tanir & Tyomcha - Da Da Da; Mikis Remix; RUS Cover),5:55,Selestinskiy,долг,хорошечно-,,,поп,
2) Paradox Interactive & Andreas Waldetoft — Faster Than Light [Stellaris OST],16:55,SinWarlock,долг Х2,нормас+,Игра,,инструментал / электронное,
3) Jibaku Shonen Band —  No.7 (Yoji Ikuta × Masayoshi Ooishi × ZiNG) [1 Opening Toilet-Bound Hanako-kun / Туалетный мальчик Ханако],33:45,Ivan_Vitalyevich,заказ,хорошечно+,Аниме,,рок ,
4) REAPER feat. Bella Renee — COLD CASE (VISUALIZER),43:45,jaketheshrek,долг Х4☠️,нормас+,,,электронное,
5) Attila — Pizza,52:40,PerleSperling,долг Х6👻,нормас+,,,метал,
6) Gacharic Spin — Replica {レプリカ} (Official Music Video),1:01:40,ShadeR_93,долг,атлична-,,,инди / рок / поп-рок,
7) Ado — Kokoro to Iu Na no Fukakai (心という名の不可解} [OST; Doctor White / Доктор в белом],1:12:25,AnonymousAdomin,долг Х2,хорошечно + +,Фильм,,поп / поп-рок,
8) Mr. Sauceman — Thousand March (WAR) [Pizza Tower OST],1:24:30,eurodance_with_cat,заказ,хорошечно,Игра,,инди / инструментал,
9) Phantom Siita — Zoku Zoku {ゾクゾク} (Producer Ado),1:33:50,AnonymousAdomin,долг,атлична+,,,поп / разное / инди,
10) John Newman — Love Me Again,2:07:35,Boevaya_riba,долг Х2,атлична,,,поп,
11) Monster Siren Records & Steven Grove — Control's Wishes (Lone Trail Boss theme; ПОВТОР: СТРИМ №22; 6 трек от Винсон) [Arknights OST],2:16:20,Estrees,повтор,хорошечно+,Игра,,инструментал / оркестровое,
12) Ария — Кровь за кровь {Blood for blood},2:27:05,bibiboy,заказ,хорошечно,,,метал,
13) Yoyoyo-chan — Hai Yorokonde {はいよろこんで} (Kocchi no Kento - Hai Yorokonde; Cover; 1 GIRL 14 VOICES; Japanese Singers Impressions),2:44:40,AnonymousAdomin,долг Х2,хорошечно,,,разное,
14) Ольга Подлужная — Британская минута славы {Britain’s Got Talent} (полуфинал),2:55:45,seidjiro,долг Х6👻,хорошечно+,,,фолк / электронное,
15) Radiohead — Paranoid Android,3:05:10,ArtyomShay,заказ,хорошечно+,,,рок / инди,
16) DEXCORE — Living hell,3:19:40,НеАноним(фанат декскора),долг Х2,хорошечно+,,,метал,
17) Udio AI — Состав освежителя воздуха (Sabaton; Ai Cover),3:29:15,ShadeR_93,долг,нормас+,,,метал,
СТРИМ №83 (3.02.25),, ,,,,,,
ДОЛГОВОЙ,, ,,,,,,
1) Arnaud Roy — War of the Sundered(Gravity Well Remix) [Endless Legend: Echoes of Auriga OST],7:50,General PunisheR,заказ,хорошечно-,Игра,,оркестровое / инструментал,
2) Arnaud Roy — Under the Threshold [Endless Legend: Echoes of Auriga OST],20:40,General PunisheR,заказ,атлична - -,Игра,,оркестровое / инструментал,
3) Arnaud Roy — Glassteel [Endless Legend: Echoes of Auriga OST],33:05,General PunisheR,заказ,хорошечно+,Игра,,фолк / инструментал,
4) Arnaud Roy — Dust Sense(Forgotten Prologue) [Endless Legend: Echoes of Auriga OST],47:25,General PunisheR,заказ,хорошечно,Игра,,оркестровое / инструментал,
5) Arnaud Roy — Skyglade [Endless Legend: Echoes of Auriga OST],51:55,General PunisheR,заказ,хорошечно,Игра,,оркестровое / инструментал,
6) Arnaud Roy — Pillars of Dust [Endless Legend: Echoes of Auriga OST],1:04:15,General PunisheR,заказ,хорошечно,Игра,,фолк / инструментал,
7) Arnaud Roy — Shadows(Forgotten Theme) [Endless Legend: Echoes of Auriga OST],1:21:30,General PunisheR,заказ,атлична,Игра,,фолк / инструментал,
8) Arnaud Roy — Flamesear [Endless Legend: Echoes of Auriga OST],1:32:05,General PunisheR,заказ,атлична,Игра,,оркестровое / инструментал,
9) LiSA — REALiZE [OST; Spider-Man: Across the Spider-Verse / Человек-паук: Паутина вселенных],2:01:25,zabuzaaa_,долг Х6👻,атлична,Фильм,,рок / поп-рок,
10) Daisuke Ishiwatari — The Disaster of Passion (May Theme; With Lyrics) [Guilty Gear Strive OST],2:19:45,Винсон,долг Х6👻,атлична-,Игра,,поп-рок,
11) MASA WORKS DESIGN feat. Hatsune Miku & GUMI — Watashi no Nanatsu no Oiwai ni {On the Occasion of My Seventh Birthday / 私ノ七ツノオ祝イニ} ,2:36:20,Spectator,долг Х6👻,хорошечно-,,,фолк / электронное,
12) Shiny Ruby — Хорни киллер,2:48:55,Shiny Ruby,долг Х6👻,хорошечно-,,,поп / рэп / инди,
13) Альфред Шнитке — Полёт [OST; The Flight / Сказка странствий],3:00:55,EvallM,долг Х6👻,атлична,Фильм,,оркестровое / инструментал,
14) John Williams — A Window to the Past [OST; Harry Potter And The Prisoner Of Azkaban / Гарри Поттер и узник Азкабана],3:14:35,Mister_Flicker,долг Х6👻,атлична,Фильм,,оркестровое / инструментал / фолк,
15) Daisuke Ishiwatari — What Do You Fight For (Nagoriyuki Theme; With Lyrics) [Guilty Gear Strive OST],3:27:35,Винсон,заказ,хорошечно-,Игра,,метал,
16) The Hatters — Танцы {Dancing},3:41:15,margarita__eller,долг Х6👻,хорошечно-,,,поп / инди,
СТРИМ №82 (1.02.25),, ,,,,,,
"1) Bob Sinclar & Cutee B feat. Big Ali, Dollarman & Makedah — Rock This Party(Everbody Dance Now) (Radio Edit)",28:15,meganekka,заказ,атлична,,,рэп / поп,
"2) Tyler, The Creator — Darling, I",39:05,Gogor,донат,атлична,,,поп / джаз / инди,
3) Onsa Media — Ultimate Senpai {アルティメットセンパイ} (PinocchioP feat. Hatsune Miku - Ultimate Senpai; RUS Cover),54:20,ShadeR_93,долг,нормас+,,,поп,
"4) Ai — Говновоз, которого нет (Игорь Корнелюк - Город, которого нет; Ai Cover)",1:05:20,jefj29,донат,нормас+,,,поп / баллада,
5) Muse — Butterflies and Hurricanes,1:12:55,FiLiUM,заказ,атлична+,,,рок / поп / инди,
6) Borislav Slavov — The Power [Baldur's Gate 3 OST],1:28:40,AntoxaBes,долг Х2,хорошечно,Игра,,оркестровое / фолк,
7) ATL — Танцуйте {Dance},1:38:05,ayl1es,донат,атлична-,,,рэп,
8) Mili — Entertainment [1/2 Opening Goblin Slayer 2nd Season / Убийца гоблинов 2],2:18:45,AndrLord,долг Х3💀,хорошечно++,Аниме,,инди / поп,
9) Duran Duran — Come Undone (Official Music Video),2:27:50,sniffd,донат,атлична-,,,поп,
10) ALI feat. Hannya — Professionalism [1 Opening The Fable / Басня],2:37:20,Sheruka,долг Х6👻,атлична+,Аниме,,джаз / поп ,
11) Слава КПСС — Катафалка {Katafalka} (Видео 2024),2:52:55,ayl1es,донат,хорошечно+,,,рэп / рок,
12) Yasunori Mitsuda — Termina(Another World) {テルミナ アナザー} [Chrono Cross OST],2:58:20,SinWarlock,долг,хорошечно+,Игра,,фолк ,
13) Rammstein — Moskau (Official Lyric Video),3:04:40,sniffd,донат,нормас+,,,метал,
14) Selestinskiy — Vibraciones del Amor (Udio Ai),3:13:30,Selestinskiy,долг Х2,хорошечно,,,фолк / баллада,
15) Oxxxymiron — THE STORY OF ALISHER (Morgenshtern RIP),3:21:05,ayl1es,донат,гениально - -,,,рэп,
16) Kate Bush — Army Dreamers (2018 Remaster),3:34:40,margarita__eller,заказ,гениально - -,,,инди ,
"17) Tyler, The Creator — A BOY IS A GUN* (Official Video)",3:53:40,Gogor,донат,хорошечно + +,,,поп / джаз / инди,
18) Blue Stahli — Anti You,4:07:45,PerleSperling,долг Х6👻,хорошечно,,,метал,
19) Duncan Laurence feat. FLETCHER — Arcade (Eurovision Song Contest 2019; Lyric Video),4:17:20,sniffd,донат,атлична,,,поп,
20) Mayu Maeshima — story [1 Opening Isekai Ojisan / Перерождение Дяди],4:26:50,AndrLord,долг,хорошечно,Аниме,,метал / рок,
21) RAM — Токсин {Toxin} (Грязный Рамирес / RAM),4:40:40,ayl1es,донат,хорошечно + +,,,рэп,
22) Samwow — It's Closing Time! [Other Tower Lap 1],4:48:55,eurodance_with_cat,заказ,хорошечно - -,Игра,,электронное / инструментал,
23) ОбраDeОбри — ТВОЙ СЛАДКИЙ РУЛЕТ (SKYRIM SONG),4:59:05,Monstrrro,донат,хорошечно+,,,разное / рэп,
24) Falco — Rock Me Amadeus (Digitally Remastered and Upscaled),5:03:45,Napporaivo,заказ,атлична,,,поп / поп-рок / рэп,
25) Yellow Magic Orchestra — Firecracker (1978),5:14:45,ShadeR_93,донат,атлична,,,электронное / инструментал,
26) Mr. Sauceman — Way of the Pig (The Pig City B) [Pizza Tower OST],5:30:50,eurodance_with_cat,долг Х6👻,хорошечно-,Игра,,инди,
27) Panzer Flower feat. Hubert Tubbs — We Are Beautiful (Official Video),5:56:30,sniffd,донат,хорошечно,,,поп / инди,
28) Koizumi Kyoko — Kogarashi Ni Dakarete {木枯しに抱かれて} [Boku no Onna ni Te wo Dasu na OST],6:04:45,ShadeR_93,долг,атлична-,Фильм,,поп / поп-рок,
29) Coldplay — Viva La Vida (Official Video),6:16:35,Momonga,донат,атлична+,,,поп / поп-рок / оркестровое,
30) MYTH & ROID — shadowgraph [1 Opening Boogiepop wa Warawanai / Бугипоп никогда не смеётся; 2019 год],6:28:10,Тохехех,долг Х2,хорошечно + +,Аниме,,инди / поп,
31) Циркониевый Браслет — Криминал {Crime},6:43:40,ayl1es,донат,хорошечно-,,,инди / поп,
"32) DEAD BLONDE — Мальчик на девятке (Премьера клипа, 2021)",6:50:25,sniffd,заказ,ну такое,,,поп,
33) Yasunori Mitsuda — Corridors of Time {時の回廊} [Chrono Trigger OST],7:07:35,PerleSperling,долг Х6👻,атлична,Игра,,баллада / оркестровое,
"34) Jeff van Dyck, Richard Vaughan, James Vincent — Main Menu Background (Theme1: Time and Again; Theme 2: Amen) [Medieval II: Total War OST]",7:16:00,GameCloser,донат,хорошечно+,Игра,,оркестровое / фолк / инструментал,
35) Keiichi Okabe — City Ruins / Rays of Light {遺サレタ場所/斜光} [NieR: Automata OST],7:28:15,SinWarlock,долг,хорошечно + +,Игра,,баллада / оркестровое,
36) Lana Del Rey — Young and Beautiful [OST; The Great Gatsby / Великий Гэтсби],7:51:10,jerlybud,донат,хорошечно+,Фильм,,поп / баллада / оркестровое,
37) Selestinskiy — Я твой дом труба шатал!!! (Udio Ai),8:01:00,Selestinskiy,долг Х2,ну такое-,,,метал,
38) Taco — Puttin' On The Ritz (Official Video) [Puttin’ On the Ritz OST],8:09:05,sniffd,донат,атлична - -,Фильм,,поп / джаз / инди,
39) FantasticYouth — Koshaberi Biyori {小喋日和} [1/2 Ending Komi Can't Communicate Season 2 / У Коми проблемы с общением 2],8:22:50,AndrLord,заказ,гениально - -,Аниме,,поп / поп-рок,
40) Пикник — У шамана три руки,8:34:25,SinWarlock,донат,хорошечно,,,поп-рок / поп,
41) TK from Ling tosite sigure — Flower,8:43:35,contrast,долг Х6👻,атлична-,,,рок / поп-рок,
42) The Beatles — Strawberry Fields Forever [OST; Imagine: John Lennon / Представьте себе: Джон Леннон],9:01:15,Mapperino,донат,хорошечно+,Фильм,,поп-рок / поп,
43) Fools Garden — Lemon Tree (Official HD Video),9:14:00,Cybrex,долг,атлична -,,,поп ,
44) DAY6 — Breaking Down,9:22:40,Алока,донат,хорошечно-,,,рок,
45) David Hasselhoff — True Survivor [OST; Kung Fury / Кунг Фьюри],9:33:20,meganekka,заказ,хорошечно,Фильм,,поп,
46) Мельница — Дороги (Official video),9:51:20,MrPsarik,донат,атлична,,,фолк,
СТРИМ №81 (30.01.25),, ,,,,,,
ДОЛГОВОЙ,, ,,,,,,
1) Brainleak — Medically Deranged (Альбом; OFFICIAL DEMO STREAM; 2021),12:00,Laz Los,долг,нормас,,,метал,
2) Modjo — Lady(Hear Me Tonight) {lizard dancing to lady hear me tonight but it's actually synced} (ПОВТОР: СТРИМ №70; 4 трек от Boevaya_riba) [Grand Theft Auto V OST],38:40,SinWarlock,повтор,атлична,,,поп ,
3) Ai — Страна Лимония (Дюна - Страна Лимония; Ai Cover),44:50,MacTepOk,долг Х2,хорошечно-,,,поп,
4) ​flumpool — Yoru Wa Nemurerukai? {夜は眠れるかい?} [1 Opening Ajin: Demi-Human / Нелюдь],57:20,natsuki_05,долг Х3💀,атлична,Аниме,,поп-рок / рок,
5) Animenz — Kuusou Mesorogiwi {空想メソロギヰ} (Yousei Teikoku - Kuusou Mesorogiwi; Piano Cover) [1 Opening Mirai Nikki / Дневник будущего],1:14:20,Sheruka,долг Х6👻,хорошечно,Аниме,,фортепиано,
6) Imagine Dragons — Next To Me (Audio),1:25:25,Boevaya_riba,долг,атлична-,,,поп ,
7) Enako feat. PMarusama — Iden Teitei Meltdown {Aiden Melt Down / アイデン貞貞メルトダウン} [1 Opening Onimai: I'm Now Your Sister! / Мой братик теперь не братик!],1:35:15,Ivan_Vitalyevich,долг Х2,хорошечно+,Аниме,,поп,
8) Maria Zamora Y Sus Machachos — Mama El Baion,2:01:15,Monstrrro,заказ,хорошечно- (ДОЛБО ДОЛБО),,,фолк,
9) BACK-ON — Chain (AMV) [1 Opening Air Gear / Эйр Гир],2:11:50,BlackFlame,долг Х3💀,хорошечно-,Аниме,,рок / рэп,
10) Tycho — L (Unofficial Music Video),2:26:10,PerleSperling,долг Х6👻,хорошечно,,,инди / электронная,
11) Yasunori Mitsuda — Fort Dragonia {古龍の砦} [Chrono Cross OST],2:37:35,SinWarlock,долг,хорошечно+,Игра,,джаз / инструментал,
"12) Hideki Higuchi — Umarekawatta Atarashii Inochi (CLANNAD arrange album ""MABINOGI"") [OST; Clannad / Кланнад]",2:44:20,ziksp,заказ,хорошечно+,Аниме,,инструментал / оркестровое,
13) Kenshi Yonezu — Mainichi - Every Day {毎日},2:57:30,AndrLord,долг Х3💀,атлична - -,,,поп ,
14) FRUITS ZIPPER — Watashi no Ichiban Kawaii Tokoro {The Cutest Thing about Me / わたしの一番かわいいところ},3:07:50,Sheruka,долг Х6👻,нормас+,,,поп,
15) Sabaton — Defence Of Moscow (Official Music Video),3:19:25,Baikk,долг,хорошечно,,,метал,
"16) Hiroaki Tsutsumi, Toft Willingham, Chez & Jessica Gelinas — Greatest Strength [OST; Jujutsu Kaisen 0 Movie / Магическая битва 0. Фильм]",3:33:15,qwerty_24661,заказ,атлична+,Аниме,,рок / поп,
17) TK from Ling tosite sigure — UN-APEX [1/2 Ending Solo Leveling Season 2: Arise from the Shadow / Поднятие уровня в одиночку 2: Восстаньте из тени],3:43:45,contrast,заказ,атлична,Аниме,,рок,
СТРИМ №80 (28.01.25),, ,,,,,,
ДОЛГОВОЙ,, ,,,,,,
1) Hitsujibungaku — 1999 (THE FIRST TAKE),15:10,@tikkimik,заказ,нормас+,,,поп-рок / рок,
2) Ado — Where the Wind Blows {風のゆくえ} [UTA OST; One Piece Film: Red / Ван-Пис: Красный],30:50,AnonymousAdomin,заказ,атлична - -,Аниме,,баллада / оркестровое,
"3) Игорь Корнелюк — Город, которого нет [Бандитский Петербург OST]",40:50,SinWarlock,долг,атлична+,Фильм,,баллада / поп-рок ,
4) Renee Wagner — I’m Han Solo [Kinect Star Wars OST],55:55,ДокухэбиТатсу,долг Х2,хорошечно - -,Игра,,поп,
5) Ambo — Faces,1:05:00,Empersey,долг Х3💀,хорошечно + +,,,инди / рок / электронное,
6) Hiroyuki Sawano feat. mpi & Laco & Benjamin Anderson — Möbius [Opening Mobile Suit Gundam: Hathaway / Мобильный воин Гандам: Вспышка Хэтэуэй],1:16:30,Enotishche,долг Х6👻,атлична - -,Аниме,,поп-рок / рок,
7) Village People — YMCA (OFFICIAL Music Video 1978),1:27:05,sniffd,долг,атлична+,,,фанк / поп,
8) Sabaton — Christmas Truce (Official Music Video),1:34:15,Cybrex,долг Х2,атлична -,,,метал,
9) Мой Друг Трактор — Переводчики,2:09:40,AnToteKote,долг Х3💀,атлична-,,,джаз / инди,
10) Vanhelga — Sorg (OFFICIAL TRACK & LYRICS),2:19:00,JIooT,долг Х6👻,ну такое+,,,инди / рок,
11) Sabaton — Shiroyama (Official Lyric Video),2:29:55,Monstrrro,долг,хорошечно-,,,метал,
12) Queen — My Fairy King (Remastered 2011),2:41:10,Static_streams_,заказ,атлична - -,,,поп / рок / инди / поп-рок,
13) Blue October — The Feel Again(Stay),2:53:50,Elovir,долг Х3💀,хорошечно+,,,рок,
14) Александр Лушин & Мой Друг Трактор — К центру земного ядра [Колобаха OST],3:05:20,AnToteKote,долг Х6👻,хорошечно-,Фильм,,инди / поп,
15) Maxxytren & bulk_machine — ГИМН КАЧКОВ,3:14:40,sniffd,долг,кринж-контент (СОСИСКИ + МАЗИК),,,разное,
16) Tomonari Sora — Demons Banquet {鬼ノ宴},3:21:05,Madao,долг Х2,атлична+,,,инди / поп / джаз,
17) Mr. Sauceman — It's Pizza Time! [Pizza Tower OST],3:28:05,eurodance_with_cat,заказ,атлична,Игра,,инди / рок / электронное,
18) LiSA — Akeboshi {明け星} [Opening Demon Slayer: Kimetsu no Yaiba - The Movie: Mugen Train / Клинок рассекающий демонов: Бесконечный поезд. Фильм],3:36:40,Ivan_Vitalyevich,долг Х6👻,атлична-,Аниме,,рок ,
19) Ushiro Kara Hai Yori Tai G — Koi wa Chaos no Shimobe Nari {Love is the Servant of Chaos} [1/2 Opening Haiyore! Nyaruko-san 2 / Ползучий хаос Няруко-сан W!],3:48:05,ShadeR_93,долг,атлична-,Аниме,,поп,
20) Azis — Mrazish {Мразиш},4:10:25,Cybrex,долг Х2,хорошечно,,,поп,
21) Marcin feat. Tim Henson — Classical Dragon (Official Video),4:17:50,Lord_aluc,заказ,атлична+,,,инструментал,
22) Gwangil Jo — Mansae(Independence War Song),4:24:55,AnToteKote,долг Х6👻,хорошечно+,,,поп / рэп,
23) BadboyWR — РЫБА (GOTHIC RAP),4:34:50,ДокухэбиТатсу,долг,гениально- (РЫБА),,,рэп / разное,
24) natori & imase — Melodrama {メロドラマ},4:41:05,Madao,долг Х2,атлична+,,,поп,
СТРИМ №79 (26.01.25),, ,,,,,,
БЛАГОТВОРИТЕЛЬНЫЙ,, ,,,,,,
1) People In The Box — The Saints {聖者ちち} [1 Ending Tokyo Ghoul / Токийский гуль],16:45,@jamatar,очередь,атлична - -,Аниме,,инди / поп-рок,
2) Yoshihisa Hirano — The Emperor's Time [OST; Hunter x Hunter Movie 1: Phantom Rouge / Охотник х Охотник: Алая иллюзия],29:00,@Chef_Kykar,очередь,атлична,Аниме,,оркестровое / рок / инструментал,
3) Unheilig — Geboren um zu leben (Official Video),45:05,@Greykon,очередь,хорошечно,,,рок ,
4) PinpinNeon — Sky After Rain {ฟ้าหลังฝน} (Title Theme) [Terraria Calamity Infernum OST],54:15,BloodAlloy,очередь,нормас ++,Игра,,разное / инструментал,
5) Ferdi — 5H37 (Official video),1:05:50,Gen_etik,очередь,атлична-,,,инструментал ,
"6) AURORA — Murder Song(5, 4, 3, 2, 1) (The 2015 Nobel Peace Prize Concert)",1:13:25,Rokitou,очередь,атлична,,,баллада,
7) Queen — Dreamer's Ball (Official Lyric Video),1:23:20,static_streams,очередь,атлична-,,,джаз,
8) Tetsuya Shibata — Out of Darkness(Prologue) [Devil May Cry 4 OST],1:34:20,Eagler; sonyashaa,очередь,атлична,Игра,,оркестровое / мюзикл / опера,
9) IU — Jam Jam {잼잼},1:42:30,Kanashy Girl,очередь,хорошечно+,,,поп,
10) Block Story Ost Pirates — Ending [Block Story OST Pirates],1:52:05,@Nurzhan080808,очередь,нормас+,Игра,,инструментал / оркестровое,
"11) F4chick [Dr] — Вонизм (Official Music Video, 2025)",2:12:10,@Sanuck1,очередь,кринж-контент ++,,,рок,
"12) Tee Lopes — Lights, Camera, Action! (Studiopolis Zone Act 1) [Sonic Mania Plus OST]",2:26:15,oppux,очередь,атлична-,Игра,,джаз ,
13) Yolanda Be Cool & DCUP — We No Speak Americano (Official Video),2:35:15,@wersivok,очередь,хорошечно,,,электронное,
14) Shigeyoshi Kawagoe & Masaya Matsuura — Power Off! Power On! [UmJammer Lammy OST],2:44:05,eurodance_with_cat,очередь,атлична-,Игра,,рок ,
15) Empire of the Sun — Wandering Star [OST; Dumb and Dumber To / Тупой и ещё тупее],2:51:45,@EXNBATONO6ATACHIKZEKUNIRAINGUQOH,очередь,атлична - -,Фильм,,поп,
16) Hitsujibungaku — MAYOIGA {マヨイガ} (Shuta Hasunuma Philharmonic Orchestra) [OST; Misaki no Mayoiga / Заброшенный дом у мыса],3:00:35,@tikkimik,очередь,хорошечно,Фильм,,инди / рок / поп,
17) Mother Mother — Sick Of The Silence (Official Music Video),3:12:35,Micluxa,очередь,атлична -,,,рок / инди,
18) XOLIDAYBOY — Пожары (Official Video),3:20:00,Dmi_anna_dsgn,очередь,нормас+,,,рок,
19) Анжела Лондон — Голубь {Golub} (ГульГульГуль),3:44:10,Toxexex,очередь,кринж-контент+ (ГУЛЬ ГУЛЬ ГУЛЬ ГУЛЬ ГУЛЬ),,,разное / электронное,
20) ALI — CASANOVA POSSE [1/6 Opening Dr. Stone: Science Future / Доктор Стоун: Научное будущее],3:54:10,@DOMYHUK,очередь,атлична,Аниме,,джаз / поп,
21) BewhY — GOTTASADAE {가라사대},4:07:40,Zoddi,очередь,атлична,,,рэп ,
"22) Jesper Kyd — Light of the Imperium [Warhammer 40,000: Darktide OST]",4:15:50,@Bhaltair_Roshaun,очередь,атлична,Игра,,электронное / инструментал,
23) THE ORAL CIGARETTES — UNDER and OVER [1 Opening Raise wa Tanin ga Ii / Незнакомцы в другой жизни],4:24:35,@chernomorez,очередь,атлична,Аниме,,рок / поп-рок,
24) milet — Ordinary days [Hakozume: Tatakau! Koban Joshi OST],4:32:20,mage10,очередь,гениально -,Фильм,,поп ,
25) Green Apelsin — Мать Севера {Mother Of The North},4:42:30,@plyushaks,очередь,атлична,,,поп / рок / фолк,
26) Мельница — Господин горных дорог,4:50:25,@HidariYana,очередь,хорошечно,,,фолк,
"27) Kevin Penkin — Water Run [OST; Bye Bye, Earth / Пока-пока, Земля]",5:04:30,anna_251999,очередь,атлична+,Аниме,,оркестровое / инструментал,
28) OxT — HOLLOW HUNGER (Full Version) [1 Opening Overlord IV / Повелитель 4],5:12:30,Momonga,очередь,атлична+,Аниме,,рок / поп,
29) Yoh Kamiyama — Endroll [Ending Bleach: Thousand-Year Blood War Part 2 / Блич: Тысячелетняя кровавая война — Прощание],5:20:10,@glavniyangel,очередь,атлична - -,Аниме,,рок,
30) Evan Call — Frieren the Slayer [OST; Sousou no Frieren / Провожающая в последний путь Фрирен],5:25:55,meganekka,очередь,хорошечно+,Аниме,,оркестровое / инструментал,
31) White Ward — Cronus,5:31:05,@twidunbr,очередь,хорошечно,,,метал,
32) Go_A — ШУМ (Official Video),5:39:45,@rossvet28,очередь,атлична+,,,электронное / фолк,
33) Radiohead — Pyramid Song,5:51:55,@oryxtk,очередь,хорошечно,,,поп-рок / поп / инди,
34) Frederic — Kirabune,5:59:30,Svd_bb,очередь,атлична-,,,рок / поп-рок,
35) OneRepublic feat. Sheryfa Luna — Say(All I Need) {Say; A L'Infini} (French Duet Version),6:08:35,Boevaya_riba,очередь,хорошечно,,,поп,
СТРИМ №78 (25.01.25),, ,,,,,,
1) Piano Fantasia — Song for Denise (Maxi Version),11:00,ayl1es,донат,хорошечно-,,,поп,
2) Ado — Elf {エルフ} [Who Saw the Peacock Dance in the Jungle? OST],22:10,AnonymousAdomin,долг,атлична+,Фильм,,баллада / поп,
3) Raon Lee — Peace Sign {ピースサイン} (Kenshi Yonezu - Peace Sign; Cover) [1/2 Opening Boku no Hero Academia 2nd Season / Моя геройская академия 2],46:10,50 50,донат,хорошечно- (ШИРОКИЙ ВИЗУАЛ),Аниме,,поп-рок,
4) HOYO-MiX feat. Ziyu Che — Da Capo (Forest Capriccio Online Concert) [Honkai Impact 3rd OST],52:45,ДокухэбиТатсу,долг Х2,атлична,Игра,,поп / баллада / оркестровое,
5) Shigeyoshi Kawagoe & Masaya Matsuura — Fire Fire!! [UmJammer Lammy OST],1:05:10,eurodance_with_cat,заказ,атлична,Игра,,фанк,
6) Christopher Lennertz — Homelander in Hallway & I Can Do Anything / Finale (Homelander Theme) [The Boys OST],1:17:20,Warchief,донат,атлична+,Фильм,,инструментал / оркестровое,
7) Queen — Scandal (Official Video Remastered),1:24:40,Static_streams_,долг Х5⚰️,атлична+,,,поп-рок / рок,
8) Луна — Пальмира {Palmyra} (Official Audio),1:39:35,50 50,донат,нормас+,,,инди / поп,
8.5) Общение с Faryma.composer #5,2:10:00,Faryma.composer,,,,,,
"9) Manaka Kataoka, Maasa Miyoshi, Masato Ohashi, Tsukasa Usui — Demon Dragon (Final Boss Battle) [The Legend of Zelda: Tears of the Kingdom OST]",2:33:55,Yubeast,долг Х6👻,атлична+,Игра,,оркестровое / инструментал,
10) NILETTO — Любимка (Премьера клипа),2:46:45,sniffd,донат,атлична-,,,поп,
11) Kalafina — Oblivious (Live 2018) [Ending Kara no Kyoukai Movie 1: Fukan Fuukei / Граница пустоты 1: Вид с высоты],2:57:30,ShadeR_93,долг,хорошечно+,Фильм,,поп / баллада,
12) Михаил Круг — Фраер {Fraer},3:15:20,ayl1es,донат,атлична-,,,шансон,
"13) Tyler, The Creator feat. ScHoolboy Q & Santigold — Thought I Was Dead",3:26:40,Gogor,долг Х2,гениально-,,,рэп,
14) Ado — Elf {エルフ} (ПОВТОР: Этот стрим; 2 трек от AnonymousAdomin) [Who Saw the Peacock Dance in the Jungle? OST],3:49:15,AnonymousAdomin,повтор,атлична+,Фильм,,баллада / поп,
15) Shiro Sagisu — Angel of Doom(EM21) (TH & English Lyrics) [OST; Evangelion: 1.0 You Are (Not) Alone / Евангелион 1.11: Ты (не) один],4:01:05,meganekka,долг Х5⚰️,атлична+,Аниме,,оркестровое / инструментал,
16) Imagine Dragons — Monday (Official Music Video),4:17:30,Boevaya_riba,донат,атлична - -,,,поп / инди,
17) Royal Scandal feat. Machita Chima — Mermaid Theater {マーメイドシアター},4:27:00,Yun,долг Х6👻,атлична,,,шансон / поп,
18) Даня Милохин & Мумий Тролль — Башня {Tower} (Премьера клипа / 2021),4:40:10,sniffd,донат,нормас+,,,поп,
19) UPIKO — CROW {カラス},4:50:45,AnonymousAdomin,долг,атлична-,,,баллада,
19.5) Общение с Славой КПСС #6,5:01:50,Faryma.composer,,,,,,
20) Slowbarry — Мёртвый Внутри,5:16:45,Monstrrro,донат,ну такое,,,поп,
21) Yuu Miyashita — Kilmer {キルマー} (Niru Kajitsu feat. flower - Kilmer; Cover),5:24:10,Kanashy Girl,долг Х5⚰️,атлична-,,,поп-рок ,
22) Leat’eq — Tokyo,5:38:50,sniffd,донат,хорошечно,,,электронное / поп,
23) Mother Mother — Ghosting,5:45:35,FiLiUM,долг Х6👻,гениально - -,,,инди / поп,
24) ATL — Серпантин {Serpentine} (Lyric Video),5:57:25,ayl1es,донат,атлична -,,,рэп,
25) STARSET — Bringing It Down(Version 2.0) (Official Music Video),6:05:10,strelokin,долг Х2,атлична-,,,метал,
26) Good Knight Productions — Gourmet Race [Kirby: Super Star OST],6:18:25,laitsberg,донат,атлична (НАШ КИРБЯРА),Игра,,электронное / инструментал,
27) Zhou Shen & HOYO-MiX — Rubia [Honkai Impact 3rd OST],6:24:35,ДокухэбиТатсу,заказ,атлична -,Игра,,баллада,
28) группа БУТЫРКА — А для вас я никто (Official video; HD remastering),6:33:25,ayl1es,донат,нормас-,,,шансон,
29) MILLENNIUM PARADE feat. Belle — U [Ending Belle / Дракон и принцесса с веснушками],6:43:20,Тохехех,долг Х2,гениально,Фильм,,инди / поп,
30) Imagine Dragons — Yesterday (Music Video),6:56:05,Boevaya_riba,донат,хорошечно,,,инди / поп,
31) ON/OFF — Futatsu no Kodomo Akai Tsumi {ふたつの鼓動と赤い罪} [1 Opening Vampire Knight / Рыцарь-вампир],7:04:45,Momonga,донат,нормас+,Аниме,,рок / поп-рок,
32) Hallo Cel feat. Hatsune Miku & Kasane Teto — CandyCookieChocolate {🍭🍪🍫 / キャンディークッキーチョコレート},7:19:45,mx14,долг Х5⚰️,хорошечно - -,,,поп / электронное,
33) Meiyo — Question {クエスチョン},7:29:50,fortchka,долг Х6👻,атлична-,,,поп ,
"34) Группа Беломорканал — Воруйте, Братья",7:46:15,ayl1es,донат,хорошечно-,,,шансон,
35) Queen — Bohemian Rhapsody (Official Video Remastered),7:57:20,Static_streams_,долг,гениально - -,,,разное / рок / баллада ,
36) Hikaru Utada — Beautiful World (Da Capo Version) [OST; Evangelion: 1.0 You Are (Not) Alone / Евангелион 1.11: Ты (не) один],8:30:05,anna_251999,донат,атлична-,Аниме,,поп / баллада ,
37) Thousand Foot Krutch — War of Change (Official Music Video),8:48:30,strelokin,долг Х2,хорошечно - -,,,рок,
"38) Tyler, The Creator feat. GloRilla, Sexyy Red & Lil Wayne — Sticky",8:59:25,Gogor,донат,гениально - -,,,рэп,
39) ASH DA HERO — Judgement [2 Opening Blue Lock / Синяя тюрьма: Блю Лок],9:10:05,Кот на арбузе,долг Х5⚰️,атлична+,Аниме,,рок / рэп,
40) Natalie Imbruglia — All The Magic [Winx Club: The Secret of the Lost Kingdom OST],9:18:00,anna_251999,донат,хорошечно-,Фильм,,поп,
СТРИМ №77 (23.01.25),, ,,,,,,
ДОЛГОВОЙ,, ,,,,,,
1) KOKIA — Nageki no Oto (Sub Español) [Ending Break Blade Movie 6: Doukoku no Toride / Сломанный меч 6: Цитадель скорби],6:15,anna_251999,долг,атлична -,Аниме,,фолк / баллада,
2) SOOOO feat. Kagamine Len — illloved,20:10,Cybrex,заказ,хорошечно+,,,разное,
3) KAKU P-MODEL — White and Huge {白く巨大で} (Live),42:30,PerleSperling,долг Х5⚰️,нормас+,,,электронное / разное,
4) Currents — Better Days (OFFICIAL AUDIO STREAM),55:50,Кто-то там,долг Х6👻,хорошечно -,,,метал,
5) David Guetta feat. Sia — Titanium (Official Video),1:10:55,sniffd,долг,атлична+,,,поп,
6) Blind Guardian — The Bard’s Song(In The Forest) (OFFICIAL MUSIC VIDEO),1:21:00,SinWarlock,долг Х2,хорошечно-,,,фолк / баллада,
7) Guilhem Desq — Cicatrices (Hurdy Gurdy / Колёсная лира),1:40:40,PrincessLucy,долг Х5⚰️,атлична,,,фолк,
8) DEVILOOF — Libido (Official Music Video),1:53:00,НеАноним(фанат декскора),заказ,хорошечно+,,,метал,
9) Ado feat. Hatsune Miku — Culture {Karucha / カルチャ} (Tsumiki feat. Hatsune Miku — Culture; Cover; #MikuChallenge),2:05:00,AnonymousAdomin,заказ,хорошечно,,,поп,
10) Imagine Dragons — Giants (Official Lyric Video),2:12:55,Boevaya_riba,долг Х2,атлична,,,поп / инди / поп-рок,
11) Katsuo Ohno — Detective Conan Main Theme (Captured In Her Eyes Version) [OST; Detective Conan / Детектив Конан],2:20:20,Kanashy Girl,долг Х5⚰️,хорошечно+,Аниме,,инструментал / фанк,
12) MAN WITH A MISSION — INTO THE DEEP (Japanese Movie) [Ending Godzilla vs. Kong / ゴジラvsコング],2:27:25,MidoriRock,долг Х6👻,атлична+,Фильм,,рок / поп-рок,
13) Jackie-O — Touch You (Shiritsu Morimori Gakuen Seishun Boys — Touch You; RUS Cover) [1 Ending Yarichin Bitch Club / Клуб Яритин],2:38:35,anna_251999,заказ,ну такое+ (УА УА УА),Аниме,,разное / поп,
14) Louis Armstrong — What A Wonderful World (Official Video),2:50:50,Sammy Willbur,заказ,гениально-,,,джаз / баллада / поп,
15) the GazettE — THE MORTAL,2:59:50,НеАноним(фанат декскора),долг Х5⚰️,хорошечно-,,,метал,
"16) Kohei Tanaka & Shiro Hamaguchi — We Did It! Party! [OST, One Piece / Ван-Пис / Большой куш]",3:09:40,Yubeast,долг Х6👻,атлична+,Аниме,,оркестровое / инструментал,
17) UtataP ft. MAYU — I Fall...and Stay Down {Nanakorobi Yaokinai / 七転び八起きない} (rus sub),3:16:55,ShadeR_93,долг,хорошечно-,,,электронное / инди,
18) Король и Шут — Парень и Леший {A Guy and a Wood Goblin},3:32:10,SinWarlock,долг Х2,хорошечно-,,,рок,
19) Red Velvet — Cosmic,3:44:20,Kanashy Girl,долг Х5⚰️,атлична-,,,поп,
20) Kagami from DEXCORE — Show (Ado - Show; Cover),3:56:45,НеАноним(фанат декскора),долг Х6👻,гениально-,,,метал,
СТРИМ №76 (21.01.25),, ,,,,,,
ДОЛГОВОЙ,, ,,,,,,
1) Fujii Kaze — Hana {花} (Official Video) [My Beloved Flower OST],9:10,Madao,долг,атлична -,Фильм,,поп,
2) Kaoru Akimoto — Dress Down (Official Lyric Video),23:10,ShadeR_93,долг Х2,атлична+,,,поп / джаз,
"3) KOTOKO — Re-sublimity [1 Opening Kannazuki no Miko / Жрица Луны, жрица Солнца]",37:55,egorkasprigorca,долг Х3💀,хорошечно+,Аниме,,поп,
4) David Bowie — Space Oddity (Official Video),50:55,Alan008,долг Х5⚰️,гениально - -,,,поп / баллада,
5) Rom1o — Pure Chaos (Original Mix),1:11:35,Rom1o,долг Х6👻,хорошечно-,,,инструментал / электронное,
6) Hiiragi Magnetite feat. Kasane Teto — Tetoris {テトリス},1:26:45,Monstrrro,долг,хорошечно-,,,поп ,
7) Imagine Dragons — Nothing Left To Say (Art Film),1:37:00,Boevaya_riba,долг Х2,хорошечно+,,,поп ,
8) 2hollis — all 2s,1:48:10,Not1ce7iq,долг Х3💀,атлична -,,,электронное,
9) Baycunn & Dozzyrok — Boss Theme (Hatsune Miku) [Yo! Noid 2: Enter the Void OST],2:12:00,eurodance_with_cat,долг Х5⚰️,хорошечно -,Игра,,инди / электронное,
10) Marilyn Manson — One Assassination Under God (Music Video),2:25:30,НеАноним(фанат декскора),долг Х6👻,хорошечно-,,,метал,
11) Imagine Dragons — Shots,2:42:15,GameCloser,заказ,хорошечно+,,,поп,
12) SiM — UNDER THE TREE (Full Length Ver.; Anime Special Ver.) [Ending Shingeki no Kyojin: The Final Season - Kanketsu-hen / Атака титанов: Финал — Заключительная глава],2:54:45,Sendy Polaris,заказ,нормас+,Аниме,,метал,
13) PassCode — SKILLAWAKE [1/2 Opening Reincarnated as an Aristocrat with an Appraisal Skill Season 2 / Перерождение в аристократа со способностью анализа 2],3:11:45,anna_251999,долг,нормас+,Аниме,,поп-рок / рок,
14) Yasunori Mitsuda — Whirlwind {疾風} [Chrono Cross OST],3:34:50,SinWarlock,долг Х2,нормас+,Игра,,инструментал / электронное,
15) Camille — Le Festin [Ratatouille OST],3:42:20,Alan008,долг Х5⚰️,гениально - -,Фильм,,баллада,
16) The Living Tombstone — My Ordinary Life [OST Remix; Nichijou / Мелочи жизни],3:54:05,Eagler,долг Х6👻,хорошечно,Аниме,,поп,
17) Darren Korb — Paper Boats [Transistor OST],4:06:45,Boevaya_riba,долг,хорошечно+,Игра,,инди / баллада,
18) Ado — FREEDOM,4:20:10,AnonymousAdomin,долг Х2,хорошечно+,,,рок,
19) Hugh Laurie — St. James Infirmary,4:32:15,PerleSperling,долг Х5⚰️,хорошечно,,,джаз,
20) Imagine Dragons — Gold (Official Music Video),4:48:55,Boevaya_riba,долг Х6👻,хорошечно+,,,поп-рок,
20.5) Смотрим UNUSUAL MEMES COMPILATION,5:04:40,Faryma.composer,,,,,,
СТРИМ №75 (18.01.25),, ,,,,,,
1) Bomfunk MC's — Freestyler (Video Original Version),14:10,Svd_bb,заказ,атлична,,,рэп,
"2) London Music Works — Arthas, My Son - Dragon's Rest - Mother's Lament (Composed by Neal Acree, Jason Hayes, Derek Duke, Russell Brower, and Glenn Stafford) [World of Warcraft: Wrath of the Lich King OST]",25:00,jackie,донат,хорошечно,Игра,,оркестровое / инструментал,
3) Twenty One Pilots — Stressed Out,49:10,sniffd,долг,атлична+,,,поп,
3.5) YouTube каналы нарезок со стримов Faryma.composer,59:25,Faryma.composer,,,,,,
4) Dreamcatcher — VISION,1:04:00,RamWhite,донат,хорошечно+,,,поп,
5) Queens Of The Stone Age — First It Giveth,1:14:10,strowner,долг Х2,нормас+,,,рок,
6) Philip Quast — Javert's Suicide (Live),1:25:15,Historiker Turquoise,донат,атлична+,,,мюзикл / опера,
7) Billy Idol — Eyes Without A Face,1:35:20,ayl1es,долг Х4☠️,хорошечно+,,,поп / поп-рок,
8) Игорь Вихорьков — Тёща приехала в гости {Mother-in-law came to visit} (Битмейкер COLESLOW),1:47:00,Monstrrro,донат,ну такое- (ОЦЕНКА ЧПОКНУЛ),,,поп ,
8.5) Обсуждение правил заказа треков + Общение с Славой КПСС #5,2:06:00,Faryma.composer,,,,,,
9) Malice Mizer — Ju Te Veux (Gackt Era; Romaji Lyrics),2:29:30,НеАноним(фанат декскора),долг Х5⚰️,нормас+,,,поп,
10) Король и Шут — Два Монаха в Одну Ночь {Two Monks in One Night},2:40:25,SinWarlock,донат,атлична,,,поп-рок / рок,
11) Electric Light Orchestra — Ticket To The Moon (Official Video),2:46:45,Alan008,долг,атлична+,,,поп / баллада,
"12) Original Broadway Cast of Hamilton & Renée Elise Goldsberry — Satisfied (Animatic) (ПОВТОР: СТРИМ №20; 1 трек от ""Kanashy Girl"")",2:59:30,jefj29,повтор,атлична,,,мюзикл / опера,
13) Yasushi Ishii — Dracula's holy pupil and R&R {R&R with Dracula's Minions} [OST RAID Track 7; Hellsing / Хеллсинг: Война с нечистью],3:13:15,meganekka,заказ,атлична,Аниме,,рок / инструментал,
14) SEX-O-RAMA — Doctor Sex,3:21:45,ayl1es,донат,нормас+ (хорошечно+ в моменте),,,фанк / инструментал,
14.5) Экспериментируем с Пианино,3:57:25,Faryma.composer,,,,,,
15) Chogakusei feat. Ado — Girl Eraser {少女ケシゴム / Shoujo Keshigomu} (MARETU - Girl Eraser; Cover),4:04:25,AnonymousAdomin,заказ,атлична - -,,,поп / поп-рок,
16) Dr. Dre feat. Eminem & Skylar Grey — I Need a Doctor (Explicit),4:15:25,sniffd,донат,атлична,,,рэп,
17) Kyle Xian — Piano Mix - WILD BLOODY TANK! (Wild Side X BLOODY STREAM X Tank!) [BEASTARS X JOJO X Cowboy Bebop Openings],4:27:25,Alan008,долг Х5⚰️,ну такое+,Аниме,,разное / фортепиао,
18) Pompeya — 90 (Official Video),4:37:30,FallenSxde,заказ,атлична -,,,поп,
19) АК-47 — Ты олень тупой {You're a stupid deer},4:49:20,ayl1es,донат,ну такое,,,рэп,
"20) Tyler, The Creator — EARFQUAKE",4:57:25,jackie,долг,атлична,,,поп,
21) milet — Drown [2 Ending Vinland Saga / Сага о Винланде],5:07:45,AndrLord,донат,атлична-,Аниме,,поп / баллада,
22) Travis Scott — MY EYES (Official Audio),5:18:30,iromzy1337,заказ,атлична,,,рэп,
23) Dead or Alive — You Spin Me Round(Like a Record) (Official Video),5:51:40,sniffd,донат,атлична,,,поп,
24) SennaRin — Saihate {最果て} [1 Ending Bleach: Thousand-Year Blood War / Блич: Тысячелетняя кровавая война],6:01:10,Enotishche,заказ,атлична - -,Аниме,,поп,
25) Los Angeles Philharmonic & Gustavo Dudamel — Scherzo for Motorcycle and Orchestra (Composed by John Williams; Live) [Indiana Jones and the Last Crusade OST],6:11:00,Alan008,долг Х4☠️,атлична,Фильм,,оркестровое / инструментал,
26) Ado — Ashura-Chan {阿修羅ちゃん} [Doctor-X: Surgeon Michiko Daimon OST],6:20:45,Чар,донат,атлична+,Фильм,,поп / фанк,
27) the GazettE — The Suicide Circus,6:31:10,НеАноним(фанат декскора),долг Х5⚰️,атлична,,,метал,
28) Jun Togawa — Radar Man (2016 Remaster),6:40:00,ShadeR_93,донат,атлична -,,,поп / инди / поп-рок,
29) Boney M. — Ma Baker (Sopot Festival 1979),6:49:50,sniffd,долг, гениально -,,,поп,
30) Kyuss — N.O.,7:00:10,Чар,донат,нормас+,,,рок / инди,
31) Epic Rap Battles of History — Alexander the Great vs Ivan the Terrible,7:12:50,ArtOkno_LG,заказ,хорошечно (ERB ЭПИК РЭП БАТТЛ!),,,рэп,
"32) Второй Ка — Дура (Премьера клипа, 2024)",7:20:00,ayl1es,заказ,хорошечно+,,,поп / инди,
33) Ado — READYMADE {レディメイド},7:27:00,AnonymousAdomin,заказ,атлична -,,,поп / фанк,
34) Boney M. — Rasputin (Sopot Festival 1979),7:37:35,sniffd,донат,гениально-,,,поп / фанк,
35) Dir En Grey — Cage,8:00:05,НеАноним(фанат декскора),долг Х4☠️,хорошечно+,,,рок,
36) Truckfighters — Superfunk,8:11:25,Чар,донат,хорошечно+,,,рок / инди,
37) Yasunori Mitsuda — Fort Dragonia (20th Anniversary Live Tour 2019) [Chrono Cross OST],8:21:15,PerleSperling,долг Х5⚰️,гениально,Игра,,инструментал / фолк / джаз,
38) Eir Aoi — Lapis Lazuli {ラピスラズリ} [1 Ending Arslan Senki TV / Сказание об Арслане 2015г.],8:31:40,BlackFlame,донат,хорошечно+,Аниме,,поп,
"39) Tyler, The Creator — GONE, GONE / THANK YOU",8:40:40,Gogor,долг,атлична,,,рэп / поп ,
40) Lady Gaga — Poker Face (Official Music Video),9:00:05,sniffd,донат,атлична+,,,поп,
41) Katteni-Shiyagare — Auvers Blue [1 Opening Kemonozume / Когти зверя],9:10:30,Тохехех,долг Х2,атлична (БОБЕЕЕЕЕЕЕР),Аниме,,джаз ,
"42) Tyler, The Creator — IGOR'S THEME",9:20:00,Gogor,донат,атлична+,,,рэп / поп,
43) Gorillaz feat. Thundercat — Cracker Island,9:29:20,Cybrex,долг Х4☠️,атлична-,,,поп / инди,
44) Zmey gorynich — Чуешь мою страсть? (Bring Me The Horizon - Can You Feel My Heart; RUS Cover),9:39:50,Red_Bear,донат,хорошечно+,,,метал,
45) Revolver — Get Around Town,9:49:25,Враг тишины,долг Х5⚰️,атлична-,,,инди ,
46) Dawid Podsiadło & P.T. Adamczyk — Phantom Liberty (Official Cyberpunk 2077 Music Video) [Cyberpunk 2077: Phantom Liberty OST],10:03:00,Cybrex,донат,атлична+,Игра,,баллада / оркестровое,
47) Hiroko Yakushimaru — Woman [Tragedy Of W OST],10:13:20,ShadeR_93,долг,хорошечно+,Фильм,,поп,
48) Alina Gingertail — Tristram Theme (Matt Uelmen - Tristram Theme; Cover) [Diablo OST],10:22:15,SinWarlock,донат,атлична,,,фолк,
49) Ssshhhiiittt! — домой {home} (Lyric Video),10:32:35,jogki,заказ,хорошечно - -,,,инди / баллада,
50) Darren Korb feat. Ashley Barrett — The Spine [Transistor OST],10:42:10,Boevaya_riba,донат,атлична - ,Игра,,инди / баллада,
СТРИМ №74 (16.01.25),, ,,,,,,
ДОЛГОВОЙ,, ,,,,,,
1) DALI — Moonlight Densetsu [1 Opening Sailor Moon / Красавица-воин Сейлор Мун],5:45,ShadeR_93,долг,хорошечно+,Аниме,,поп,
2) Mili — Grown-up's Paradise [Arknights OST],22:40,jefj29,заказ,хорошечно+,Игра,,поп,
"3) Betsy, Мария Янковская — SIGMA BOY {Сигма Бой} (Выступление на Детском радио)",34:40,sniffd,заказ,ну такое,,,поп,
4) Wulfband — Eiszeitgeist,45:20,Darhalas,заказ,хорошечно+,,,электронное,
5) Pavluchenko & Alexey Krivdin — Река {A River},54:00,rest1313,долг Х3💀,хорошечно,,,поп,
6) The Beloved — Sweet Harmony (Official Video),1:03:55,ayl1es,долг Х4☠️,атлична-,,,поп,
7) John Williams — The Princess Appears [Star Wars. Episode IV: A New Hope OST],1:15:30,oppux,заказ,атлична,Фильм,,оркестровое / инструментал,
8) Queen — Heaven For Everyone (Official Video),1:27:10,Static_streams_ ,заказ,хорошечно+,,,поп / поп-рок,
9) Metronomy — The Look (Official Video),1:37:15,sniffd,долг,хорошечно+,,,инди / поп,
10) Мой Друг Трактор — Манекен,1:45:35,AnToteKote,заказ,хорошечно-,,,инди,
11) Masaru Yokoyama — Fate/Apocrypha [Fate/Apocrypha OST],2:06:50,Verzweiflung12,долг Х3💀,атлична,Аниме,,инструментал / джаз / фанк,
12) Ado — Basket Worm {Minomushi / バスケットワーム} (GUMI feat. MI8k - Basket Worm; Cover),2:19:00,AnonymousAdomin,долг Х4☠️,хорошечно,,,рок / поп-рок,
13) the GazettE — Taion {体温} (Sub. Español),2:29:25,НеАноним(фанат декскора),долг Х5⚰️,хорошечно,,,метал,
13.5) Общение с Славой КПСС #3,2:45:55,Faryma.composer,,,,,,
14) POLKADOT STINGRAY — Keshin {化身} [A.I.M.$: All you need Is Money OST],3:04:00,Cybrex,заказ,атлична-,Игра,,поп-рок,
15) Haywyre — Insight (Live Performance; Monstercat Release),3:13:10,Verzweiflung12,заказ,атлична - -,,,инструментал / джаз,
15.5) Общение с Славой КПСС #3.5,3:21:40,Faryma.composer,,,,,,
16) 5 Seconds of Summer — Teeth (Official Video),3:32:25,Sammy Willbur,долг Х4☠️,атлична-,,,поп,
17) milet — Final Call [Seven Secretaries: The Movie OST],3:41:05,mage10,заказ,атлична+,Фильм,,поп-рок / рок,
18) CircusP feat. Hatsune Miku — Ten Thousand Stars (rus sub),3:51:40,mx14,долг Х5⚰️,нормас+,,,поп,
19) Jun Togawa — Suki Suki Daisuki {好き好き大好き} (Official Music Video),4:02:20,ShadeR_93,долг,хорошечно-,,,инди / поп,
20) Tim Wynn — Red Rock for Mother Russia [Command & Conquer: Red Alert 3 OST],4:11:25,strowner,долг Х2,хорошечно-,Игра,,метал / инструментал,
21) Official HIGE DANdism — Saigo no Koiwazurai {最後の恋煩い},4:21:15,scuk0_bl1n,заказ,атлична+,,,фанк ,
22) Tobi King — Loli Mou (айдигидигидай),4:34:10,Eagler,долг Х5⚰️,хорошечно+,,,поп,
"23) Darren Korb feat. Ashley Barrett — Setting Sail, Coming Home (End Theme) [Bastion OST]",4:42:40,SinWarlock,долг,атлична-,Игра,,инди / рок,
23.5) Общение с Славой КПСС #4,4:49:20,Faryma.composer,,,,,,
СТРИМ №73 (13.01.25),, ,,,,,,
 АКАДЕМИЧЕСКИЙ 𝄞⨾𓍢ִ໋ ,, ,,,,,,
1) Nikolai Lugansky — Rachmaninoff: Prelude Op. 23 No. 5 in G Minor (composer Sergei Rachmaninoff),7:10,actusfide,донат,атлична+,,,фортепиано ,
"2) Royal Liverpool Philharmonic Orchestra, Sir Charles Mackerras — Holst: The Planets, Op. 32: IV. Jupiter, the Bringer of Jollity (composer Gustav Holst)",23:50,ShadeR_93,донат,гениально-,,,оркестровое / инструментал,
"3) Maurizio Pollini — Chopin: 12 Études, Op. 10 - No. 6 in E-Flat Minor ""Lament"" (composer Frederic Chopin)",46:45,actusfide,донат,атлична-,,,фортепиано ,
4) WDR Funkhausorchester — Bella's Lullaby (Carter Burwell - Bella's Lullaby; Original) [The Twilight Saga OST],1:06:05,Алока,донат,хорошечно-,Фильм,,оркестровое / инструментал,
"5) Lang Lang — Études, Op. 25: No. 1 in A-Flat Major (composer Frederic Chopin)",1:14:50,actusfide,донат,атлична,,,фортепиано ,
6) Nicolas Chalvin & Orchestre de Chambre de Lausanne — Musique pour faire plaisir (After Francis Poulenc) (composer Jean Françaix),1:24:55,Paper_Tulip,донат,гениально-,,,оркестровое,
"7) Evgeny Kissin — Chopin Etude Op. 25, No. 12 'Ocean' in C Minor (Verbier 2021; composer Frederic Chopin)",1:52:25,actusfide,донат,атлична+,,,фортепиано ,
8) Paavo Järvi & NHK Symphony Orchestra — Requiem for Strings (composer Toru Takemitsu),2:22:20,laitsberg,донат,атлична-,,,оркестровое,
9) Arno Harutyuni Babadjanian — Elegy (composer Aram Khachaturian),2:39:55,actusfide,донат,атлична,,,фортепиано ,
"10) Berlin Philharmonic & Sir Simon Rattle — The Nutcracker, Op. 71, Act 2: No. 14a, Pas de deux. Andante maestoso (composer Pyotr Ilyich Tchaikovsky)",2:50:50,Алока,донат,гениально,,,оркестровое / инструментал,
"11) Luciano Pavarotti, Herbert von Karajan & Berliner Philharmoniker — La bohème, Act I: Che gelida manina (composer Giacomo Puccini)",3:01:30,GameCloser,донат,гениально - -,,,опера / мюзикл,
"12) Mirella Freni, Herbert von Karajan, Berlin Philharmonic & Luciano Pavarotti — La bohème, Act I: Sì. Mi chiamano Mimì (composer Giacomo Puccini)",3:09:30,GameCloser,донат,гениально - -,,,опера / мюзикл,
"13) Herbert von Karajan, Berlin Philharmonic, Luciano Pavarotti & Mirella Freni — La bohème, Act I: O soave fanciulla (Love Duet) (composer Giacomo Puccini)",3:17:40,GameCloser,донат,гениально - -,,,опера / мюзикл,
"14) Eugene Ormandy & The Philadelphia Orchestra — Caucasian Sketches for Orchestra, Op. 10: Procession of the Sardar (composer Michail Ippolitov-Ivanov)",3:28:35,ShadeR_93,донат,гениально - -,,,оркестровое / инструментал,
"15) Jean Rondeau — Pièces de clavecin, Book 1 (1746): No. 11 Le Vertigo - Rondeau (composer Joseph-Nicolas-Pancrace Royer)",3:40:30,MacTepOk,донат,атлична,,,фортепиано ,
"16) Thomas Dunford, Jupiter Ensemble & Lea Desandre — Semele, HWV 58, Act 3: ""No, No, I’ll Take No Less"" (composer George Frideric Handel)",3:53:55,eu_gor,заказ,гениально - -,,,оркестровое,
"17) Sergei Prokofiev — Dance of the Knights (Restored Audio, 1935; Romeo&Juliet - Classical)",4:05:05,ShadeR_93,донат,гениально ,,,оркестровое,
"18) Herbert von Karajan & Berliner Philharmoniker — Symphony No. 9 ""From the New World"" (ПОВТОР: СТРИМ №45; 22 трек от ""Madao; Oldfanmusic""; composer Antonín Dvořák)",4:15:30,ShadeR_93,повтор,гениально-,,,оркестровое,
"19) Andrew Davis — 5 Pomp and Circumstance Marches, Op. 39: No. 1 in D Major 'Land of Hope and Glory' (composer Edward Elgar)",4:23:50,ShadeR_93,донат,атлична+,,,оркестровое,
СТРИМ №72 (11.01.25),, ,,,,,,
1) Shunsuke Kida — One Who Craves Souls [Demon’s Souls OST],15:20,actusfide,донат,хорошечно-,Игра,,оркестровое / инструментал,
2) Eve — Goodbye Endroll {さよならエンドロール},36:30,jefj29,долг,атлична,,,поп / поп-рок,
3) Shishiro Botan — Lioness’ Pride,49:45,Aleks kun,донат,нормас+,,,поп / электронное,
4) DAOKO & Kenshi Yonezu — Uchiage Hanabi {打上花火} [OST; Fireworks / Как смотреть фейерверк],1:08:05,AndrLord,заказ,атлична-,Фильм,,поп ,
5) Hideki Higuchi — Run Along the Chartreuse Pavement {萌葱色の石畳を駆ける / Moegiiro no Ishidatami o Kakeru} [OST; Clannad / Кланнад],1:18:50,ziksp,заказ,атлична,Аниме,,фолк / инструментал / оркестровое,
6) Coldplay — Hymn For The Weekend (Official Video),1:34:15,sniffd,донат,гениально-,,,поп / поп-рок,
"7) Kitto, Zutto, Bocchi. feat. Ado — Fukan, Ai o Odoru. {俯瞰、愛を躍る。}",1:43:30,AnonymousAdomin,долг Х4☠️,атлична-,,,поп / инди,
8) Legio Symphonica — Sol Invictus [Roblox OST],1:52:05,50 50,донат,нормас+,Игра,,оркестровое / инструментал,
9) jon-YAKITORY feat. Ado — Rasen {蝸旋} (Offcial Video) [Lost Jujement Cinematic],2:17:10,AnonymousAdomin,долг Х3💀,хорошечно+,Игра,,рок / поп ,
10) Frank Klepacki — Hell March 2 [Command & Conquer: Red Alert 2 OST],2:30:00,МикТланТекуТли,донат,гениально - -,Игра,,рок / электронное / инструментал,
11) HOYO-MiX — God-Devouring Mania [Genshin Impact OST],2:44:00,laitsberg,долг,хорошечно+,Игра,,оркестровое / инструментал,
12) Марина Ланда & Сергей Васильев — Погоня (AMV) [Смешарики OST],2:56:25,50 50,донат,хорошечно+ (ОЦЕНКА ТРЕКУ),Фильм,,разное,
13) Ennio Morricone — Man With A Harmonica [Once Upon A Time In The West OST],3:00:50,Mister_Flicker,заказ,гениально - -,Фильм,,оркестровое / инструментал,
14) Tetsuya Kazuki — Bloody Tears (Kenichi Matsubara - Bloody Tears; Cover) [Castlevania II: Simon's Quest OST],3:09:20,МикТланТекуТли,заказ,нормас+,Игра,,рок / инструментал,
15) Nekomata Okayu & Tokoyami Towa — In The Bathroom {浴槽とネオンテトラ} (REISAI feat. ​flower - In The Bathroom; Cover),3:18:45,Aleks kun,донат,хорошечно-,,,поп ,
16) Meg & Dia — Monster,3:30:55,Cybrex,долг Х3💀,хорошечно+,,,рок,
17) Crazy Frog — Axel F (Harold Faltermeyer - Axel F; Original),3:38:45,50 50,донат,хорошечно+,,,электронное,
18) Imagine Dragons — Follow You (Official Music Video),3:48:35,Летта,долг Х4☠️,гениально - -,,,поп,
19) Takane Lui — Overd {オーバード},3:58:30,Aleks kun,донат,хорошечно+,,,поп / джаз,
"20) Yasushi Ishii — P.S. Namuamidabutsu {P.S.南無阿弥陀仏} [OVA 8, Ending Hellsing Ultimate / Хеллсинг OVA]",4:24:25,dirk young,долг,нормас+,Аниме,,рок,
21) Dmitry V. Silantyev — Main Theme [Deathless. Tales of Old Rus OST],4:36:05,МикТланТекуТли,донат,хорошечно,Игра,,оркестровое,
22) HOYO-MiX — Hope or Nostalgia [Genshin Impact OST],4:42:40,laitsberg,долг Х2,хорошечно,Игра,,оркестровое / инструментал,
22.5) Импровизация от Faryma.composer по теме трека,4:46:10,Faryma.composer,,,,,,
23) Borislav Slavov — Down by the River [Baldur's Gate 3 OST],4:51:20,ayl1es; Historiker Turquoise,донат,атлична-,Игра,,оркестровое / инструментал,
24) Phil Collins — Another Day In Paradise (Official Music Video),4:58:50,ayl1es,долг Х3💀,гениально-,,,поп,
25) Ookami Mio — Howling (Original MV),5:09:40,Aleks kun,донат,атлична - -,,,поп-рок / рок,
26) Taku Iwasaki — Awaken (Pillar Men Theme) [OST; JoJo's Bizarre Adventure / Невероятное приключение ДжоДжо 2012г.],5:20:30,Eagler,долг Х4☠️,атлична+ (АЙАЙАЙАЙИИ 3 МУЖИКА),Аниме,,инструментал / рок,
27) Нина Бродская — Звенит январская вьюга [Иван Васильевич меняет профессию OST],5:31:10,laitsberg,донат,гениально - -,Фильм,,поп,
28) ALI feat. Mummy-D — NEVER SAY GOODBYE [1/4 Opening Golden Kamuy 4th Season / Золотое божество 4],5:43:30,AndrLord,долг,гениально -,Аниме,,рок / поп,
29) Татьяна Дасковская — Прекрасное далёко [Гостья из будущего 1985г. OST],6:11:10,Monstrrro,донат,гениально - -,Фильм,,поп,
30) Dir En Grey — DIFFERENT SENSE,6:26:55,НеАноним(фанат декскора),долг Х3💀,хорошечно+,,,метал,
31) Алла Пугачева — Старинные часы (1982г.),6:40:05,Oldfanmusic,донат,атлична+,,,поп,
32) the GazettE — VORTEX,6:50:05,НеАноним(фанат декскора),долг Х4☠️,атлична+,,,метал,
33) Gero — SHANTI {シャンティ} (wotaku feat. KAITO - SHANTI; Cover),7:05:00,Aleks kun,донат,атлична+,,,поп / рэп,
34) HOYO-MiX — Venture of Tonalamatl [Genshin Impact OST],7:11:05,laitsberg,долг,гениально-,Игра,,джаз / инструментал,
35) Shiritsu Morimori Gakuen Seishun Boys — Touch You [1 Ending Yarichin Bitch Club / Клуб Яритин],7:26:25,sniffd,донат,хорошечно- (ХОРОШЕЕ ОКОНЧАНИЕ),Аниме,,поп,
36) Tankard — Fuck Christmas (Official Visualiser; Remastered Version),7:36:40,anna_251999,долг Х2,кринж-контент+,,,метал,
37) AJR — OK Overture (Official Video),7:43:30,Seattle Cloud,донат,гениально -,,,поп / инди / разное,
38) Eiffel 65 — Blue(Da Ba Dee) (Video Edit),7:53:00,ayl1es,долг Х3💀,атлична,,,поп,
39) Darren Korb feat. Ashley Barrett — Never to Return [Pyre OST],8:10:45,SinWarlock,донат,атлична,Игра,,инди / баллада,
40) Sporty-O — Let Me Hit It (Audiostalkers Original Mix),8:18:10,Spectator,долг Х4☠️,атлична-,,,электронное,
41) Rammstein — Adieu (Official Video),8:29:50,ДокухэбиТатсу,донат,атлична,,,метал,
42) fripSide — Black Bullet [1 Opening Black Bullet / Чёрная пуля],8:40:00,Чедомир Браевич,долг,хорошечно - -,Аниме,,поп,
43) Yuka Iguchi — Platinum Disco {白金ディスコ} [3 Opening Nisemonogatari / Истории подделок],8:52:55,ShadeR_93,донат,атлична,Аниме,,поп,
44) Aimer — Kataomoi {カタオモイ},9:02:50,AndrLord,заказ,атлична,,,поп,
45) AJR — Birthday Party (Official Audio),9:12:45,Seattle Cloud,донат,атлична+,,,инди / поп,
СТРИМ №71 (9.01.25),, ,,,,,,
ДОЛГОВОЙ,, ,,,,,,
"1) Paradox Live — Rap Guerrilla Reload -Paradox Live All ARTISTS- (BAE, The Cat's Whiskers, cozmez, Akanyatsura, Buraikan, VISTY, AMPRULE, 1Nm8, GokuLuck)",10:00,AnToteKote,долг,нормас+,,,рэп,
2) Styx — Boat On The River,43:05,strelokin,долг Х2,хорошечно+,,,фолк,
3) DJ Okawari — Flower Dance,51:15,Cybrex,долг Х3💀,ну такое,,,инструментал / фортепиано,
4) Biz & ZERA feat. LOLUET — Love cat {愛猫},1:03:35,AnonymousAdomin,долг Х4☠️,атлична -,,,джаз / поп / инди,
5) Wuthering Waves — Lorelei Boss [WuWa OST],1:14:00,Madao,долг,хорошечно-,Игра,,оркестровое,
6) Chatterbox — New Type of Hero [OST; To Be Hero X / Быть героем X],1:26:05,yant_aya,заказ,хорошечно,Аниме,,поп,
7) Михаил Нахимович feat. АрктидА & Юлиана Савченко — Истины свет (Remastered),1:33:55,AnonymousAdomin,долг Х3💀,нормас+,,,оркестровое / мюзикл/опера,
8) Yamê — Bécane,2:06:00,Dmi_anna_dsgn,долг Х4☠️,гениально-,,,баллада / поп / инди,
9) HOYO-MiX — Return of None [Honkai: Star Rail OST],2:18:05,EpicFire,долг,атлична+,Игра,,разное / электронное / джаз,
10) Mike Battaglia — Sweet Lorraine (Cliff Burwell — Sweet Lorraine; 31-TET; Cover),2:28:20,Dem1dd,долг Х2,гениально (МИКРОХРОМАТИКА),,,фортепиано / разное,
"11) Sevdaliza, Pabllo Vittar & Yseult — Alibi",2:48:40,sniffd,долг,атлична+,,,поп ,
12) King Gnu — Flash!!!,3:00:05,Cybrex,долг Х3💀,атлична - -,,,поп-рок / рок,
"13) ano — Chu,Tayousei. {ちゅ、多様性。} [7 Ending Chainsaw Man / Человек-бензопила]",3:09:40,AnonymousAdomin,долг Х4☠️,хорошечно-,Аниме,,поп-рок / поп,
14) Fall Out Boy — The Phoenix (Official Video),3:20:05,strelokin,долг Х2,атлична,,,поп / поп-рок,
15) Nightwish — Wishmaster,3:50:30,Летта,долг Х3💀,атлична,,,метал,
"16) TK from Ling tosite sigure — P.S. RED I [Japanese release ""Spider-Man: Into the Spider-Verse"" OST]",4:07:35,contrast,долг Х4☠️,атлична - -,Фильм,,рок / инди,
17) Filatov & Karas feat. Deepest Blue — Give It Away,4:22:00,SinWarlock,заказ,нормас,,,поп,
18) Udio AI — I Will Always Love You (Whitney Houston - I Will Always Love You; Ai Cover; Говновоз) [OST; Телохранитель 1992г. / The Bodyguard],4:32:00,Monstrrro,заказ,гениально - (С ДР MONSTRRRO!),Фильм,,разное,
19) Gorillaz — White Flag (Official Audio),4:39:10,Napporaivo,заказ,атлична+,,,рэп / инди / оркестровое,
20) Ado — DIGNITY [The Silent Service OST],4:53:40,AnonymousAdomin,долг Х3💀,атлична -,Фильм,,баллада / оркестровое / поп,
21) HOYO-MiX — Jolts in the Forest [Genshin Impact OST],5:05:35,Летта,долг Х4☠️,атлична+,Игра,,оркестровое / фолк,
22) A-ha — Take On Me (Official Video; Remastered in 4K),5:16:35,sniffd,долг,гениально,,,поп,
СТРИМ №70 (8.01.25),, ,,,,,,
ДОЛГОВОЙ,, ,,,,,,
"1) Aimer — Zankyosanka {残響散歌} [1/2 Opening Kimetsu no Yaiba: Yuukaku-hen / Клинок, рассекающий демонов: Квартал красных фонарей]",5:50,Dmi_anna_dsgn,очередь,атлична,Аниме,,рок,
2) Momoko Kikuchi — Broken Sunset,19:50,ShadeR_93,долг,атлична,,,поп / электронное,
3) Rokudenashi — Eureka {ユリイカ} [1 Ending Train to the End of the World / Куда едет поезд судного дня?],31:05,AndrLord,долг Х2,хорошечно+,Аниме,,поп,
4) Modjo — Lady(Hear Me Tonight) {lizard dancing to lady hear me tonight but it's actually synced} [Grand Theft Auto V OST],49:20,Boeveya_riba,заказ,хорошечно+,Игра,,поп ,
5) MALICE MIZER — or ma cherie ~Itoshii Kimi E~ (Live),59:30,НеАноним(фанат декскора),долг Х3💀,хорошечно+,,,поп / инди,
6) Minami — Suichuu Reflection {水中リフレクション},1:16:20,AnonymousAdomin,долг Х4☠️,хорошечно+,,,фортепиано / баллада,
7) Michael Jackson — They Don’t Care About Us (Brazil Version; Official Video),1:33:30,sniffd,долг,атлична,,,поп,
8) Alina Gingertail — Wildfire (HOYO-MiX feat. Jonathan Steingard — Wildfire; Cover) [Honkai: Star Rail OST],1:43:55,SinWarlock,долг Х2,хорошечно,Игра,,поп-рок,
9) Imagine Dragons feat. Ado — Take Me To The Beach,2:12:15,AnonymousAdomin,долг Х3💀,хорошечно+,,,поп ,
10) Set It Off feat. William Beckett — Wolf in Sheep's Clothing,2:21:00,Sammy Willbur,долг Х4☠️,хорошечно+,,,рок,
11) Naomi Tamura — Yuzurenai Negai {Unyielding Wish / ゆずれない願い} [1 Opening Magic Knight Rayearth / Рыцари магии],2:30:50,ShadeR_93,долг,хорошечно,Аниме,,поп-рок,
12) HOYO-MiX feat. Gary Sun & 三无MarBlue — Oaths (Forest Capriccio Online Concert) [Honkai Impact 3rd OST],2:39:55,ДокухэбиТатсу,долг Х2,хорошечно+,Игра,,поп / поп-рок,
13) The Birthday Massacre — Red Stars,2:50:15,SinWarlock,долг Х3💀,нормас+,,,метал,
14) Hiiragi Kirai feat. Ado — Love Ka? {ラブカ?},3:00:10,AnonymousAdomin,долг Х4☠️,атлична,,,поп / электронное / джаз,
"15) MIKA — Relax, Take It Easy",3:08:55,Monstrrro,долг,атлична+,,,поп,
16) Toby Fox — MeGaLoVania [Undertale OST],3:16:30,Eagler,долг Х2,атлична-,Игра,,электронное,
17) Miyuna — kamisama {神様} (Official Music Video),3:26:10,AnonymousAdomin,долг Х3💀,хорошечно+,,,инди / поп,
18) Dir En Grey — Yokusou Ni DREAMBOX,3:37:45,НеАноним(фанат декскора),долг Х4☠️,хорошечно+,,,метал,
19) Two-Mix — Rhythm Emotion [2 Opening Mobile Suit Gundam Wing / Мобильный воин Гандам: Дубль-вэ],3:51:45,ShadeR_93,долг,хорошечно,Аниме,,поп,
20) Public Service Broadcasting — New Dimensions in Sound,4:00:25,Micluxa,долг Х2,хорошечно-,,,рок,
21) Magnus Pålsson — Pressure Cooker [VVVVV OST],4:08:15,Eagler,долг Х3💀,нормас+,Игра,,электронное,
СТРИМ №69 (04.01.25),, ,,,,,,
1) Yosh Morita — Hollow (FFVII REMAKE) [Final Fantasy VII Remake OST],11:55,iromzy1337,заказ,атлична-,Игра,,рок,
2) Мельница — Белая кошка,31:15,laitsberg,заказ,хорошечно,,,фолк,
3) Глубина Моих Дней — Пустота,52:20,danilrozazanoza,заказ,хорошечно,,,инди / баллада,
4) rach3master — Voice of No Return (Keiichi Okabe - Voice of No Return; Cover) [NieR: Automata OST; Piano Collections],1:00:40,actusfide,донат,атлична,Игра,,фортепиано,
5) Bad Lip Reading — Seagulls! (Stop It Now),1:09:50,jefj29,долг,гениально-,,,поп / фанк,
6) John Williams — Hedwig's Theme [Harry Potter and the Sorcerer’s Stone OST],1:18:30,Monstrrro,донат,гениально,Фильм,,оркестровое / инструментал,
7) Atlas Plug — Truth Be Known [Dota 2 OST],1:36:15,SinWarlock,долг Х2,атлична-,Игра,,электронное / инструментал,
8) Юрий Визбор — Милая моя {My Darling},1:47:20,actusfide,донат,атлична,,,баллада ,
9) Queen — See What a Fool I've Been (B-Side Version / Remastered 2011),2:13:10,Static_streams_,долг Х3💀,атлична-,,,рок,
10) Tery O'Shkin — Ты у меня одна (Юрий Визбор - Ты у меня одна; Ai Cover),2:29:20,TheOldMattCat,донат,нормас+,,,баллада,
11) Юрий Визбор — Ты у меня одна,2:45:50,actusfide,донат,атлична-,,,баллада,
12) ClascyJitto — Oregano Mirage (Oregano Desert) [Pizza Tower OST],2:52:15,eurodance_with_cat,долг Х4☠️,хорошечно+,Игра,,инструментал / инди,
13) Mylène Farmer — L'Âme-Stram-Gram (Clip Officiel),3:05:00,ДокухэбиТатсу,долг,атлична-,,,поп / электронное,
13.5) Предыстория Faryma.composer + Импровизация,3:22:25,Faryma.composer,,,,,,
14) Naughty Boy feat. Sam Smith — La la la (Official Video),3:33:40,sniffd,донат,гениально - -,,,поп,
15) Валерий Меладзе feat. Вахтанг — Свет уходящего солнца {The light of the setting sun},3:47:25,Father of momonga,долг Х2,хорошечно+,,,поп / рэп ,
16) Tery O'Shkin — Я не забуду тебя (Владимир Кузьмин — Я не забуду тебя; Ai Cover),4:02:05,TheOldMattCat,донат,хорошечно-,,,поп,
17) Eason Chan — Isha's Song {這樣很好} [OST; Arcane: League of Legends 2nd season / Аркейн 2],4:23:10,meganekka,долг Х3💀,гениально-,Аниме,,поп / оркестровое / разное,
18) Shoji Meguro — Battle Theme [Metaphor: ReFantazio OST],4:36:35,Madao,заказ,хорошечно+ (ТАЩУЩИЙ МУЖИК),Игра,,оркестровое / разное,
"19) Lola Astanova — Rachmaninoff: Moment Musicaux Op. 16, No. 4 (Rachmaninoff - Six moments musicaux; Original)",4:46:00,actusfide,донат,атлична+,,,фортепиано,
20) Ado — Usseewa {うっせぇわ} (ПОВТОР: СТРИМ №1; 2 трек от Чат),5:10:00,AnonymousAdomin,повтор,атлична - -,,,поп,
21) Rammstein — Deutschland (Official Video),5:35:40,sniffd,донат,гениально -,,,метал,
22) Mrs. GREEN APPLE — Boku no Koto {僕のこと},5:53:55,AndrLord,долг,гениально -,,,поп / поп-рок,
23) TOOL — Schism (Official Video),6:23:05,bazilevskii,донат,атлична-,,,метал,
24) Keiichi Okabe — Weight of the World {Kowareta Sekai no Uta / 壊レタ世界ノ歌} [NieR: Automata OST],6:45:10,SinWarlock,долг Х2,атлична,Игра,,оркестровое / баллада,
25) Keiichi Okabe — Voice of No Return {還ラナイ声} [NieR: Automata OST],6:57:15,actusfide,донат,атлична,Игра,,баллада ,
26) biz feat. Ado — Tokyo Cannibalism {東亰カニバリズム},7:07:50,AnonymousAdomin,долг Х3💀,хорошечно+,,,рок,
27) Sergey Golovin — Vision,7:20:25,bazilevskii,донат,атлична,,,рок / инструментал,
28) Post Elvis — Pizza Deluxe (Title screen) [Pizza Tower OST],7:32:50,eurodance_with_cat,долг Х4☠️,атлична - -,Игра,,инди / фанк,
29) Arnaud Roy — Way of The Forerunner [Endless Legend: Echoes of Auriga OST],7:39:50,General PunisheR,донат,хорошечно+,Игра,,оркестровое / фолк,
30) YA NA HA — GET UP,7:52:10,AnToteKote,долг,атлична+,,,разное ,
31) Noriko Sakai — Blue Rabbit {Aoi Usagi / 碧いうさぎ} [Hoshi no Kinka OST],7:59:20,ShadeR_93,донат,хорошечно+,Фильм,,поп,
32) Ryo (supercell) feat. GAKU & Mafumafu — takt {タクト} [1 Opening Takt Op. Destiny / Такт. Опус Судьба],8:09:15,son of momonga,долг Х2,хорошечно,Аниме,,разное / инди / поп-рок / поп,
33) HOYO-MiX — Glory and Decay (Remuria Cutscene) [Genshin Impact 4.6 OST],8:22:25,EpicFire,донат,атлична,Игра,,оркестровое,
34) Ai — В говновозе(Despacito) (Original: Luis Fonsi feat. Daddy Yankee; Ai Cover),8:30:10,Cybrex,долг Х3💀,атлична-,,,поп / разное,
35) Masaru Shiina — Snow Castle [Tekken 5: Dark Resurrection OST],8:42:10,МикТланТекуТли,донат,атлична-,Игра,,инструментал / рок / электронное,
36) Phantom Siita — Just Wanna xxxx With You {Kimi to XXXX Shitai dake / キミと✕✕✕✕したいだけ} (Producer Ado & Kikuo),8:49:35,AnonymousAdomin,долг Х4☠️,атлична-,,,поп / инди,
37) Sawano Hiroyuki feat. mizuki — aLIEz [2 Ending Aldnoah.Zero / Альдноа.Зеро],8:59:50,ShadeR_93,донат,хорошечно+,Аниме,,рок ,
СТРИМ №68.5 (31.12.24),, ,,,,,,
НОВОГОДНИЙ!!!,, ,,,,,,
1) Keiichi Okabe —  The Final Song ~ Black Song White Scales [Drakengard 3 OST],2:56:10,actusfide,заказ,атлична,Игра,,оркестровое / инструментал,
СТРИМ №68 (29.12.24),, ,,,,,,
БЛАГОТВОРИТЕЛЬНЫЙ ПРЕДНОВОГОДНИЙ!!!,, ,,,,,,
1) Mac Miller — Perfect Circle / God Speed,22:35,@Dateless_Flare,очередь,атлична-,,,рэп,
2) Base Ball Bear — Stairway Generation [7 Opening Gintama / Гинтама],33:40,@DOMYHUK,очередь,хорошечно-,Аниме,,рок,
3) Masayoshi Soken feat. Chrissy Costanza — Give It All [Final Fantasy XIV: Dawntrail OST],44:25,SinWarlock,очередь,нормас+,Игра,,рок,
4) Noize MC — Вуду {Voodoo},1:01:25,@TradinRoman,очередь,хорошечно+,,,рок / поп-рок,
5) Guns N' Roses — This I Love,1:10:00,@DaiteGemiVbrawlstars,очередь,атлична - -,,,баллада / рок,
6) Leo Kaliski — Kyovashad [Diablo IV OST],1:25:20,@alx010,очередь,гениально - -,Игра,,оркестровый / инструментал,
7) Aimi — MAGICAL DESTROYER [1 Opening Mahou Shoujo Magical Destroyers / Девочки-волшебницы: Волшебные разрушительницы],1:35:25,ddmshbnv,очередь,атлична (НЕ ДЛЯ ВСЕХ),Аниме,,разное / инди,
8) Brian Tyler — Formula 1 Theme (Live in Concert),1:50:20,Анастасия Комар,очередь,хорошечно-,,,оркестровый / инструментал,
9) Release Hallucination — Chronostasis,2:00:30,@Jioot,очередь,ну такое+,,,метал,
10) HOYO-MiX — Hustle and Bustle of Ormos [Genshin Impact OST],2:36:25,Летта,очередь,атлична+,Игра,,оркестровое / инструментал,
11) Yu-Peng Chen & HOYO-MiX — Snow-Buried Tales [Genshin Impact OST],2:52:25,actusfide,донат,атлична,Игра,,инструментал / оркестровое,
12) Kohei Tanaka — Wanokuni (Opening and closing theme) [One Piece OST],3:01:10,Gen_etik,очередь,атлична-,Аниме,,оркестровое / фолк / инструментал,
13) Hitsujibungaku — Burning [1/2 Ending 'Oshi no Ko' 2nd Season / Ребёнок идола 2],3:17:55,@tikkimik,очередь,атлична-,Аниме,,рок,
14) JF Voice — За тобой цветы {Flowers are behind you},3:27:00,@Nothing1115,очередь,нормас+,Игра,,инди ,
15) Yoshihiro Ike — Daiki Aomine {青峰大輝} [OST; Kuroko no Basket 2nd Season / Баскетбол Куроко 2],3:43:10,James,очередь,ну такое,Аниме,,рок / инструментал / оркестровое,
"16) Игорь Куликов‬ feat. ‪RoroAi‬ — Ringo Mogire Beam! (Kenji Ohtsuki & Zetsubou Shoujo-tachi — Ringo Mogire Beam!; RUS Cover) [1 Opening Zan Sayonara Zetsubou Sensei / Прощай, унылый учитель 3: Покаяние]",3:52:35,@Boggod,очередь,атлична- (ЛУЧИК ЯБЛОКО ВЗРЫВ),Аниме,,рок ,
17) Mili feat. World's End Girlfriend — Vitamins,4:21:05,Илья,очередь,атлична-,,,инди / поп,
17.5) Собственная песня Faryma.composer #2 (Потом продолжается трек стрима),4:28:40,Faryma.composer,заказ,,,,,
18) yaXd — Rebirth (String Quintet),4:43:00,@yaXd_n,очередь,нормас+,,,оркестровое / инструментал,
19) Sumire Uesaka — Nanatsu no Umi yori Kimi no Umi {七つの海よりキミの海} [1 Opening Namiuchigiwa no Muromi-san / Муроми на волне],5:02:50,Toxexex,очередь,атлична+,Аниме,,разное / поп / рок,
20) Ibrahim Maalouf — True Sorry,5:16:10,AnToteKote,очередь,атлична+,,,инструментал / поп / джаз,
"21) Afromania — Minna no Peace [3 Ending Tengen Toppa Gurren Lagann / Гуррен-Лаганн, пронзающий небеса]",5:26:20,Гоша,очередь,хорошечно,,,рок,
22) Josh Groban — Believe [Полярный экспресс OST],5:33:05,Sendy Polaris,очередь,атлична,Фильм,,оркестровое / баллада / поп,
23) Nightcord at 25:00 feat. SEKAI — Bad Apple!! (Alstroemeria Records feat. nomico — Bad Apple!!; Cover),5:42:30,@maxambetn,очередь,хорошечно-,,,поп,
24) Shimotsuki Haruka — Youka to Yumeutsutsu [with osu hitsounds],5:53:55,@MoSKAT228,очередь,атлична,Игра,,поп ,
25) Aespa — Drama,6:10:50,@alaksa45,очередь,атлична+,,,поп,
26) Yasuharu Takanashi — Hyouhaku (Uchiha Sasuke s Theme) [OST; Naruto: Shippuuden / Наруто: Ураганные хроники],6:19:35,@Ciels1,очередь,атлична,Аниме,,метал / фолк,
27) Yasuharu Takanashi — Kokuten (Uchiha Sasuke s Theme) [OST; Naruto: Shippuuden / Наруто: Ураганные хроники],6:28:55,@Ciels1,очередь,атлична,Аниме,,метал / фолк,
28) Dreamcatcher — BONVOYAGE,6:39:10,AndrLord,очередь,атлична,,,поп / поп-рок,
29) amazarashi — 1.0 (Music Video feat. チ。/ Chi),6:47:45,@toh4ik6661,очередь,атлична+,,,поп-рок / поп,
30) Royal Scandal — BULLET,6:58:05,Yun,очередь,атлична,,,поп-рок / рок,
31) GIMS — Est-ce que tu m'aimes ? (Clip officiel),7:10:45,@Terrikon11,очередь,атлична,,,поп,
32) Muse — Hysteria (Official Music Video),7:23:40,@siberlutra,очередь,гениально-,,,рок,
"33) Epic Rap Battles of History feat. Nice Peter, EpicLLOYD, DeStorm & Zach Sherwin — Donald Trump vs Ebenezer Scrooge",7:32:00,ArtOkno_LG,очередь,хорошечно+,,,рэп,
"34) F4chick [Dr] — FREE FIRE ТОП (Official music video, 2024)",7:39:05,@Sanuck1,очередь,кринж-контент+ (FREE FIRE TOP),,,разное,
35) Utsu-P feat. Hatsune Miku — Gaichuu {Вредители / 害虫} (rus sub),7:42:45,@twidunbr,очередь,хорошечно-,,,метал,
36) THE ORAL CIGARETTES — MACHINEGUN [2 Opening Scarlet Nexus / Алый Нексус],8:00:50,Cybrex,очередь,атлична+,Аниме,,рок,
37) Linked Horizon — Akatsuki no Requiem {暁の鎮魂歌} [1/4 Ending Shingeki no Kyojin Season 3 / Атака титанов 3],8:09:30,@Lovely098,очередь,хорошечно,Аниме,,рок,
38) Andrius Klimka feat. Andrey Kulik — Возвращение Ваффентрагера {Return of The Waffenträger} (Официальный cаундтрек) [World of Tanks OST],8:19:45,@firefoks0,очередь,атлична,Игра,,поп / электронное,
39) Николай Иванов — ГАЗон NEXT {GAZon NEXT},8:25:40,Акума,очередь,ну такое,,,рэп,
40) The Ton Tokoton Staff — Maid Daikaiten {メイド大回転} [1 Opening Akiba Meido Sensou / Война горничных Акибы],8:32:25,Sheruka,очередь,атлична-,Аниме,,поп / электронная,
41) KOKIA — The Owl ~the owl tells that we have uninvited guests~ {フクロウ～フクロウが知らせる客が来たと～},8:42:40,anna_251999,очередь,атлична+,,,баллада,
СТРИМ №67 (28.12.24),, ,,,,,,
ПРЕДНОВОГОДНИЙ!!!,, ,,,,,,
"1) Звери — Рома, извини",14:15,laitsberg,заказ,хорошечно-,,,поп-рок,
"2) The Chalkeaters feat. Black Gryph0n, DHeusta, OR3O, The Stupendium & MatPat — FNAF KIDS (SONG ANIMATION)",25:40,SinWarlock,долг,нормас+,,,поп / инди,
3) Barbra Streisand — Where Is It Written?,36:50,МикТланТекуТли,донат,гениально,,,мюзикл / опера,
4) The Outatime Orchestra — Back To The Future [Back To The Future OST],48:05,meganekka,долг Х2,гениально-,Фильм,,оркестровое / инструментал,
5) Sting — Shape of My Heart (Official Music Video) [OST; Leon / Леон 1994],1:00:25,Monstrrro,донат,гениально-,Фильм,,поп / баллада,
6) Myuk — Arcana (Music Video; Prod by Guiano),1:11:10,AnonymousAdomin,долг Х3💀,гениально - -,,,поп,
"7) Lorna Shore — Pain Remains Trilogy (Pain Remains I: Dancing Like Flames; Pain Remains II: After All I've Done, I'll Disappear; Pain Remains III: In A Sea Of Fire)",1:29:25,Laz Los,донат,хорошечно,,,метал,
7.5) Общение с Faryma.composer #4,2:13:50,Faryma.composer,,,,,,
8) Daisuke Ishiwatari — Hellfire (Leo Theme; With Lyrics) [Guilty Gear Strive OST],2:35:50,Винсон,долг Х4☠️,атлична-,Игра,,рок ,
9) Five Finger Death Punch — The Pride (AI illustrated),2:47:50,МикТланТекуТли,донат,хорошечно,,,метал,
"10) Cosmograph, Nien & Djerv — THE REDHOOD [Nikke: Goddess of Victory OST]",2:57:40,ДокухэбиТатсу,долг,атлична+,Игра,,рок,
11) Скрябін — Говорили і курили {Were smoking and talking},3:06:30,ayl1es,заказ,хорошечно+,,,поп,
12) Elton John — Goodbye Yellow Brick Road (Remastered 2014) [Ant-Man and The Wasp: Quantumania OST],3:13:50,Alan008,долг Х2,атлична+,Фильм,,поп / баллада,
13) Lacuna Coil — Trip The Darkness (OFFICIAL VIDEO),3:22:20,МикТланТекуТли,донат,атлична-,,,метал,
14) Земфира — Искала {I WAS LOOKING} (Official Video),3:30:40,Cybrex,долг Х3💀,атлична-,,,поп / поп-рок,
15) Стекловата — Новый год {New Year} (Чудесная Новогодняя Песня),3:40:30,laitsberg,донат,хорошечно- (ДУШЕВНО),,,поп,
16) TK from Ling tosite sigure — KujaKuja No Maamu Aia {I Am Amanojakujaku / クジャクジャノマアムアイア} (TV edit; NHK Minna no Uta),4:09:05,contrast,долг Х4☠️,атлична+,,,рок ,
17) Gorillaz — DARE (Official Video),4:17:05,sniffd,заказ,хорошечно+,,,поп / инди,
18) Within Temptation & Metropole Orchestra — The Howling (Black Symphony; Live) [The Chronicles of Spellborn OST],4:26:00,МикТланТекуТли,донат,хорошечно,Игра,,метал,
19) Чи-Ли — Лето {Summer},4:35:15,ayl1es,долг,атлична-,,,поп,
20) Alex C. feat. Yasmin K. — Angel of Darkness [Tomb Raider: The Angel of Darkness OST],4:42:35,anna_251999,донат,хорошечно+,Игра,,поп / электронная,
21) TOGENASHI TOGEARI — Bleeding Hearts {爆ぜて咲く} [OST; Girls Band Cry / Плач девичьей группы],4:49:40,НеАноним(фанат декскора),долг Х2,хорошечно+,Аниме,,поп-рок / рок,
"22) Дискотека Авария — Новогодняя (Официальный клип, 1999)",5:00:25,laitsberg,донат,атлична (НА НГ ОЦЕНКА СТАНОВИТСЯ АВТОМАТОМ ГЕНИАЛЬНО),,,поп,
23) Ado — Chocolat Cadabra {ショコラカタブラ},5:09:00,AnonymousAdomin,долг Х3💀,атлична,,,поп,
24) Arnaud Roy — Geology [Endless Legend OST],5:20:40,General PunisheR,донат,атлична,Игра,,инструментал / оркестровое,
25) Eminem feat. Juice WRLD — Godzilla,5:30:35,anna_251999,долг,атлична,,,рэп,
26) Последний Бал Наташи Ростовой — Я так люблю быть пьяным,5:41:50,Чар,донат,атлична-,,,инди / рэп / рок,
27) Король и Шут — Возвращение Колдуна {Return of the Sorcerer},5:50:35,SinWarlock,долг Х2,атлична-,,,рок ,
28) OneRepublic — Something I Need (Official Music Video),6:12:50,Boeveya_riba,донат,атлична+,,,поп / поп-рок,
29) Keygen Church — Asgretalos,6:21:05,s_uspen5exxl,долг Х3💀,хорошечно+,,,разное / инструментал / рок,
30) ITO KANAKO & Watanabe Kazuhiro — When The End [Lamento: Beyond the Void OST],6:39:10,anna_251999,донат,хорошечно+,Игра,,поп / баллада,
31) Pink Floyd — Another Brick In The Wall,6:50:10,sniffd,долг,гениально-,,,поп-рок,
32) HOYO-MiX — Eschatologia Iudicata [Genshin Impact OST],7:01:25,EpicFire,донат,атлична+,Игра,,электронное / оркестровое / инструментал,
33) HOYO-MiX — Silhouette of Catastrophe [Genshin Impact OST],7:08:10,EpicFire,донат,атлична+,Игра,,электронное / оркестровое / инструментал,
"34) Kenshi Yonezu — KICKBACK (ПОВТОР: СТРИМ №3; 17 трек от ""dzahaines"") [1 Opening Chainsaw Man / Человек-бензопила]",7:14:55,Cybrex,повтор,гениально,Аниме,,поп-рок / рок,
35) Nevesis — Starfish Porn (2010 - EP version),7:23:00,Чар,донат,хорошечно+,,,инди / рок,
36) Rita Hayworth — Put The Blame On Mame [OST; Gilda / Гильда 1946],7:30:05,Alan008,долг Х3💀,атлична,Фильм,,джаз,
37) Imagine Dragons — I'm So Sorry [Кунг Фу Панда 3 OST],7:36:50,Boeveya_riba,донат,атлична+,Фильм,,поп / поп-рок,
38) YouthK Saeki — Dancing {ダンシング} [2 Opening Yowamushi Pedal 4th Season / Трусливый велосипедист: Линия славы],8:03:05,Toxexex,долг,атлична,Аниме,,"поп-рок, рок",
39) Men I Trust — Tailwhip,8:11:40,Чар,донат,хорошечно,,,инди / поп,
40) Mr. Sauceman — Pepperman Strikes! (Boss 1 Pepperman) [Pizza Tower OST],8:22:00,eurodance_with_cat,долг Х2,хорошечно+,Игра,,инструментал / рок / инди,
41) Massive Attack feat. Hope Sandoval — Paradise Circus [Luther OST],8:28:05,sniffd,донат,хорошечно+,Фильм,,инди / поп,
42) Ado — Episode X [Doctor X: The Movie OST],8:38:25,AnonymousAdomin,долг Х3💀,хорошечно+,Фильм,,поп,
43) Bon Jovi — Always (Official Music Video) [Romeo Is Bleeding OST],8:48:00,МикТланТекуТли,донат,атлична+,Фильм,,поп-рок / баллада / рок,
44) Bassnectar feat. Mimi Page — Butterfly,8:59:40,Boeveya_riba,долг,атлична-,,,электронное / инди,
45) Король и Шут — Тайна Хозяйки Старинных Часов {Secret of the Old Clock’s Hostess},9:10:05,SinWarlock,долг Х2,хорошечно+,,,рок ,
46) Bicycles For Afghanistan — Воздух {Air},9:17:55,Чар,донат,хорошечно+,,,поп-рок,
47) Звери — Снегопад {Snowfall},9:27:25,laitsberg,донат,хорошечно+,,,поп-рок / рок,
СТРИМ №66 (26.12.24),, ,,,,,,
ДОЛГОВОЙ + ВЫБИРАЕМ ГЕНИАЛЬНЫЙ ТРЕК,, ,,,,,,
1) ATL — Ящик (Lyric Video),15:05,ayl1es,долг,хорошечно+,,,рэп,
2) Motoi Sakuraba — Fly Away in the Violet Sky (Live Concert) [Star Ocean 3: Till the End of Time OST],26:55,PerleSperling,долг Х2,атлична-,Игра,,джаз / рок ,
3) Георгий Свиридов — Зимняя дорога [Метель OST],45:35,Yubeast,долг Х3💀,атлична-,,,оркестровое / инструментал,
"4) Kenichiro Suehiro — Requiem of Silence [ep 15, OST; Re:Zero. Жизнь с нуля в альтернативном мире]",53:20,AndrLord,долг,атлична,Аниме,,оркестровое / инструментал,
5) Kenichiro Suehiro — Killer Whale {Shachi / シャチ} (Set an Orca to Kill an Orca) [OST; Golden Kamuy 2nd Season / Золотое божество 2],1:07:55,Alan008,долг Х2,атлична-,Аниме,,рок / инструментал,
6) MISSIO — Everybody Gets High (Audio),1:16:45,AnToteKote,долг Х3💀,атлична - -,,,электронное,
7) Céline Dion — A New Day Has Come (Official HD Video),1:25:10,anna_251999,долг,атлична-,,,поп,
8) Official HIGE DANdism — Pretender [The Confidence Man JP OST],1:34:10,AndrLord,долг Х2,хорошечно+,Фильм,,поп,
8.5) ВЫБИРАЕМ САМЫЙ ГЕНИАЛЬНЫЙ ТРЕК 1 СЕЗОНА #2,2:00:55,Faryma.composer,,,,,,
СТРИМ №65 (24.12.24),, ,,,,,,
ДОЛГОВОЙ,, ,,,,,,
"1) Antonio Vivaldi — Sonata in D Minor, Op. 1, No. 12, RV. 63, 'La Follia': I. Adagio",12:15,MacTepOk,долг,атлична,,,оркестровое / инструментал,
2) Crashtroid — Castle Boss [Peglin OST],30:50,Svd_bb,долг Х2,хорошечно-,Игра,,инструментал / инди,
3) The Weather Girls — It's Raining Men (Video),42:40,Napporaivo,заказ,гениально,,,поп,
4) Arnaud Roy — From the Heart (Unfallen Theme) [Endless Space 2 OST],54:20,General PunisheR,долг,атлична+,Игра,,оркестровое / инструментал,
5) mididuck — glitters,1:24:00,Empersey,долг Х2,атлична,,,поп / электронное,
5.5) Общение с Faryma.composer #3,1:34:50,Faryma.composer,,,,,,
6) Queen — Headlong (Official Video),2:11:55,Static_streams_ ,долг Х3💀,хорошечно+,,,рок,
7) Hikaru Utada — One Last Kiss [OST; Evangelion: 3.0+1.0 Thrice Upon a Time / Евангелион 3.0+1.01: Как-то раз],2:22:00,Boeveya_riba,долг,атлична-,Аниме,,поп,
8) Panic! At The Disco — House of Memories (Lyrics/Vietsub),2:30:05,Sammy Willbur,долг Х2,атлична-,,,поп / поп-рок,
"9) Sawano Hiroyuki  — Symphonic-Mobile Suite UC, 6thMob :Unicorn Gundam [OST; Mobile Suit Gundam Unicorn / Мобильный воин Гандам: Единорог]",2:38:10,bibiboy,долг Х3💀,атлична-,Аниме,,инструментал / оркестровое,
"10) (K)NoW_NAME — 404 [ep 12, Ending Dorohedoro / Дорохедоро]",2:51:40,MacTepOk,долг,атлична-,Аниме,,поп / рэп,
11) Максим Ярушкин — Самолёт (Земфира - Самолёт; Cover),3:01:15,ArtyomShay,долг Х2,атлична,,,инструментал / разное,
12) MALICE MIZER — Illuminati (1998),3:07:50,НеАноним(фанат декскора),долг Х3💀,хорошечно (НЕ ДЛЯ ВСЕХ),,,поп / инди ,
13) Yoko Takahashi — Aoki Flamme {蒼き炎} [1 Opening Pumpkin Scissors / Тыквенные ножницы],3:22:05,SinWarlock,долг,хорошечно+,Аниме,,поп / электронное,
14) Shōnan no Kaze — Grand Blue [1 Opening Grand Blue / Необъятный океан],3:33:05,AndrLord,долг Х2,хорошечно+,Аниме,,поп,
15) Bad Omens — The Death of Peace of Mind (Official Music Video),3:43:30,AnToteKote,долг Х3💀,атлична,,,метал,
"16) ХЛЕБ — Чай, сахар {Tea, Sugar} (official music video)",3:51:35,ДокухэбиТатсу,заказ,хорошечно (ГЕНИАЛЬНО АВТОМАТОМ),,,рэп,
17) Omoi feat. Hatsune Miku — Snow Drive (01.23),4:02:45,Акума,долг Х2,атлична - -,,,поп / электронное,
18) tuki. — Bansanka {晩餐歌},4:15:45,AnonymousAdomin,долг Х3💀,атлична+,,,поп / поп-рок,
19) Breakdown Epiphanies — Thug Life (Brigands) [Battle Brothers OST],4:25:10,General PunisheR,долг,хорошечно-,Игра,,инструментал / фолк,
СТРИМ №64 (21.12.24),, ,,,,,,
СОБЫТИЙНЫЙ!!!,, ,,,,,,
1) GYARI feat. Hatsune Miku & Kagamine Rin & Len & Megurine Luka & Nekomura Iroha & Yuzuki Yukari — WAAAA! (BEST SONG IN THE WORLD!),12:50,Jefj29,донат,хорошечно+,,,джаз,
2) HOYO-MiX — Domineer (Forest Capriccio Online Concert) [Honkai Impact 3rd OST],54:55,ДокухэбиТатсу,долг,гениально - -,Игра,,оркестровое / электронное / инструментал,
"3) Ai — ГОВНОВОЗ - Лучшие Ремиксы (Валерий Меладзе, МакSим, Шаман, Queen)",1:06:30,ayl1es,донат,гениально - (БЛАГОРОДСТВО И ОТВАГА),,,разное,
4) Michael Tavera — Drama [Exosquad OST],1:28:40,JohnyKnight,долг Х2,атлична-,Фильм,,оркестровое / инструментал,
5) London Symphony Orchestra — Swirls of Shamshir (HOYO-MiX — Swirls of Shamshir; Live) [Genshin Impact OST],1:38:55,Летта,заказ,гениально-,Игра,,оркестровое / фолк / инструментал,
6) NOMA — Brain Power,2:12:35,Cybrex,донат,атлична - -,,,электронное,
7) Gachimuchi — GAY♂POWER (NOMA — Brain Power; Original; extended),2:27:30,Monstrrro,заказ,хорошечно+,,,разное,
8) Chata — Dango Daikazoku {だんご大家族} [1 Ending Clannad / Кланнад],2:33:50,ziksp,долг Х3💀,атлична - -,Аниме,,поп / баллада,
9) PAIN — Shut Your Mouth (OFFICIAL MUSIC VIDEO),2:44:25,sniffd,донат,гениально -,,,метал,
10) Melanie Martinez — Soap [Нерв OST],2:52:00,Враг тишины,долг,атлична,Фильм,,поп,
11) RokNardin‬ & Samuel Kim — The Apocalypse (Attack on Titan Inspired Epic Dark Original Music),3:00:00,Warchief,донат,хорошечно-,Аниме,,оркестровое / инструментал,
"12) Jimin feat. JVKE, Kodak Black, Muni Long & NLE Choppa — Angel Pt. 1 [OST; Fast X / Форсаж 10]",3:11:15,anna_251999,долг Х2,атлична-,Фильм,,поп,
13) Woodkid — I Love You (Official Video),3:20:30,Враг тишины,донат,атлична,,,инди / поп,
14) (G) I-DLE — HWAA {화},3:37:05,Kanashy Girl,долг Х3💀,хорошечно+,,,поп,
15) Алла Пугачёва — Айсберг (Official HD Video),3:49:45,Warchief,донат,гениально,,,поп,
16) Chipzel — Tempting Fate [Dicey Dungeons OST],4:02:40,Svd_bb,долг,атлична+,Игра,,инструментал / электронное / фанк,
17) Dimmu Borgir — Eradication Instincts Defined (Live),4:28:45,Враг тишины,донат,хорошечно,,,метал,
18) Dimmu Borgir — Vredesbyrd (Live) [Alone In The Dark OST],4:42:45,Враг тишины,донат,хорошечно,Фильм,,,
19) Jimmy Gnecco — It Has To Be This Way (Platinum Mix) [Metal Gear Rising: Revengeance OST],4:53:55,SinWarlock,долг Х2,атлична -,Игра,,рок / электронное,
20) The Cranberries — Zombie (Official Music Video),5:04:25,sniffd,донат,атлична+,,,рок,
21) DEVILOOF — Newspeak (Official Music Video),5:18:50,НеАноним(фанат декскора),долг Х3💀,атлична-,,,метал,
22) HOYO-MiX — The Flawless Human (Forest Capriccio Online Concert) [Honkai Impact 3rd OST],5:26:30,ДокухэбиТатсу,донат,атлична,Игра,,оркестровая / инструментал,
23) HOYO-MiX — Elysian Realm (Forest Capriccio Online Concert) [Honkai Impact 3rd OST],5:28:55,ДокухэбиТатсу,донат,атлична,Игра,,,
23.5) Общение с Faryma.composer #2,5:34:05,Faryma.composer,,,,,,
24) Saburo Yamada — Requiem {レクイエム} (Hypnosis Mic: Division Rap Battle),6:23:15,AnToteKote,долг,хорошечно-,,,рэп / оркестровое,
25) Ai* GROUP — Élan (Nightwish - Élan; RUS Cover),6:33:05,anna_251999,донат,хорошечно-,,,метал,
26) Koji Nakamura — IFO-RA272 Nirvash spec-M2 [OST; Eureka Seven AO / Эврика 7 АО],6:43:15,bibiboy,заказ,атлична -,Аниме,,поп-рок,
27) Fatal Bazooka — Fous Ta Cagoule (HD),6:48:15,МикТланТекуТли,донат,атлична - -,,,рэп,
28) Yoko Takahashi — A Cruel Angel’s Thesis {残酷な天使のテーゼ} [1 Opening Neon Genesis Evangelion / Евангелион нового поколения],6:57:30,meganekka,долг Х3💀,гениально - -,Аниме,,поп ,
29) Céline Dion — How Does a Moment Last Forever [OST; Beauty and the Beast / Красавица и Чудовище 2017],7:08:55,anna_251999,донат,атлична,,,оркестровое / баллада,
30) Григорий Лепс feat. Ирина Аллегрова — Я тебе не верю {I Don’t Believe You} (Official video),7:17:05,SinWarlock,долг,атлична,,,рок / поп-рок,
31) Hi-Fi — Не дано {Not Given} (HD),7:27:35,ayl1es,донат,хорошечно+,,,поп,
32) DEVILOOF — Dusky-Vision (Official Music Video),7:36:05,НеАноним(фанат декскора),долг Х2,атлична-,,,метал,
33) Hikaru Utada — Sakura Nagashi {桜流し} [OST; Evangelion: 3.0 You Can (Not) Redo / Евангелион: 3.0 Ты (не) исправишь],7:50:40,anna_251999,донат,гениально,Аниме,,оркестровое / поп,
34) Griffinilla — Stay Calm (2018 REMAKE) [SFM FNAF],7:59:30,Eagler,долг Х3💀,нормас+,Игра,,поп / инди,
"35) Yasuharu Takanashi — Satan Soul [OST, Fairy Tail / Хвост феи]",8:08:35,МикТланТекуТли,донат,нормас+,Аниме,,метал,
36) Алексей Чумаков — Загадай,8:28:35,@MrPsarik,очередь,атлична-,,,поп / фанк,
37) Ito Kashitaro — Yuudachi no Ribbon {夕立のりぼん},8:50:15,Cybrex,долг,атлична-,,,рок / поп-рок,
38) The Chemical Brothers feat. Q-Tip — Galvanize (Official Music Video),9:01:50,sniffd,донат,атлична-,,,рэп,
39) OKAMOTO’S — Where Do We Go? [1 Ending Dr. Stone: New World / Доктор Стоун: Новый мир],9:10:00,AnToteKote,долг Х2,атлична,Аниме,,поп-рок,
40) IMPROVER — Russian Beatbox Champion (Shoutout for Swissbeatbox),9:16:10,МикТланТекуТли,донат,гениально,,,разное,
41) chelmico — Easy Breezy [1 Opening Keep Your Hands Off Eizouken! / Руки прочь от кинокружка!],9:28:25,Ivan_Vitalyevich,долг Х3💀,атлична - -,Аниме,,поп / инди,
42) ATL — Марабу (2015),9:36:55,ayl1es,донат,атлична,,,рэп,
"43) RADWIMPS — Hyperventilation {ハイパーベンチレイション} (AMV/MAD, Monogatari Series)",9:44:35,maksud14x,заказ,атлична,,,рок / поп-рок,
44) Ария — Игра с огнём {Playing with Fire},9:56:20,SinWarlock,донат,атлична - -,,,метал,
45) Eminem — Venom [OST; Venom / Веном 2018],10:15:45,AndrLord,долг Х2,атлична-,Фильм,,рэп,
46) WEDNESDAY CAMPANELLA — Momotaro {桃太郎},10:26:40,Jefj29,донат,хорошечно-,,,инди / разное,
СТРИМ №63 (19.12.24),, ,,,,,,
ДОЛГОВОЙ,, ,,,,,,
1) HOYO-MiX — Soloist (Sunday Theme) [Honkai: Star Rail OST],3:10,EpicFire,долг,атлична-,Игра,,оркестровое / инструментал / фортепиано,
2) Carlos Rafael Rivera — Main Title [The Queen's Gambit OST],20:35,Alan008,долг Х2,атлична-,Фильм,,оркестровое / инструментал,
3) 5crow3 — Crimson trap (ZUN — U.N. Owen was Her?; Original) [Touhou 6: the Embodiment of Scarlet Devil OST],27:00,Finvarra,долг Х3💀,хорошечно-,Игра,,оркестровое / инструментал,
4) LiSA — ​unlasting (THE FIRST TAKE) [1 Ending SAO Alicization 2nd Season / Мастера Меча Онлайн: Алисизация - Война в Подмирье],45:25,Кот на арбузе,долг,хорошечно+,Аниме,,поп / баллада,
5) LiSA — Catch the Moment [OST; Sword Art Online the Movie: Ordinal Scale / Мастера Меча Онлайн: Порядковый ранг],57:20,Ivan_Vitalyevich,долг Х2,атлична-,Аниме,,поп-рок,
6) Cha'R — Nan Dakke {Nanだっけ},1:26:10,AnonymousAdomin,долг Х3💀,хорошечно++,,,поп,
7) Kobo Kanaeru — HELP!!,1:37:10,Madao,долг,атлична+,,,поп / фанк,
"8) Maid Mint Fantome — Defying Gravity (Kristin Chenoweth & Idina Menzel — Defying Gravity; Karaoke Cover) [From ""Wicked""]",1:46:20,alex7kom,заказ,хорошечно,,,мюзикл/опера,
9) RADWIMPS — Zenzenzense {前前前世} (Movie Version) [OST; Your Name / Твоё имя],2:02:50,AndrLord,заказ,атлична+,Фильм,,рок,
10) Camellia — M1LLI0N PP (Full Flavor; FREE DL),2:14:45,Finvarra,долг Х3💀,атлична,,,электронное,
"11) Udio Ai — Кипелов - Говновоз, но это Ария - Я свободен (Кипелов - Я свободен; Ai Cover)",2:33:00,НеАноним(фанат декскора),долг,атлична,,,метал ,
12) Jason Charles Miller — Red Sun (Maniac Agenda Mix) [Metal Gear Rising: Revengeance OST],2:43:15,SinWarlock,долг Х2,хорошечно+,Игра,,электронное / рок,
13) Vastayan Wings — I Portatori dei Velluti (5.5 Anniversary) [Arknights OST],2:49:45,Большой Шлёпа,долг Х3💀,хорошечно+,Игра,,поп / разное ,
14) The Black Eyed Peas — Pump It (Official Music Video),3:00:55,SinWarlock,долг,гениально,,,поп / рэп,
15) Michael Giacchino — Colette Shows Him le Ropes [Ratatouille OST],3:11:25,Alan008,долг Х2,гениально-,Фильм,,оркестровое / инструментал / шансон,
16) ATARASHII GAKKO! — Otonablue (THE FIRST TAKE),3:20:40,alex7kom,долг Х3💀,нормас+,,,поп,
17) The Mass Missile — Ima Made Nando mo {Many Times Before / 今まで何度も} [5 Ending Naruto / Наруто],3:30:05,momonga,долг,атлична-,Аниме,,рок,
18) Jimmy Gnecco — Collective Consciousness (Maniac Agenda Mix) [Metal Gear Rising: Revengeance OST],3:38:55,SinWarlock,долг Х2,атлична-,Игра,,электронное / рок,
19) Sakuzyo — Ultimate Force (CHUNITHM),3:52:10,Finvarra,долг Х3💀,хорошечно+,,,электронное,
20) Matus Siroky & Adam Kuruc — Main Theme [Mafia 2 OST],3:59:20,GameCloser,долг,гениально - -,Игра,,оркестровое / инструментал,
СТРИМ №62 (17.12.24),, ,,,,,,
ДОЛГОВОЙ,, ,,,,,,
"1) Jean Rondeau feat. Sophie Gent, Louis Creac'h, Fanny Paccoud, Antoine Touche, Thomas de Pierrefeu, Evolène Kiener — Bach, JS: Harpsichord Concerto No. 1 in D Minor, BWV 1052: I. Allegro (Johann Sebastian Bach - Harpsichord Concerto in D minor, BWV 1052; Original)",2:45,MacTepOk,долг,гениально,,,оркестровое / инструментал,
"2) Evan Call & Kotone — Brand New World (Extra Edit) [OST; Gold Kingdom and Water Kingdom / Страна золота, страна воды]",23:50,anna_251999,долг Х2,хорошечно++,,,оркестровое / баллада,
3) Dir En Grey feat. SUGIZO — Kuukoku no Kyouon {空谷の跫音},30:50,НеАноним(фанат декскора),долг Х3💀,атлична-,,,метал,
4) John Williams — Across the Stars (Love Theme) [Star Wars: Attack of the Clones OST],40:20,laitsberg,долг,гениально-,Фильм,,оркестровое / инструментал,
5) Jamie Christopherson — I'm My Own Master Now (Platinum Mix) [Metal Gear Rising: Revengeance OST],51:35,SinWarlock,долг Х2,хорошечно+,Игра,,электронное / метал,
6) Frederic — Kanashii Ureshii {かなしいうれしい} [1 Opening Koi to Uso / Любовь и ложь],1:01:45,AndrLord,долг Х3💀,атлична-,Аниме,,поп-рок,
7) daniwellP feat. Hatsune Miku — Nyanyanyanyanyanyanya! (Project DIVA version) [Hatsune Miku: Project DIVA OST],1:12:25,Madao,долг,кринж-контент,Игра,,поп,
8) HaruWei — Eternal Snow (Changin' My Life - Eternal Snow; RUS Cover) [3 Ending Full Moon wo Sagashite / В поисках полной луны],1:23:05,anna_251999,долг Х2,ну такое+,,,поп / баллада,
9) Dir En Grey — The Blossoming Beelzebub,1:38:15,НеАноним(фанат декскора),долг Х3💀,хорошечно- (НЕ ДЛЯ ВСЕХ),,,метал / разное,
10) Tony Igy — Astronomia,2:11:45,sniffd,долг,атлична+,,,электронное,
11) SOOOO feat. Kagamine Len — Happppy song,2:20:40,Cybrex,долг Х2,атлична (НЕ ДЛЯ ВСЕХ),,,разное,
12) AiNA THE END — Love Sick (Official Music Video) [OST; Gekijouban Mononoke Karakasa / Мононокэ: Зонтик],2:34:45,contrast,долг Х3💀,атлична+,Аниме,,поп-рок,
13) ReoNa — R.I.P. [1 Ending Arknights: Perish in Frost / Аркнайтс: Зимнее уединение],2:46:05,AnonymousAdomin,долг,атлична+,Аниме,,поп-рок / поп,
14) Tanri — New Genesis (Ado - New Genesis; RUS Cover) [UTA from One Piece Film: Red / Ван-Пис: Красный],2:53:05,anna_251999,долг Х2,хорошечно+,Аниме,,поп,
15) Dir En Grey — Yokan {予感} [Joi: Nothing Lasts Forever / Female doctor; OST],3:04:25,НеАноним(фанат декскора),долг Х3💀,атлична-,Фильм,,рок / поп-рок,
"16) RADWIMPS feat. Toaka — Suzume {すずめ} [OST; Suzume no Tojimari / Судзумэ, закрывающая двери]",3:14:50,AndrLord,долг,атлична+,Аниме,,баллада / оркестровое,
17) Kit Walters — The Stains of Time (Maniac Agenda Mix) [Metal Gear Rising: Revengeance OST],3:24:50,SinWarlock,долг Х2,хорошечно,Игра,,рок / электронное,
18) Stromae — Alors on danse (Official Video),3:31:45,Cybrex,долг Х3💀,гениально,,,электронное / поп,
19) Ария — Потерянный рай {Lost paradise},3:39:20,SinWarlock,заказ,гениально-,,,рок / баллада,
20) Daniela — The Road Not Taken (HOYO-MiX — The Road Not Taken; RUS Cover) [Genshin Impact OST],3:51:35,anna_251999,долг Х2,атлична,Игра,,оркестровое / баллада,
СТРИМ №61 (14.12.24),, ,,,,,,
1) Vaudeville Smash feat. Les Murray — Zinedine Zidane (Official Video),7:25,Monstrrro,донат,хорошечно,,,поп,
2) Michael Bublé — Sway (Official Lyric Video),15:45,laitsberg,долг,атлична,,,джаз,
3) Lacrimosa — Die Strasse der Zeit,24:05,MacTepOk,донат,хорошечно,,,метал,
4) Nunununununununununununununununu feat. Hatsune Miku — Mimukauwa Nice Try {みむかｩわナイストライ},54:45,Madao,долг Х2,хорошечно+,,,электронное / поп,
5) Бездна Анального Угнетения — Котята {Kittens},1:04:45,Monstrrro,донат,нормас+,,,метал,
6) Ado — Kimi no Taion {Your Body Temperature / 君の体温} (Kuwagata-P feat. Hatsune Miku — Kimi No Taion; Cover),1:16:15,AnonymousAdomin,долг Х3💀,атлична,,,поп-рок,
7) Yoko Ono — We're All Water (Live),1:24:55,ayl1es,донат,ну такое,,,разное,
"8) Sati Akura — Viator {ウィアートル} (Rionos - Viator; RUS Cover) [OST, Sayonara no Asa ni Yakusoku no Hana wo Kazarou / Укрась прощальное утро цветами обещания]",1:38:40,anna_251999,долг,хорошечно,Аниме,,поп / баллада,
9) Les Miserables — One Day More (Live),1:48:25,Historiker Turquoise,очередь,гениально,,,мюзикл / опера,
10) Tamaru Yamada — Even...if [1 Opening Full Metal Panic! Invisible Victory / Стальная тревога! Незримая победа],1:59:50,МикТланТекуТли,донат,атлична,Аниме,,поп-рок / рок,
11) Frederic — CYAN [OST; A Few Moments of Cheers / Моменты оваций],2:30:45,Svd_bb,заказ,гениально-,Аниме,,поп-рок / поп,
12) Dir En Grey — Rinkaku {輪郭},2:44:45,НеАноним(фанат декскора),долг Х2,атлична-,,,метал,
13) The Gregory Brothers feat. Takeo Ischi — Chicken Attack (Song Voyage 2016 // Japan),2:55:50,Monstrrro,донат,гениально-,,,поп / разное / инди,
14) Sir Mix-A-Lot — Baby Got Back (Official Music Video),3:03:40,meganekka,долг Х3💀,атлична+ (ХИП-ЖОП),,,рэп ,
"15) Mayka Sakuragi — AMBITION (Mayka Sakuragi; Utahime Dream; CV: Suzuki Anna) [1 Opening I Parry Everything / Я парировал всё время, чтобы стать сильнейшим авантюристом]",3:12:40,ЁрмуНгаНд,донат,атлична,Аниме,,поп-рок / рок,
16) Frederic — Happiness,3:26:05,Svd_bb,долг,атлична,,,поп-рок / поп,
"17) Ramsey — Goodbye [OST, Arcane: League of Legends / Аркейн]",3:37:35,laitsberg,донат,атлична+,Аниме,,поп,
18) Battle Beast — No More Hollywood Endings (OFFICIAL MUSIC VIDEO),3:45:55,SinWarlock,долг Х2,хорошечно+,,,метал,
19) Limp Bizkit — Boiler (Official Music Video),3:58:40,МикТланТекуТли,донат,атлична-,,,метал,
20) Toby Fox — Scarlet Forest [Deltarune Chapter 1 OST],4:32:55,Eagler,долг Х3💀,хорошечно,Игра,,инструментал / оркестровое,
"21) Twenty One Pilots — The Line [OST, Arcane: League of Legends 2nd season / Аркейн 2]",4:50:25,Tim,донат,атлична+,Аниме,,поп / баллада,
"22) Paradisio feat. Maria Garcia & Dj Patrick Samoy — Bailando (1997, International Official Video)",5:03:20,sniffd,долг,атлична,,,поп,
23) Old Caltone — Sissor,5:12:45,Враг тишины,донат,гениально - -,,,инди / поп / электронная ,
24) Unlimited tone — Utatane Sunshine [1 Opening Tanaka-kun wa Itsumo Kedaruge / Вечно ленивый Танака-кун],5:26:20,AndrLord,долг Х2,хорошечно,Аниме,,поп,
25) Alan — River Of No Return {Kuon no Kawa} (End Roll Version) [OST; Red Cliff / Битва у Красной скалы 2],5:38:50,МикТланТекуТли,донат,атлична-,,,оркестровое / баллада,
"26) James ""soselfimportant"" Roach — Pipeorgankind (Homestuck)",5:47:35,Чай,долг Х3💀,нормас++,,,инструментал ,
"27) Stromae & Pomme — Ma Meilleure Ennemie (Official Visualizer) [OST, Arcane: League of Legends 2nd season / Аркейн 2]",6:15:55,laitsberg,донат,атлична,Аниме,,поп,
28) LMYK — Sora Kara {ソラカラ} (First Appearance at Warp Square; Director’s Cut),6:23:30,anna_251999,долг,хорошечно+,,,поп / баллада,
29) The Prophet — Wanna Play? (Official Videoclip),6:34:40,МикТланТекуТли,донат,хорошечно,,,электронное,
30) Akeboshi — Wind [1 Ending Naruto / Наруто],6:43:40,lakiivakiiii; momonga,долг Х2,атлична+,Аниме,,поп / баллада / фолк,
31) Rei Yasuda — through the dark [1 Ending White Cat Project: Zero Chronicle / Проект «Белая Кошка»],6:54:55,anna_251999,донат,атлична,Аниме,,поп,
"32) CV: Hina Kino, CV: Rika Nagae & CV: Konomi Kohara feat. KSKN & Ikepy — Inkya Impulse {インキャインパルス} (Hanako Honda, Olivia & Kasumi Nomura) [1 Ending Asobi Asobase / Давайте сыграем]",7:03:05,Yubeast,долг Х3💀,хорошечно+,Аниме,,метал,
33) HOYO-MiX & Ling Huang — TruE (Because of You) [Honkai Impact 3rd],7:14:45,ДокухэбиТатсу,донат,хорошечно+,Игра,,поп,
34) Frederic — Junkie {ジャンキー},7:25:10,Svd_bb,долг,атлична+,,,поп / поп-рок ,
35) CHANMINA — BIJIN {美人} (THE FIRST TAKE),7:39:25,laitsberg,донат,атлична,,,рэп,
36) Dir En Grey — Reiketsu Nariseba {冷血なりせば},7:47:40,НеАноним(фанат декскора),долг Х2,нормас++,,,метал,
37) Frederic — Peppermint Gum {ペパーミントガム},7:55:45,Svd_bb,донат,атлична,,,поп / инди,
38) Гражданская Оборона — Долгая Счастливая Жизнь {Long and Happy Life},8:03:00,fortchka,долг Х3💀,хорошечно-,,,рок,
СТРИМ №60 (12.12.24),, ,,,,,,
ДОЛГОВОЙ,, ,,,,,,
1) Sia — Snowman (Official Video),4:55,laitsberg,долг,атлична-,,,поп / баллада,
2) fumika — Aoitori {Blue Bird / アオイトリ} [27 Ending Bleach / Блич],15:05,Sammy Willbur,долг Х2,хорошечно+,Аниме,,поп-рок / поп,
3) Kotaro Nakagawa — What's Justice? [OST; Code Geass: Lelouch of the Rebellion R2 / Код Гиас: Восставший Лелуш 2],26:00,Lord_aluc,долг Х3💀,атлична+,Аниме,,оркестровое / инструментал,
4) Starset — Ricochet (Official Music Video),31:10, strelokin,долг,хорошечно-,,,метал,
5) ​Nekomata Okayu & Amane Kanata — Call Boy (syudou feat. Hatsune Miku — Call Boy; Cover),43:25,Madao,долг Х2,атлична-,,,поп,
5.5) Общение с Faryma.composer #1,52:30,Faryma.composer,,,,,,
6) Sān-Z & HOYO-MiX feat. kato Rihona — Rest Awhile {途切れて続く} (Tsukishiro Yanagi EP) [Zenless Zone Zero OST],1:17:05,laitsberg,долг,хорошечно+,Игра,,поп / баллада,
7) the GazettE — BABYLON'S TABOO,1:27:45,НеАноним(фанат декскора),долг Х3💀,хорошечно+,,,метал,
"8) Centimillimental — Fuyu no Hanashi {冬のはなし} [ep 09, OST, Given / Дарованный]",1:35:05,natsuki_05,долг Х2,хорошечно+,Аниме,,рок,
9) Kroi — Hyper (Official Video) [1 Opening Under Ninja / Низкоквалифицированный ниндзя],1:44:10,Sheruka,долг Х3💀,гениально,Аниме,,фанк / поп,
10) Alec Benjamin — Let Me Down Slowly (Official Music Video),2:10:15,AndrLord,долг,атлична,,,поп / баллада,
11) Ado — missing {行方知れず} [OST; Karada Sagashi / В поисках тела],2:16:15,AnonymousAdomin,долг Х2,хорошечно+,Фильм,,поп,
12) Norah Jones — It Was You (Vinyl),2:25:40,PerleSperling,долг Х3💀,атлична-,,,джаз / баллада,
13) Sān-Z & HOYO-MiX feat. YMIR — Fearless (Lighter EP) [Zenless Zone Zero OST],2:39:20,laitsberg,долг,атлична-,Игра,,поп / электронное,
14) Liào Jiālín — Arrival {降临} [1/2 Opening The Daily Life of the Immortal King 2nd Season / Повседневная жизнь бессмертного короля 2],2:47:05,Momonga,долг Х2,хорошечно+,Аниме,,электронная / поп,
15) Alexander Rosetti — THIS Pumpkin (Homestuck Vol. 10),2:52:40,Чай,долг Х3💀,гениально-,,,оркестровое / инструментал,
16) Starset — MANIFEST (Official Music Video),3:01:50, strelokin,долг,атлична-,,,метал,
17) Alfonso G. Aguilar — Invisible (Zara Larsson — Invisible; Instrumental Version) [OST; Klaus / Клаус],3:12:30,anna_251999,долг Х2,гениально-,Фильм,,оркестровая ,
"18) ​​​milet — bliss [ep 11, Ending, Sousou no Frieren / Провожающая в последний путь Фрирен]",3:21:50,AnonymousAdomin,долг Х3💀,гениально-,Аниме,,оркестровое,
19) CHANMINA — Dahlia {ダリア},3:29:50,laitsberg,долг,атлична++,,,поп / оркестровое,
20) WEAVER — Kuchizuke Diamond {くちづけ Diamond} [1 Opening Yamada-kun to 7-nin no Majo / Ямада-кун и семь ведьм],3:37:55,AndrLord,долг Х2,хорошечно+,Аниме,,поп,
СТРИМ №59 (10.12.24),, ,,,,,,
ДОЛГОВОЙ,, ,,,,,,
1) Aerosmith — I Don't Want to Miss a Thing (Official HD Video) [Armageddon OST],11:35,meganekka,заказ,гениально - -,Фильм,,рок / баллада,
2) Christopher Young — Birth Of Sandman [Spider-Man 3 OST],24:40,Alan008,долг Х2,атлична,Фильм,,оркестровое / инструментал,
3) TK from Ling tosite sigure — Acoustic Installation,34:00,contrast,долг Х3💀,атлична+,,,рок / инди,
4) Genshin Impact — Xinyan & Hu Tao rapping on Lantern Rite Festival Highlights (All Languages) [Genshin Impact OST],49:45,laitsberg,долг,кринж-контент,Игра,,рэп / рок,
5) Aqua — Roses Are Red,1:02:15,SinWarlock,долг Х2,хорошечно+,,,поп,
6) System Of A Down — Aerials (Official HD Video),1:12:45,Летта,долг Х3💀,гениально-,,,метал,
7) Олег Анофриев — Есть только миг {There’s Only A Moment} (1973 г.) [Земля Санникова OST],1:29:05,Historiker Turquoise,долг,гениально,Фильм,,оркестровое / баллада,
"8) Георгий Свиридов — Время, вперед! [Time, forward! OST]",1:39:50,Alan008,долг Х2,гениально-,Фильм,,оркестровое / инструментал,
9) Toby Fox — Hopes and Dreams [Undertale OST 087],1:48:55,Neektoh,долг Х3💀,атлична-,Игра,,инди / инструментал,
10) HaruWei — Xinyan & Hu Tao rapping on Lantern Rite Festival Highlights (Genshin Impact — Xinyan & Hu Tao rapping on Lantern Rite Festival Highlights; RUS Cover) [Genshin Impact OST],1:56:35,laitsberg,долг,нормас,Игра,,рэп / рок,
11) Ne Obliviscaris — Graal (Official Music Video; 2023),2:19:25,Zermo,долг Х2,атлична,,, метал,
12) Kristofer Maddigan — Floral Fury [Cuphead OST],2:38:25,Летта,долг Х3💀,гениально-,Игра,,джаз,
12.5) Итоги Faryma.Composer на Twitch 2024,2:49:35,Faryma.composer,,,,,,
13) Lia — A Song that ticks away Time {Toki o Kizamu Uta / 時を刻む唄} [1/2 Opening Clannad: After Story / Кланнад: Продолжение истории],2:57:15,StillReverie,долг,атлична,Аниме,,поп,
14) Aqua — My Oh My,3:11:10,SinWarlock,долг Х2,хорошечно+,,,поп,
15) TRUE — Storyteller [1/3 Opening Tensei shitara Slime Datta Ken 2nd Season / О моём перерождении в слизь 2],3:19:05,Ivan_Vitalyevich,долг Х3💀,хорошечно+,Аниме,,поп-рок,
16) Majiko — Irony {アイロニ},3:29:50,laitsberg,долг,атлична-,,,поп,
"17) Yanni — Playtime (From the Master! ""Yanni Live! The Concert Event"")",3:42:50,PerleSperling,долг Х2,атлична+,,,джаз,
18) U-TOPIA — Behind the scene,3:57:45,SinWarlock,долг Х3💀,атлична-,,,инструментал,
18.5) Импровизация создания музыки от Faryma.composer #2,4:04:50,Faryma.composer,,,,,,
СТРИМ №58 (7.12.24),, ,,,,,,
"1) Kirin J Callinan feat. Alex Cameron, Molly Lewis, Jimmy Barnes — Big Enough (Official Video)",11:25,Monstrrro,донат,атлична+,,,поп,
2) LOCAL CONNECT — JINCHOUGE {沈丁花},26:10,Aldidugani,долг,хорошечно+,,,рок,
3) In This Moment — I WOULD DIE FOR YOU (Visualizer),37:00,МикТлансиуаТль,донат,хорошечно+,,,метал,
"4) milet — Tell me [ep 16, Ending Fate/Grand Order: Zettai Majuu Sensen Babylonia / Судьба/Великий приказ: Вавилония]",47:30,AndrLord,долг Х2,хорошечно+,Аниме,,поп,
5) System Of A Down — B.Y.O.B. (Official HD Video),59:05,ТецкаТлипо́ка,донат,гениально - -,,,метал,
6) m.o.v.e — BREAK IN2 THE NITE [2 Opening Initial D First Stage / Инициал Ди: Стадия первая],1:14:00,kumashisan,долг Х3💀,хорошечно,Аниме,,поп,
7) Infected Mushroom — Saeed (Naruto Shippuden AMV),1:24:00,ayl1es (не курьер),донат,атлична,,,поп / электронная,
"8) AKUGETSU & PARK BYEONG HOON — Cure (VIVINOS ‘Alien Stage’ OST, Pt.7; R O U N D 6)",1:53:45,Yun,долг,хорошечно,,,рок,
9) Yousei Teikoku — filament [2 Ending Mirai Nikki / Дневник будущего],2:04:20,ТласольТеоТль,донат,хорошечно,Аниме,,метал / рок,
10) Hololive English -Justice- — ABOVE BELOW (Debut Song),2:15:00,alex7kom,долг Х2,хорошечно+,,,поп,
11) KAF — Eat the Past {Devour the Past / 過去を喰らう},2:24:20,Aleks kun,донат,нормас+,,,рок,
12) Tuzera feat. Hatsune Miku — Otoshi,2:36:55,alex7kom,долг Х3💀,атлична - -,,,поп / электронное,
13) Joslin — Terminator 2 - Main theme (Brad Fiedel - Main Title; Cover) [OST; Terminator 2: Judgment Day / Терминатор 2: Судный день],2:50:10,КеТцаоТкоаТль,донат,хорошечно+,Фильм,,оркестровый ,
14) Kenshi Yonezu — Lemon [Unnatural OST],3:01:45,Madao,долг,атлична+,Фильм,,поп-рок / поп,
"15) Alexander Markov — Paganini: 24 Caprices, Op. 1: No. 24 in A Minor (Niccolò Paganini - Caprice No. 24 in A minor; Original)",3:10:50,ayl1es,донат,атлична,,,оркестровый / инструментал,
16) milet — Prover [2 Ending Fate/Grand Order: Zettai Majuu Sensen Babylonia / Судьба/Великий приказ: Вавилония],3:41:50,AndrLord,долг Х2,атлична+,Аниме,,поп,
17) билборды — В полной темноте,3:49:25,staruhhha,донат,атлична-,,,поп,
18) the GazettE — Toguro,3:55:05,НеАноним(фанат декскора),долг Х3💀,атлична - -,,,рок,
19) KAF — Confused Telepathy {戸惑いテレパシー},4:05:35,Aleks kun,донат,хорошечно+,,,поп-рок / рок,
"20) Ai* GROUP — I Can’t Hear It Now (Freya Ridings, Arcane & League of Legends Music - I Can’t Hear It Now; RUS Cover) [OST, Arcane: League of Legends 2nd season / Аркейн 2]",4:14:45,anna_251999,долг,хорошечно-,Аниме,,поп / оркестровое,
21) Slipknot — Snuff (2012 Remaster),4:23:10,Ne_Oleg,донат,гениально - -,,,метал / рок / баллада,
22) Týr — Ten Wild Dogs,4:31:35,@Darhalas,очередь,нормас ++,,,метал,
"23) Сурганова и Оркестр — Река (Репетиция в ""ПушкинРядом"")",4:50:00,MidoriRock,долг Х2,атлична-,,,поп-рок,
"24) King Princess, Arcane & League of Legends Music — Fantastic (Official Visualizer) [OST, Arcane: League of Legends 2nd season / Аркейн 2]",5:00:10,anna_251999,донат,атлична - -,Аниме,,поп,
25) Linkin Park — Faint (Official Music Video; 4K UPGRADE),5:07:15,meganekka,долг Х3💀,атлична+,,,рок,
26) Rom1o — FNAF Song ON NOTE BLOCKS (DOWNLOAD NBS IN DESCRIPTION),5:30:55,Rom1o,заказ,хорошечно-,Игра,,электронное,
27) Taras Stanin — The Hills (The Weeknd - The Hills; Beatbox Cover),5:40:00,МикТланТекуТли,донат,атлична+,,,разное / электронное,
28) Paradox Interactive & Andreas Waldetoft — Stellaris Suite: Creation and Beyond [Stellaris OST],5:48:50,SinWarlock,долг,атлична-,Игра,,оркестровое / 'электронное,
29) KAF & Hoshimachi Suisei — SWAY {一世風靡},6:04:45,Aleks kun,донат,хорошечно,,,поп,
30) Tinariwen — Sastanàqqàm {I Question You} (+IO:I),6:14:10,Napporaivo,долг Х2,атлична,,,рок / фолк,
31) Lara Fabian — The Dream Within (Love Theme) [Final Fantasy: The Spirits Within OST],6:24:30,anna_251999,донат,атлична,Аниме,,оркестровое / поп,
32) LEN — Mind Brand (MARETU feat. Hatsune Miku - Mind Brand; RUS Cover),6:44:25,mx14,долг Х3💀,нормас+ (МОЗГОЕ*ЛЯ),,,поп,
33) KAF — Lifetime {Hissei yo / 畢生よ},6:55:45,Aleks kun,донат,хорошечно+,,,поп-рок,
34) Amaya — Into the West (Annie Lennox - Into the West; RUS Cover; HBD Yuki Eiri) [The Lord of the Rings OST],7:04:50,anna_251999,долг,хорошечно,Фильм,,оркестровое / баллада,
35) Logic feat. Wale & John Lindahl — 100 Miles & Running (Official Audio),7:14:40,Чар,донат,гениально -,,,рэп,
36) Queen & David Bowie — Under Pressure (Live),7:26:55,fortchka,долг Х2,гениально-,,,поп-рок,
37) LEN — This Silence Is Mine {Anata to SciencE} (Chihiro Onitsuka - This Silence Is Mine; RUS Cover) [Drakengard 3 OST],7:36:35,anna_251999,донат,ну такое+,Игра,,оркестровый / баллада,
38) CRISTAL_JAM — Savicheva brasil pfonk (FINAL MIX),7:56:40,CRISTAL_JAM,долг Х3💀,хорошечно-,,,электронное,
"39) Кобыла и Трупоглазые Жабы Искали Цезию, Нашли Поздно Утром Свистящего Хна — Молох {Moloch}",8:01:35,ShadeR_93,донат,кринж-контент,,,поп,
40) Stan Bush — The Touch (HD Restoration) [The Transformers: The Movie OST],8:16:50,ДокухэбиТатсу,долг,хорошечно+,Фильм,,рок / поп-рок,
"41) V.W.P feat. KAF, RIM, Harusaruhi, Isekaijoucho & KOKO — Spirit of Words {言霊}",8:26:50,Aleks kun,донат,атлична-,,,поп,
42) Polkadot Stingray — FREE,8:37:30,Cybrex,долг Х2,атлична,,,поп-рок / поп,
43) Chiaki Ishikawa — Uninstall [1 Opening Bokurano: Ours / Наше],8:43:55,ShadeR_93,донат,атлична+,Аниме,,поп,
44) Ssshhhiiittt! — печаль (рассвет) {sadness},8:58:50,jogki,долг Х3💀,атлична-,,,поп-рок / инди,
45) Lacrimosa — Ich verlasse heut' Dein Herz,9:06:20,MacTepOk,донат,хорошечно - -,,,метал,
46) BL8M & AKUGETSU — Blink Gone (VIVINOS - ALNST Original Soundtrack Part.8; F I N A L ｜ Alien Stage),9:26:15,Yun,долг,хорошечно+,,,поп,
47) Inabakumori feat. Kaai Yuki — Lagtrain {ラグトレイン},9:34:25,ShadeR_93,донат,атлична,,,поп / электронная,
СТРИМ №57 (05.12.24),, ,,,,,,
ДОЛГОВОЙ,, ,,,,,,
1) King Gnu — Nekko {ねっこ} [Umi ni Nemuru Diamond OST],12:35,Cybrex,долг,гениально-,Фильм,,поп ,
2) LiSA — ADAMAS [1 Opening Sword Art Online: Alicization / Мастера Меча Онлайн: Алисизация],24:05,Ivan_Vitalyevich,долг Х2,гениально - -,Аниме,,рок,
"3) Eve — Ao No Waltz {蒼のワルツ} [OST; Josee, the Tiger and the Fish / Жозе, тигр и рыба]",37:55,TrollFace324,долг Х3💀,атлична+,Фильм,,поп,
4) Jelonek — Romantic Revenge,49:40,Alan008,долг,хорошечно,,,оркестровое / рок / инструментал,
5) Queen — It's A Hard Life (Official Video),59:15,Static_streams_,долг Х2,гениально -,,,рок,
6) MALICE MIZER — Le ciel ~Kūhaku no Kanata e~ {Le ciel ～空白の彼方へ～},1:10:10,НеАноним(фанат декскора),долг Х3💀,гениально,,,поп ,
7) Агата Кристи — Сказочная тайга (Официальный клип / 1995),1:21:35,SinWarlock,долг,атлична+,Фильм,,поп,
8) Angela — AYAKASHI [1 Opening Ayaka: A Story of Bonds and Wounds / Аяка],1:31:15,AnonymousAdomin,долг Х2,атлична,Аниме,,рок,
9) TheFatRat & RIELL — Myself & I (Chapter 6),1:41:40,Rom1o,долг Х3💀,атлична-,,,поп ,
"10) Arseny St. — Sunset Horizons [OST; Love, Money, Rock'n'Roll / Любовь, Деньги, Рок-н-Ролл]",2:07:35,Takamern,долг,нормас,Игра,,рок / инструментал,
11) HOYO-MiX — Anthem of the Savannah (Live) [Genshin Impact OST],2:22:00,oppux,долг Х2,атлична+,Игра,,оркестровое / фолк / инструментал,
12) Ado — Cringing at herself performing (Ado - ODO; LIVE Reaction),2:31:55,AnonymousAdomin,долг Х3💀,(кринж-контент),,,разное,
13) Андрей Губин — Танцы {Dances} (Official Video; HD Remastered),2:37:45,Momonga,долг,атлична+,,,поп,
14) Yoshino — ODD NUMBER [1 Opening Loner Life in Another World / Нападение одиночки на иной мир],2:45:55,AnonymousAdomin,долг Х2,атлична,Аниме,,поп,
15) Udio Ai — Нотр-Дам-де-Пари - Говновоз (Garou feat. Daniel Lavoie & Patrick Fiori - Belle; Ai Cover),2:56:55,НеАноним(фанат декскора),долг Х3💀,атлична (+УШИ),,,опера/мюзикл / разное,
16) Camellia — Parallel Universe Shifter,3:06:00,Finvarra,долг,атлична,,,электронное ,
17) TK from Ling tosite sigure feat. Inaba Koshi — As long as I love / Scratch,3:20:35,contrast,долг Х2,атлична,,,рок,
"18) Queen — White Queen {As It Began} (Live at the Hammersmith Odeon, 24th December 1975)",3:30:35,Static_streams_,долг Х3💀,гениально -,,,рок,
19) Modern Talking — Cheri Cheri Lady (Official Video),3:41:25,SinWarlock,долг,атлична+,,,поп,
СТРИМ №56 (03.12.24),, ,,,,,,
ДОЛГОВОЙ,, ,,,,,,
1) Liza feat. 7 — PARALLEL (Prod. Chaki Zulu; Official Music Video),9:20,laitsberg,долг,атлична - -,,,поп / рэп,
2) Alan Walker — Faded,19:00,Sammy Willbur,долг Х2,атлична+,,,поп / электронное,
3) Ado — Villain Utattemita {ヴィラン} (Stella Jang - Villain; Cover),27:10,AnonymousAdomin,долг Х3💀,атлична,,,поп,
"4) Paul Romero, Rob King & Steve Baca — Hope [Heroes of Might and Magic IV OST]",34:55,IamTagir,долг,атлична+,Игра,,фолк / инструментал,
5) Электроклуб feat. Виктор Салтыков — Кони в яблоках {Horse in apples},41:15,SinWarlock,долг Х2,атлична-,,,поп ,
6) Rammstein — Du Hast (Official 4K Video),49:35,Sammy Willbur,долг Х3💀,атлична+,,,метал,
7) Andreas Waldetoft — Cradle of the Galaxy [Stellaris Utopia OST],57:00,Collapsar1990,долг,хорошечно+,Игра,,оркестровое / инструментал,
8) Starset — Antigravity (audio),1:06:50,strelokin,долг Х2,хорошечно-,,,рок,
9) Mori Calliope — end of a life (Original Song),1:17:35,AndrLord,долг Х3💀,атлична - -,,,поп / рэп,
10) Biz & ZERA feat. LOLUET — Loveit?,1:29:00,Madao,долг,атлична+,,,поп ,
11) The Seatbelts — Tank! [1 Opening Cowboy Bebop / Ковбой Бибоп],1:36:50,4aik_kiji,долг Х2,гениально,Аниме,,джаз,
12) MALICE MIZER — Gekka no Yasoukyoku {月下の夜想曲},1:44:50,НеАноним(фанат декскора),долг Х3💀,атлична+,,,поп,
13) Falling In Reverse — ZOMBIFIED,2:10:35,Enotishche,долг,атлична-,,,метал,
14) MOLDANAZAR — Ozin Gana,2:17:50,Lord_aluc,долг Х2,атлична,,,поп,
15) Nightcore — Take A Hint (Victorious Cast feat. Victoria Justice & Elizabeth Gillies - Take A Hint; Original),2:23:20,Cybrex,долг Х3💀,нормас,,,поп,
15.5) Делаем Nightcore из Опенинга стрима,2:28:35,Faryma.composer,,,,,,
16) Falling In Reverse — Watch The World Burn (Live),2:36:30,Yukio,долг,хорошечно+,,,метал,
"17) Hisaaki Hogari & Yoko Kanno — CyberFolk Music [OST, Genesis of Aquarion / Акварион]",2:48:05,bibiboy,долг Х2,атлична+,Аниме,,оркестровое / инструментал,
18) MALICE MIZER — Beast of Blood,2:59:20,НеАноним(фанат декскора),долг Х3💀,хорошечно+,,,метал,
19) Jason Charles Miller — Rules of Nature (Platinum Mix) [Metal Gear Rising: Revengeance OST],3:10:25,SinWarlock,долг,атлична+,Игра,,метал / рок,
20) PPK — Reloaded (Robots Outro),3:17:40,sniffd,долг Х2,атлична,,,электронное,
"21) TK from Ling Tosite Sigure — Signal (ПОВТОР: СТРИМ №1; 11 трек от ""Чат"") [1 Opening 91 Days / 91 День]",3:21:50,contrast,повтор,гениально-,Аниме,,рок,
"22) Kohei Tanaka — Soul Pocus ~Song of the Queen~ [OST, One Piece / Ван-Пис / Большой куш]",3:30:50,Yubeast,долг,гениально-,Аниме,,оркестровое ,
23) Vylet Pony — PLAY DEAD! PLAY DEAD!,3:41:45,Вешалка,долг Х2,атлична+,,,рок / метал,
СТРИМ №55 (1.12.24),, ,,,,,,
БЛАГОТВОРИТЕЛЬНЫЙ,, ,,,,,,
"1) Yu Jiao Yan — Dui Dui Dui {对对对} [1 Opening Spare Me, Great Lord! 2nd Season / Пощади меня, великий господин! 2]",8:00,@AgafonovT,очередь,атлична-,Аниме,,рэп / поп,
"2) Andrew Underberg, Sam Haft, Jeremy Jordan, Amir Talai, Erika Henningsen & Kimiko Glenn — Hell's Greatest Dad [Hazbin Hotel OST]",18:30,@mirzhanz; @kachankapustii,очередь,атлична,Фильм,,мюзикл/опера,
3) FZMZ feat. Icy — Danger Danger (Anime Music Video) [2 Opening Shangri-La Frontier / Рубеж Шангри-Ла: Любитель игрошлака бросает вызов топ-игре],25:25,Kami1929,очередь,атлична,Аниме,,метал,
4) Keita Haga — Gekka:re [TSUKIHIME -A piece of blue glass moon- OST],39:50,@Rayels66,очередь,нормас+,Игра,,фортепиано,
5) Jacal — Home Resonance But It's Midwest Emo (full version),52:50,@sergogaimer,очередь,хорошечно,,,инструментал,
6) Слава КПСС — Духовная нищанка {Spiritual Poverty},1:13:35,@ob4elkanej,очередь,хорошечно,,,рэп,
"7) Minako Seki — Legend {伝説} [OST, Black Clover / Чёрный клевер]",1:24:25,@beznadejnyi,очередь,хорошечно+,Аниме,,оркестровое,
8) Osvaldo Chacon — Mi Vicio,1:32:05,@Eliotin,очередь,хорошечно,,,джаз,
9) ATARASHII GAKKO! — Koi Geba {恋ゲバ},1:46:30,@oliverdolg,очередь,атлична-,,,поп-рок / поп,
10) back number — Happy End {ハッピーエンド} [Завтра я встречаюсь со вчерашней тобой OST],2:15:05,@darthspectrumm,очередь,атлична+,Фильм,,поп / баллада,
11) Kawada Mami — Masterpiece [2 Opening Toaru Majutsu no Index / Индекс волшебства],2:25:00,ddmshbnv,очередь,хорошечно,Аниме,,поп / электронное,
12) Berlin Brass Quintet — Puttin' on the Ritz (Irving Berlin - Puttin' on the Ritz; Original),2:36:20,@yaXd_n,очередь,гениально-,Фильм,,оркестровый / инструментал,
13) Mike Simpson — Shake Your Groove Thing [Shrek Forever After OST],2:43:20,margarita__eller,заказ,атлична+,Фильм,,инструментал / джаз / фолк,
14) Udio AI — Шаман - Говновоз (SHAMAN - Я РУССКИЙ; Ai Cover),2:48:05,@sineond,очередь,нормас,,,поп ,
15) Pipkin Pippa — Pippa the Ripper (Original Song; Reupload),2:54:55,alex7kom,очередь,ну такое+,,,поп,
16) KMFDM — Amnesia (Official Music Video),3:04:45,@wnkd1,очередь,хорошечно++,,,метал / электронная,
17) Rika Mayama — Liar Mask [2 Opening Akame ga Kill! / Убийца Акамэ!],3:15:20,@Rim758,очередь,атлична-,Аниме,,метал,
18) Kirkiimad feat. nowkie — Ты смотрела аниме (Официальный клип),3:27:35,@AlyonaDanilova7,очередь,ну такое,,,поп,
"19) Tatsuya Kitani — Rapport [ep 1, Ending Bleach: Thousand-Year Blood War / Блич: Тысячелетняя кровавая война]",3:35:30,pavel_artf,очередь,атлична+,Аниме,,поп-рок / рок,
20) BUCK-TICK — Gekka Reijin [2 Ending Shiki / Усопшие],3:43:10,Sadierre,очередь,хорошечно-,Аниме,,поп / поп-рок,
21) UNDEAD CORPORATION feat. Sawacy & Mie <GET IN THE RING> — MEGALOMANIA (Black Symphonic Metal; 248 K+CH/M),3:47:45,@aurabellafiora1,очередь,нормас,,,метал,
22) HOYO-MiX — Polumnia Omnia [Genshin Impact OST],4:00:25,EpicFire,очередь,атлична+,Игра,,оркестровое,
"23) Apparat feat. Soap&Skin — Goodbye [Theme from Dark, A Netflix Original Series]",4:29:40,Rokitou,очередь,атлична+,Фильм,,инструментал / инди,
24) Keiichi Arawi — Ekaki Uta {絵描きうた} [Characters from Helvetica Standard],4:36:50,@oryxtk,очередь,нормас,,,поп / инди,
25) FLOW — GOLD [10 Opening Boruto: Naruto Next Generations / Боруто: Новое поколение Наруто],4:43:55,kumashisan,очередь,хорошечно-,Аниме,,рок,
26) King Crimson — I Talk to the Wind,4:54:40,scuk0_bl1n,очередь,атлична+,,,джаз,
"27) League of Legends — Thresh, the Chain Warden [League of Legends OST]",5:06:15,meganekka,очередь,хорошечно-,Игра,,оркестровое / инструментал,
28) Frederic — Nettaiya {熱帯夜},5:11:10,Svd_bb,очередь,атлична+,,,поп,
29) Miley Cyrus — Start All Over,5:18:45,Zark,очередь,хорошечно,,,поп-рок / поп,
30) Kishidan — Omae Dattanda {It Was You} [11 Ending Naruto: Shippuuden / Наруто: Ураганные хроники],5:27:10,I’m,очередь,хорошечно,Аниме,,рок,
31) Alexander Demidov — Spinning wheel,5:31:15,@yershovda,очередь,хорошечно+,,,инструментал / фортепиано,
"32) Ennio Morricone — The Ecstasy of Gold [The Good, The Bad And The Ugly OST]",5:39:25,Mister_Flicker,очередь,гениально-,Фильм,,оркестровое / инструментал,
"33) Mark Mancina feat. Elin Carlson — Diva [OST, Blood+ / Кровь+]",5:48:05,@Zagadochniy_Pretendent,очередь,гениально - ,Аниме,,оркестровое / мюзикл/опера,
34) Naktigonis — On The Shoulders Of Giants [Deepwoken OST],5:57:00,Иван,очередь,хорошечно+,Игра,,инструментал,
35) S.F.A — Dienos Advento (BGM SoundTrack) [Tree of Savior OST],6:05:00,@Mugetsu21,очередь,атлична-,Игра,,метал,
"36) CV: Makoto Furukawa & CV: Konomi Kohara — My Nonfiction (Miyuki Shirogane & Chika Fujiwara characters) [ep 4, Ending Kaguya-sama: Love is War 3rd Season / Госпожа Кагуя: в любви как на войне 3]",6:14:20,upucka18,очередь,хорошечно+,Аниме,,поп ,
37) Queen — The Millionaire Waltz (Official Lyric Video),6:20:40,@fedricomarderico,очередь,гениально-,,,поп / разное / поп-рок,
СТРИМ №54 (30.11.24),, ,,,,,,
1) Пузантос — Тупица (клип),10:20,laitsberg,заказ,ну такое+,,,рок,
"2) Daniel Perret — Ave Maria, Op. 52 No. 6, D. 839 ""Hymne an die Jungfrau"": Ellen's Gesang III, Ave Maria!; Op. 56, No. 6, D. 839, ""Hymne an die Jungfrau""",16:50,dzahaines,донат,гениально,,,оркестровое,
"3) Kevin Penkin — Tomorrow [OST, Made in Abyss / Созданный в Бездне]",24:50,Yubeast,долг,гениально-,Аниме,,оркестровое / инструментал,
4) BUCK-TICK — Nocturn - Rain Song,35:05,Враг тишины,донат,гениально - -,,,электронное / инструментал / разное,
5) Michael McCann — Icarus (Main Theme) [Deus Ex: Human Revolution OST],45:40,laitsberg,долг Х2,атлична - -,Игра,,оркестровое / инструментал,
6) Tame Impala — Let It Happen,53:10,dzahaines,донат,атлична -,,,электронное / поп,
7) BiSH — innocent arrogance [1 Opening Heavenly Delusion / Иллюзия рая / Великая небесная стена],1:08:40,meganekka,долг Х3💀,хорошечно+,Аниме,,рок,
"8) Yasuharu Takanashi — Tsuioku ~Mezameru Tamashii~ [OST, Fairy Tail / Хвост феи]",1:18:30,МикТланТекуТли,донат,хорошечно,Аниме,,оркестровое / инструментал,
9) Metalocalypse: Dethklok — Awaken [Metalocalypse OST],1:29:20,ДокухэбиТатсу,долг,хорошечно-,Фильм,,метал,
10) DECO*27 feat. Hatsune Miku — Monitoring {モニタリング},1:38:05,dzahaines,донат,атлична,,,поп,
11) Michael Giacchino — Kremlin With Anticipation [Mission: Impossible - Ghost Protocol OST],2:01:45,Alan008,долг Х2,атлична-,Фильм,,оркестровое / инструментал,
12) Guano Apes — Rain,2:09:25,Враг тишины,донат,атлична+,,,рок / поп-рок,
13) DIR EN GREY — Ranunculus (PV; SUB; HD),2:18:00,НеАноним(фанат декскора),долг Х3💀,атлична,,,метал,
14) Anamanaguchi feat. Hatsune Miku — Miku,2:27:00,dzahaines,донат,атлична -,,,поп / электронная,
15) Two Feathers feat. Alissa White-Gluz — Stygia [Metal: Hellsinger OST],2:35:15,SinWarlock,долг,нормас+,Игра,,метал,
"16) Эдуард Артемьев — ""Финал"" (Live) [Свой среди чужих, чужой среди своих OST]",2:47:20,Oldfanmusic,донат,гениально-,Фильм,,оркестровое / инструментал,
17) GALNERYUS — HUNTING FOR YOUR DREAM [2 Ending Hunter x Hunter (2011) / Охотник х Охотник (2011)],3:01:20,kumashisan,долг Х2,атлична-,Аниме,,метал,
18) Ai — Туалетный гуль (TK from Ling tosite sigure - Unravel; говновоз ai cover) [1 Opening Tokyo Ghoul / Токийский гуль],3:10:55,Cybrex,заказ,гениально,Аниме,,рок,
19) The Cranberries — Empty,3:19:05,50 50,донат,атлична-,,,рок,
"20) Hayashibara Megumi — Tsubasa wo Kudasai {Please Give Me Wings} [OST, Rebuild of Evangelion: 2.0 You Can (Not) / Евангелион 2.22: Ты (не) пройдёшь]",3:26:40,Sheruka,долг Х3💀,хорошечно+,Аниме,,баллада / поп,
21) Satapan P feat. Hatsune Miku — あーーーーーーーーーー {A——————————},3:37:35,dzahaines,донат,хорошечно+,,,разное / поп ,
22) Hoshimachi Suisei — Bokuwa Hatsune Miku to kiss wo shita {I Shared a Kiss with Hatsune Miku} (MikitoP feat. Hatsune Miku - Bokuwa Hatsune Miku to kiss wo shita; Cover),4:03:50,Madao,долг,атлична - -,,,рок,
23) Dream Theater — The Spirit Carries On (Score: 20th Anniversary World Tour Live with the Octavarium Orchestra),4:14:55,МикТланТекуТли,донат,атлична,,,рок / баллада,
24) Jason Hayes & Glenn Stafford — A Call to Arms (Tirion Fordring) [Gloria Honorifice World of Warcraft OST],4:31:20,ogure4niy_klitor,долг Х2,атлична -,Игра,,оркестровое,
25) Tery O'Shkin — Разговор с отцом (Suno v3.5),4:39:00,TheOldMattCat,донат,нормас+,,,баллада,
25.5) Оцениваем + генерируем песни в Suno,4:47:00,Faryma.composer,,,,,,
26) sumika — Shake & Shake [1 Opening Bishounen Tanteidan / Красавчики-детективы],5:02:55,Ivan_Vitalyevich,долг Х3💀,атлична+,Аниме,,поп / джаз,
27) JINJER — Pisces (Live Session; Napalm Records),5:12:40,МикТланТекуТли,донат,атлична-,,,метал,
28) Austin Mahone feat. Pitbull — Mmm Yeah,5:24:05,laitsberg,долг,атлична - -,,,поп,
"29) Shinsei kamattechan — My War {Boku no Sensou / 僕の戦争} (ПОВТОР: СТРИМ №15; 6 трек от ""Sheruka"") [1/6 Opening Shingeki no Kyojin: The Final Season / Атака титанов: Финал]",5:32:35,Monstrrro,донат,атлична+,Аниме,,рок / поп / инди,
30) TOOBOE — heart {shinzou / 心臓},6:07:30,Svd_bb,заказ,атлична,,,поп,
31) Fujii Kaze — Shinunoga E-Wa,6:18:35,ArtyomShay,долг Х2,атлична+,,,поп,
32) HXVRMXN feat. keelse — MO RE,6:26:05,Враг тишины,донат,атлична-,,,электронная,
33) Alexander Sitkovetsky — Christmas According 2 Chris,6:33:15,PerleSperling,долг Х3💀,хорошечно,,,инструментал,
34) Avenged Sevenfold — A Little Piece of Heaven,6:45:35,Чар,донат,атлична,,,рок / разное ,
35) Jiro Inagaki & Soul Media — Breeze {ブリーズ},7:00:35,Aldidugani,долг,атлична,,,джаз,
36) ABBA — Gimme! Gimme! Gimme! (A Man After Midnight),7:09:30,sniffd,донат,гениально,,,поп,
37) Mori Calliope — Off With Their Heads (ORIGINAL SONG),7:17:50,AndrLord,долг Х2,атлична+,,,поп / рэп,
38) KALEO — Way Down We Go (Official Music Video),7:28:35,Чар,донат,атлична+,Фильм,,поп,
39) Mr. Sauceman — Pumpin' Hot Stuff (Boss 3 The Noise) [Pizza Tower OST],7:47:40,eurodance_with_cat,долг Х3💀,хорошечно+,Игра,,разное / инструментал / электронная,
40) Madonna — Hung Up (Official Video),7:58:30,sniffd,донат,хорошечно+,,,поп ,
"41) King Gnu — Sanmon Shosetsu {三文小説} [OST, A Girl of 35 / 35-летняя девушка]",8:10:15,Cybrex,долг,атлична+,Фильм,,поп / баллада,
42) Voiceplay feat. J.None — Valhalla Calling (Miracle of Sound; acapella),8:19:30,МикТланТекуТли,донат,гениально -,,,разное,
"43) Udio Ai — Говновоз, но поет Фрэнк Синатра (Михаил Шелег - Говновоз; Ai Cover)",8:41:20,Cybrex,долг Х2,гениально- ,,,поп / джаз,
44) Mark Ronson feat. Bruno Mars — Uptown Funk (Official Video),8:52:40,sniffd,донат,гениально,,,поп / фанк,
45) illion — GASSHOW,9:03:05,ginkogintoki,долг Х3💀,гениально-,,,фолк / поп ,
46) Lacrimosa — Ich bin der brennende Komet,9:10:25,MacTepOk,донат,хорошечно-,,,метал,
47) Halsey — Control (Audio),9:33:20,SinWarlock,долг,атлична+,,,поп,
48) Tatsuya Kitani — Where Our Blue Is {Ao no Sumika / 青のすみか} (THE FIRST TAKE) [1 Opening Jujutsu Kaisen 2nd Season / Магическая битва 2],9:39:40,darthspectrum,донат,гениально-,Аниме,,баллада / оркестровое / поп,
СТРИМ №53 (26.11.24),, ,,,,,,
ДОЛГОВОЙ,, ,,,,,,
1) TesseracT — War Of Being (Official Music Video),11:25,Aldidugani,долг,хорошечно-,,,метал,
2) HEY-SMITH — Feel My Pain (OFFICIAL MUSIC VIDEO),36:40,kumashisan,заказ,хорошечно,,,рок / метал,
3) Mulasaki Ima — Femme Fatale A {魔性の女A},43:40,Madao,долг Х2,гениально-,,,поп / разное / фанк,
4) RAISE A SUILEN — EXIST [1 Opening Jouran: The Princess of Snow and Blood / Смута: Принцесса снега и крови],55:10,AnonymousAdomin,долг Х3💀,хорошечно+,Аниме,,рок,
5) Tom Odell — Another Love (Official Video),1:06:10,Летта,долг,атлична+,,,поп,
6) Sabrina Carpenter — Taste (Official Video),1:17:10,Zark,долг Х2,хорошечно+,,,поп ,
"7) Masayoshi Yamazaki — One More Time, One More Chance (Eng Sub; Best Version) [Ending 5 Centimeters per Second / Пять сантиметров в секунду]",1:23:20,natsuki_05,долг Х3💀,атлична,Аниме,,поп / баллада,
8) Bob Sinclar — World Hold On (Official HD Video),1:33:30,SinWarlock,долг,атлична,,,поп ,
9) Vadim Petrov — Chvíle Pro Píseň Trubky Op.70 [Chvíle Pro Píseň Trubky OST],1:58:45,Alan008,долг Х2,атлична-,Фильм,,оркестровый / инструментал,
10) Brian the Sun — Lonely Go! [4 Opening Boruto: Naruto Next Generations / Боруто: Новое поколение Наруто],2:07:05,kumashisan,долг Х3💀,хорошечно-,Аниме,,поп-рок,
11) Natori — Overdose,2:15:30,Madao,долг,атлична,,,поп,
"12) Игорь Тальков — Чистые Пруды (Официальный видеоклип, 1988)",2:24:40,Cybrex,долг Х2,хорошечно+,,,поп,
13) MYTH & ROID — VORACITY [1/3 Opening Overlord III / Повелитель 3],2:34:00,meganekka,долг Х3💀,атлична,Аниме,,поп / поп-рок,
14) Gen Hoshino — Comedy {喜劇; Kigeki} [1 Ending Spy x Family / Семья шпиона],2:42:20,Madao,долг,атлична+,Аниме,,поп / джаз,
15) Danny Elfman — Main Titles [Spider-Man OST],2:55:10,Alan008,долг Х2,атлична,Фильм,,оркестровое / инструментал,
16) TK from Ling tosite sigure — first death (ПОВТОР: СТРИМ №2; 15 трек от @deftOwnS Олександр) [8 Ending Chainsaw Man / Человек-бензопила],3:03:30,contrast,повтор,гениально - -,Аниме,,рок / поп-рок,
17) Андрей Губин — Ночь,3:15:30,Cybrex,долг,атлична+,,,поп,
18) TK from Ling tosite sigure — haze,3:26:05,contrast,долг Х2,хорошечно+,,,поп-рок ,
"19) Sting feat. Ray Chen — What Could Have Been [OST, Arcane: League of Legends / Аркейн]",3:35:50,Cybrex,долг Х3💀,атлична+,Аниме,,баллада / оркестровое ,
20) Elisa Rosselli — You’re The One {Unica} [Winx Club OST],3:42:10,Napporaivo,долг,хорошечно-,Фильм,,поп-рок,
СТРИМ №52 (24.11.24),, ,,,,,,
1) Hideki Naganuma — Sneakman [Jet Set Radio OST],34:30,Svd_bb,заказ,атлична,Игра,,хип-хоп,
2) Dawid Podsiadło — Let You Down [1 Ending Cyberpunk: Edgerunners / Киберпанк: Бегущие по краю],51:40,AndrLord,донат,атлична+,Аниме,,поп,
3) Johnny Cash — God's Gonna Cut You Down (Official Music Video),59:50,Warchief,долг,атлична,,,баллада,
4) Juanes — La Camisa Negra,1:08:35,laitsberg,донат,атлична+,,,поп ,
5) Dir En Grey — Oboro {朧},1:17:50,НеАноним(фанат декскора),долг Х2,атлична,,,метал,
6) ABBA — Dancing Queen (Official Music Video),1:25:00,sniffd,донат,гениально,,,поп,
7) Daisuke Ishiwatari — Let Me Carve Your Way (Zato Theme) [Guilty Gear Strive OST],1:33:45,Винсон,долг Х3💀,атлична -,Игра,,метал / разное,
8) Yasushi Ishii — Logos Naki World [1 Opening Hellsing / Хеллсинг: Война с нечистью],1:50:30,50 50,донат,атлична,Аниме,,джаз,
9) Mori Calliope — Red,1:59:50,AndrLord,долг,хорошечно,,,поп / рэп,
10) Mark Ronson feat. Miley Cyrus — Nothing Breaks Like a Heart (Official Video),2:27:30,sniffd,донат,хорошечно+,,,поп,
11) Claire Littley — FLY ME TO THE MOON (Frank Sinatra - Fly Me To The Moon; Original) [1 Ending Neon Genesis Evangelion / Евангелион нового поколения],2:35:25,Sheruka,долг Х2,гениально-,Аниме,,джаз,
12) O-Zone — Dragostea Din Tei (Official Video),2:44:35,laitsberg,донат,гениально (ДВЕ БОМБЫ),,,поп,
"13) the pillows — Blues Drive Monster [ep 5, OST, FLCL / Фури-кури]",2:53:20,meganekka,долг Х3💀,хорошечно,Аниме,,рок,
14) RQCB-R1 feat. FATALITY — Dakini (Kagamine Rin - Dakini; RUS Cover),3:01:30,Jefj29,донат,кринж-контент++,,,поп,
"15) Kevin Penkin — Belaf’s Lullaby {ベラフの子守歌} [ep 9, Ending Made in Abyss Season 2 / Созданный в Бездне: Солнце, вспыхнувшее в Золотом городе]",3:16:40,Surcu,долг,атлична+,Аниме,,оркестровое / инструментал,
"16) Tery O'Shkin — Мои года, мое богатство (Вахтанг Кикабидзе - Мои года, мое богатство; Cover)",3:22:50,TheOldMattCat,донат,нормас+,,,поп ,
17) Ado & Hatsune Miku — Sakura Biyori and Time Machine {桜日和とタイムマシン},3:36:20,AnonymousAdomin,долг Х2,атлична,,,поп ,
"18) Kevin Penkin feat. Takeshi Saito — VOH [OST 17, Made in Abyss Season 2 / Созданный в Бездне: Солнце, вспыхнувшее в Золотом городе]",3:51:10,Surcu,донат,гениально,Аниме,,оркестровое / инструментал,
19) Ado — Rebellion {リベリオン} [Karada Sagashi OST],4:13:45,AnonymousAdomin,долг Х3💀,атлична,Фильм,,поп-рок / поп,
20) Shakira — Waka Waka {This Time for Africa} (The Official 2010 FIFA World Cup™ Song),4:20:40,ayl1es,донат,атлична+,,,поп,
21) Leona Lewis feat. Melinamusic — I See You (Leona Lewis - I See You; EPIC VERSION) [Avatar OST],4:27:10,anna_251999,долг,атлична-,Фильм,,оркестровое / инструментал,
22) Tery O'Shkin — Валенки (Лидия Русланова - Валенки; Cover; Ringtone edition),4:37:35,TheOldMattCat,донат,хорошечно-,,,поп,
23) TK from Ling tosite sigure — Chou no Tobu Suisou {蝶の飛ぶ水槽} [1 Opening Pet / Питомец],4:43:45,natsuki_05,долг Х2,гениально - -,Аниме,,рок / поп-рок / инди,
24) Amaya — Tell me now {What You See} (Hans Zimmer feat. Moya Brennan - Tell Me Now; RUS Cover) [King Arthur OST],5:06:05,anna_251999,донат,гениально - -,Фильм,,фолк / оркестровое,
25) London Symphony Orchestra — Sumeru (HOYO-MiX — Sumeru; Live) [Genshin Impact OST],5:18:00,Летта,долг,атлична+,Игра,,оркестровое,
26) REOL feat. nqrse — LUVORATORRRRRY!,5:27:45,Sheruka,долг Х3💀,атлична,,,поп,
"27) Ai* GROUP — Paint It, Black (The Rolling Stones - Paint It, Black; RUS Cover) [The Last Witch Hunter OST]",5:48:25,anna_251999,донат,хорошечно-,Фильм,,поп / оркестровое,
28) TesseracT — Legion (Official Music Video),5:59:15,AlDidugani,долг,атлична-,,,метал,
29) Tery O'Shkin — Всё пройдёт {Everything will pass} (Михаил Боярский feat. Festival - Всё пройдёт; Cover) [Куда он денется! OST],6:13:25,TheOldMattCat,донат,нормас+,Фильм,,поп,
30) Nika Lenina — Bravely You (Lia - Bravely You; RUS Cover) [1 Opening Charlotte / Шарлотта],6:22:20,Midorirock,долг Х2,хорошечно-,Аниме,,поп,
31) Amaya — Shinkirou (LOVEHOLIC - Shinkirou; RUS cover) [1 Ending Black Blood Brothers / Братство чёрной крови],6:33:00,anna_251999,донат,хорошечно-,Аниме,,поп,
"32) Berlinist — Gris, Pt. 2 (Gris Ending Cutscene HQ) [GRIS OST]",6:42:15,Шкелет,долг Х3💀,атлична,Игра,,оркестровое / инструментал,
33) Унесенные Ветром — Какао (Официальный клип!),6:47:10,Monstrrro,донат,хорошечно- (КАКАО КАКАОООО),,,поп,
34) Kenshi Yonezu — RED OUT,6:57:40,Madao,долг,гениально-,,,поп,
35) Daniela — Bad Feeling {Oompa Loompa} (Jagwar Twin - Bad Feeling; RUS Cover) [Вонка OST],7:05:15,anna_251999,донат,атлична,Фильм,,поп,
36) Caramella Girls — Caramelldansen (Swedish Original),7:12:00,Eagler,долг Х2,атлична,,,поп,
37) Hiroshi Kobayashi — Format X [Contra: Hard Corps OST],7:31:55,MacTepOk,донат,атлична-,Игра,,электронная / инструментал,
38) Doug Bossi — Moon Over the Castle [Gran Turismo 5 Prologue Version],7:40:05,PerleSperling,долг Х3💀,гениально-,Игра,,рок / метал,
39) Meiyo feat. asmi — Nothing's Working Out {なにやってもうまくいかない},7:51:45,Jefj29,донат,гениально,,,поп,
40) Joy Enriquez — How Can I Not Love You (Video Version) [Anna and the King OST],7:58:00,anna_251999,долг,атлична - -,Фильм,,поп / баллада,
41) Lacrimosa — Deine Nähe,8:06:10,MacTepOk,донат,хорошечно-,,,рок / метал,
"42) Nana Mizuki & Horie Yui — Towagatari ~El Ragna~ [OST, Cross Ange: Tenshi to Ryuu no Rondo / Крест Анж: Рондо ангела и дракона]",8:29:20,AnonymousAdomin,долг Х2,хорошечно-,Аниме,,поп ,
43) Tanri — Show {唱} (Ado - Show; RUS Cover),8:36:50,anna_251999,донат,гениально-,,,поп,
44) Miracle of Sound — Khajiit Like to Sneak (SKYRIM),8:48:50,Spectator,долг Х3💀,хорошечно,,,инди / поп,
45) Пророк Санбой — Остров {Island} (MemMusic #12),8:54:00,Historiker Turquoise,донат,атлична (КОМПОЗЕР СЛОМАЛСЯ!),,,рок,
46) Sleeping With Sirens — A Trophy Father's Trophy Son,9:05:30,staruhhha,долг,атлична,,,метал,
47) Ai — Говновоз - На ЗИЛе (Олег Газманов - Вперёд Россия; Сover),9:12:15,Cybrex,донат,хорошечно+,,,поп,
СТРИМ №51 (21.11.24),, ,,,,,,
ДОЛГОВОЙ,, ,,,,,,
1) Christell — Dubidubidu (Letra/Lyrics),12:40,Monstrrro,долг,атлична - -,,,поп ,
"2) TK from Ling Tosite Sigure — Tagatame (ПОВТОР: СТРИМ №3; 22 трек от ""SaiLLeD"") [1 Opening Boku no Hero Academia 7th Season / Моя геройская академия 7]",26:15,contrast,повтор,атлична+,Аниме,,рок ,
3) Bo Burnham — Bezos I,42:15,sniffd,долг Х3💀,нормас+,,,поп,
4) Учебный хор Восточно - Казахстанского училища  искусств имени Народных артистов братьев Абдуллиных — Гимн Воланда (Игорь Корнелюк - Гимн Воланда; Original) [Мастер и Маргарита OST],48:25,Warchief,долг,хорошечно- / гениально-,Фильм,,оркестровое ,
5) Nami Tamaki — Believe [3 Opening Kidou Senshi Gundam SEED / Мобильный воин Гандам: Поколение],1:03:35,bibiboy,долг Х2,хорошечно+,Аниме,,поп,
6) DADAROMA — oboreru sakana {溺れる魚},1:28:10,НеАноним(фанат декскора),долг Х3💀,атлична-,,,метал,
7) Самуил Абрамович Самосуд — Кантата «Александр Невский» (Сергей Сергеевич Прокофьев - Кантата «Александр Невский»; Original) [Ледовое побоище OST],1:40:35,lazlos,долг,гениально,Фильм,,оркестровое ,
8) WIND ROSE — Drunken Dwarves (Official Video),2:02:05,SinWarlock,долг Х2,нормас+,,,метал,
9) Motorama — Alps (Official Video),2:13:20,Kepa,долг Х3💀,хорошечно -,,,инди / поп-рок / поп,
10) Arnaud Roy — Across The Drift (Riftborn Theme) [Endless Space 2 OST],2:35:10,General_PunisheR,долг,хорошечно-,Игра,,фортепиано / инструментал,
11) Masayoshi Soken — Scream (Hegemone x Agdistis Theme) [Final Fantasy XIV OST],2:51:55,dzairen,долг Х2,хорошечно+,Игра,,рок ,
12) Three Days Grace — Animal I Have Become [WWE SmackDown vs. Raw 2007 OST],3:01:40,Sammy Willbur,долг Х3💀,атлична,Игра,,рок,
13) Toby Fox — Waterfall [Undertale OST 31],3:08:30,SinWarlock,долг,атлична-,Игра,,инструментал,
"14) Ado feat. Jakusansei & Yoshino — Ready Steady (Giga feat. Hatsune Miku, Kagamine Rin & Kagamine Len - Ready Steady; Cover)",3:14:20,AnonymousAdomin,долг Х2,атлична+,,,поп,
15) Toto Cutugno — L'italiano,3:22:25,Cybrex,долг Х3💀,атлична+,,,поп / баллада,
СТРИМ №50 (16.11.24),, ,,,,,,
ЮБИЛЕЙ + ПИВО,, ,,,,,,
1) Fujii Kaze — Matsuri (Official Video),10:20,Madao,донат,атлична-,,,поп,
2) Melanie Martinez — Dollhouse (Official Music Video),20:30,Враг тишины,долг,атлична-,,,поп,
3) WEDNESDAY CAMPANELLA — Shakushain,30:15,jefj29,донат,хорошечно,,,поп / инди / разное / рэп,
"4) Venice Baroque Orchestra, Andrea Marcon & Giuliano Carmignola — Vivaldi: Concerto for Violin, Strings and Harpsichord in E Minor, RV 278 - I. Allegro molto",39:05,Alan008,долг Х2,атлична,,,оркестровое / инструментал,
5) Lana Del Rey — Born To Die,51:35,sniffd,донат,хорошечно+,,,поп,
6) the GazettE — PLEDGE,1:00:30,НеАноним(фанат декскора),долг Х3💀,хорошечно,,,рок / метал / баллада,
"7) Satapan P feat. Miku Hatsune, Teto Kasane, Zundamon — YABABAINA (ПОВТОР: СТРИМ №4.1; 1 трек от ""dzahaines"")",1:11:10,Madao,повтор,хорошечно (ЯБАБАЙНА),,,поп / электронная,
8) Sakamata Chloe — Paralyze,1:21:55,Aleks kun,долг,атлична,,,поп ,
9) Михаил Круг — Кольщик (Official Video),1:49:05,ayl1es,донат,атлична -,,,шансон,
10) NMIXX — Soñar {Breaker},2:00:40,Kanashy Girl,долг Х2,атлична+,,,поп,
11) Daft Punk ft. Nile Rodgers & Pharrell Williams — Get Lucky (Official Audio),2:06:35,sniffd,донат,гениально-,,,поп,
"12) Max Richter, Daniel Hope, Konzerthausorchester Berlin, André de Ridder, Konzerthaus Kammerorchester Berlin — Recomposed by Max Richter: Vivaldi, The Four Seasons - Spring 1",2:13:40,Colibrium,долг Х3💀,нормас+,,,оркестровая / инструментал,
13) Dzarkovsky — Woland (Igor Kornelyuk - Woland; Piano Cover) [Master & Margarita OST],2:21:55,Warchief,донат,хорошечно-,Фильм,,фортепиано,
13.5) Cover's на разных MIDI от Faryma.composer #1,2:29:05,Faryma.composer,,,,,,
14) Lana Del Rey — Chemtrails Over The Country Club,2:53:20,StillReverie,долг,атлична+,,,поп / баллада,
15) Ruthie Henshall — I Dreamed A Dream (Les Miserables 10th Anniversary Concert - Royal Albert Hall; Live),3:00:20,BloodAlloy; Historiker Turquoise,донат,атлична-,,,мюзикл/опера,
16) Alan Menken — Zero To Hero [Hercules OST 9],3:10:25,Alan008,долг Х2,атлична+,Фильм,,мюзикл/опера,
17) Gorillaz ft. Del the Funky Homosapien — Clint Eastwood (Official Video),3:18:25,sniffd,донат,атлична-,,,рэп / инди / поп,
18) Boys choir Dzvinochok — Зорю бьют (Георгий Свиридов - Зорю бьют; Original),3:26:30,Kanashy Girl,долг Х3💀,хорошечно+,,,оркестровое / разное,
"19) 65daysofstatic — Radio Protector (ПОВТОР: СТРИМ №8; 3 трек от ""elovir"")",3:37:00,staruhhha,повтор,хорошечно-,,,рок / инди,
20) Lady Gaga — Bad Romance (Official Music Video),3:47:15,Sammy Willbur,долг,гениально-,,,поп ,
21) One-T + Cool-T — The Magic Key (Original Version),4:20:35,sniffd,донат,атлична,,,поп,
22) NMIXX — Run For Roses,4:30:35,Kanashy Girl,долг Х2,атлична - -,,,поп ,
"23) Udio Ai — Говновоз, но поёт Валерий Меладзе (Валерий Меладзе - Салют, Вера!; Cover)",4:39:45,Historiker Turquoise,донат,гениально- (говночист),,,поп / разное,
24) Ling Tosite Sigure — Kimi to Oku {キミトオク},4:47:15,jam3107,долг Х3💀,хорошечно+,,,рок / поп-рок,
25) Scott Bradlee's Postmodern Jukebox ft. Morgan James — Dream On (Aerosmith - Dream On; Cover),4:58:30,ogure4niy_klitor,донат,атлична,,,поп,
26) Lana Del Rey — Dark Paradise,5:08:05,StillReverie,долг,атлична,,,поп,
27) Casiopea vs. T-Square — Fightman (Live),5:16:25,Чар,донат,атлична,,,джаз,
28) PRISM Project — Be the light (Music producer TeddyLoid),5:33:50,alex7kom,долг Х2,хорошечно+,,,поп,
29) YUNGBLUD — Abyss [1 Opening Kaiju No. 8 / Кайдзю номер восемь],5:41:55,staruhhha,донат,атлична-,Аниме,,поп,
30) ONE OK ROCK — We are (Official Video from AMBITIONS JAPAN DOME TOUR),5:47:45,taylan_sounder,долг Х3💀,атлична-,,,рок,
30.5) Сочиняем опенинг с Faryma.composer за 15 минут,5:58:25,Faryma.composer,,,,,,
31) alt-J — Taro,6:20:55,Madao,донат,атлична-,,,поп,
32) Madilyn Bailey — Thrift Shop (Macklemore & Ryan Lewis - Thrift Shop; Acoustic Cover),6:34:30,Boevaya_riba,долг,атлична,,,поп,
33) Dheymerson Farias — O Pintinho {E o Pintinho Piu} (Programa do Ratinho),6:44:30,Monstrrro,донат,хорошечно+,,,поп,
34) HOYO-MiX — Elogia Cinerosa [Genshin Impact OST],6:58:55,Ange1om,долг Х2,гениально-,Игра,,оркестровое / инструментал,
35) BBC News — Intro Transparent 2023 (HD),7:09:45,sniffd,донат,хорошечно,,,поп,
35.5) Сочиняем трек в стиле Hans Zimmer,7:13:30,Faryma.composer,,,,,,
"36) Insane Cherry — What's up, people?! (MAXIMUM THE HORMONE - What's up, people?!; Animal Cover) [2 Opening Death Note / Тетрадь смерти]",7:31:00,Historiker Turquoise,донат,атлична,Аниме,,разное,
37) Onsa Media — Sister’s ∞ mercY (Hitoshizuku-P × Yama△ feat. Kagamine Rin & Kagamine Len - Sister’s ∞ mercY; RUS Cover),7:34:45,AndrLord,донат,атлична-,,,поп,
38) NORMAN — ЕДИНСТВЕННЫЙ ЗРИТЕЛЬ (ОФИЦИАЛЬНЫЙ КЛИП),7:47:55,laitsberg,донат,хорошечно+,,,поп,
39) Avenue Q — The Internet Is For Porn (Original Broadway Cast),8:11:10,Historiker Turquoise,донат,атлична-,,,поп / разное / опера/мюзикл,
40) metaLOLom feat. BadComedian — Вот в чём дело! (metal version),8:17:00,SinWarlock,донат,хорошечно+,,,разное / рок,
41) Bear McCreary feat. Eivør — Memories of Mother (Eivør & Danish National Symphony Orchestra; Live) [God of War OST],8:22:45,BloodAlloy,донат,атлична-,Игра,,оркестровое / инструментал,
42) Баста & Гуф — ЧП {TD},8:29:25,Чар,донат,хорошечно+,,,рэп,
43) Smosh — DIXON CIDER (Official Music Video),8:38:45,laitsberg,донат,хорошечно,,,поп ,
44) Toby Fox — Death by Glamour [Undertale OST 068],8:44:50,SinWarlock,донат,хорошечно,Игра,,электронная ,
45) Little V. feat. OBKATIEKAT — Planet of the Bass (Kyle Gordon - Planet of the Bass Original; Metal Version),8:51:55,Aleks kun,донат,хорошечно,,,метал,
46) Domenico Modugno — Nel Blu Dipinto Di Blu (Volare) [Eurovision 1958 Italy],8:59:50,Napporaivo,донат,атлична ,,,поп,
СТРИМ №49 (14.11.24),, ,,,,,,
ДОЛГОВОЙ,, ,,,,,,
1) Mary Hopkin — Those Were The Days (Remastered),10:45,laitsberg,долг,атлична+,,,баллада ,
2) Little V. — Holding Out for a Hero (Bonnie Tyler - Holding Out For A Hero; EPIC METAL COVER),27:10,Enotishche,долг,хорошечно-,,,метал,
3) Offenbach — Orpheus in the Underworld Overture,39:25,Madao,долг Х2,атлична+,,,оркестровое,
4) Ирина Богушевская — Хорватский марш,56:25,jefj29,долг Х3💀,атлична,,,шансон / поп / разное,
5) Imagine Dragons — Believer (Official Music Video),1:03:35,Monstrrro,долг,гениально-,,,поп-рок / поп,
6) Queen — Let Me Live (Official Lyric Video),1:10:50,Static_streams_,долг Х2,атлична+,,,поп-рок / рок / баллада,
"7) Autodidactic Studios feat. Waterflame, Teminite & Boom Kitty — Slash",1:19:05,Rom1o,долг Х3💀,атлична,,,электронная,
8) Inon Zur — Main Theme [Dragon Age: Origins OST],1:28:25,laitsberg,долг,атлична-,Игра,,оркестровое,
9) Shit shit shit! — колесо {wheel},1:34:35,jogki,долг Х2,нормас+,,,инди / рок,
10) Ирина Богушевская — Куклы,1:45:40,Jefj29,долг Х3💀,атлична,,,шансон / поп / разное,
11) Nerissa Ravencroft — The Vampire (DECO*27 ft. Hatsune Miku English - The Vampire Cover),1:56:00,AndrLord,долг,хорошечно,,,поп ,
12) Joe Hisaishi — The Path of the Wind {風のとおり道} (HQ) [Мой сосед Тоторо OST],2:16:50,oppux,долг Х2,атлична+,Фильм,,оркестровое / инструментал,
13) Dir En Grey — Obscure (4K & 50FPS),2:25:50,bibikaloo,долг Х3💀,хорошечно - - (ХРЮЧЕВО ФУ БЭ),,,метал ,
14) Inon Zur — Lelianna's Song [Dragon Age: Origins OST],2:37:45,laitsberg,долг,хорошечно+,Игра,,оркестровое,
"15) Mitsumune Shinkichi — Louise [8 OST, Zero no Tsukaima / Подручный Луизы-Нулизы]",2:43:10,Roku-dan225,долг Х2,нормас+,Аниме,,оркестровое / инструментал / рок,
16) HOYO-MiX — Combat Beneath the Waves [Genshin Impact OST],2:49:10,EpicFire,долг Х3💀,атлична,Игра,,оркестровое,
17) Paledusk feat. Such — BBB (Official Music Video),2:58:25,Hedor0u,долг,хорошечно+,,,метал / электронное / разное,
18) Король и Шут — Кузнец {Blacksmith},3:08:20,Alan008,долг Х2,атлична - -,,,рок,
19) Caravan Palace — Wonderland,3:22:50,Летта,долг Х3💀,атлична+,,,поп / электронное / джаз,
20) Yozora Mel & Yuzuki Choco — The Vampire (DECO*27 ft. Hatsune Miku English - The Vampire Cover),3:33:50,Aleks kun,долг,хорошечно,,,поп ,
21) Kojima Mayumi — Poltergeist,3:41:05,Sheruka,долг Х2,атлична-,,,джаз,
22) cYsmix — Peer Gynt [Geometry Dash OST],3:48:10,lombada_rola,долг Х3💀,атлична-,Игра,,электронная,
23) Frederic — Only Wonder {オンリーワンダー},3:54:30,Cybrex,долг,атлична,,,поп-рок ,
СТРИМ №48 (12.11.24),, ,,,,,,
ДОЛГОВОЙ,, ,,,,,,
1) Sōtaisei Riron — TV Tokyo {相対性理論 - テレ東},14:30,Чар,заказ,хорошечно,,,инди / поп,
2) Sōtaisei Riron — Hell Teacher {相対性理论 - 地獄先生},25:05,Чар,заказ,хорошечно+,,,инди / поп,
3) Sōtaisei Riron — Mysterious Descartes {相対性理论 - ふしぎデカルト},32:55,Чар,заказ,хорошечно,,,инди / поп,
4) Sōtaisei Riron — Square Revolution {相対性理论 - 四角革命},43:05,Чар,заказ,хорошечно,,,инди / поп,
5) Sōtaisei Riron — Shinagawa Number {相対性理论 - 品川ナンバー},52:05,Чар,заказ,атлична-,,,инди / поп,
6) Sōtaisei Riron — Classroom Collapse {相対性理论 - 学級崩壊},59:40,Чар,заказ,атлична - -,,,инди / поп,
7) Sōtaisei Riron — Fresh White Collar {相対性理论 - さわやか会社員},1:09:30,Чар,заказ,атлична,,,инди / поп,
8) Sōtaisei Riron — Renaissance {相対性理论 - ルネサンス},1:19:50,Чар,заказ,атлична,,,инди / поп,
9) Sōtaisei Riron — Vermont Kiss {相対性理论 - バーモント・キッス},1:27:20,Чар,заказ,атлична-,,,инди / поп,
10) Diana Boncheva feat. BanYa — Beethoven Virus (Full Version),1:52:40,laitsberg,долг,хорошечно+,Игра,,разное / оркестровое / инструментал,
11) Colorful Sounds Port — ETERNAL DRAIN,2:01:50,egorkasprigorca,долг Х2,нормас +,,,поп / электронная,
12) Seeed — Ding (official Video),2:14:15,Napporaivo,долг Х3💀,атлична+,,,рэп,
13) Sakamata Chloe — P.E.T. (holo*27 MV; hololive x DECO*27),2:23:05,Aleks kun,долг,атлична+,,,поп,
14) Miley Cyrus — Malibu (Official Video),2:32:05,Zark,долг Х2,атлична-,,,поп,
15) MYRKUR — Gudernes Vilje (Official Audio),2:39:45,Colibrium,долг Х3💀,атлична-,,,фолк ,
16) Jesper Kyd — Ezio's Family [Assassin's Creed 2 OST],2:55:00,laitsberg,долг,атлична-,Игра,,оркестровое / инструментал,
17) Borodin — Prince Igor: Polovtsian Dances (conducted by Andrzej Kucybała),3:01:30,Madao,долг Х2,гениально,,,оркестровое,
18) Knife Party — Centipede (Official Video),3:25:20,imboviy_chel,долг Х3💀,атлична-,,,электронное,
"19) Mori Calliope — Excuse My Rudeness, But Could You Please RIP? (失礼しますが、RIP♡)",3:31:20,AndrLord,долг,атлична-,,,поп / рэп,
СТРИМ №47 (9.11.24),, ,,,,,,
1) Natsumi Kiyoura — Tabi no Tochuu [1 Opening Spice and Wolf / Волчица и пряности],12:05,laitsberg,донат,хорошечно-,Аниме,,поп / баллада,
2) Aaron Smith ft. Luvli — Dancin (KRONO Remix) [Imperial Dance Warhammer 40000],22:50,Враг тишины,долг,атлична,,,поп,
3) Голупь — пират с магнитофоном (ОРИГИНАЛЬНЫЙ МЕМ),29:10,50 50,донат,хорошечно,,,баллада / инструментал,
4) Pentatonix — Hallelujah (Leonard Cohen - Hallelujah; Cover),34:45,Enotishche,долг Х2,атлична +,,,баллада,
5) Deathstars — Synthetic Generation (1080p),46:55,Враг тишины,донат,хорошечно+,,,метал,
6) Enter Shikari — Sorry You're Not A Winner (Official Music Video),55:00,staruhhha,долг,нормас,,,метал,
7) Koharu Kusumi — Balalaika {Bararaika / バラライカ} [2 Opening Kirarin Revolution / Революция пузырьков],1:04:45,laitsberg,донат,хорошечно,Аниме,,поп,
8) Paul Stanley — Live To Win,1:12:00,eyes177,долг Х2,хорошечно-,,,рок,
9) Dwayne Johnson — You're Welcome [Moana OST],1:19:00,Враг тишины,донат,хорошечно+,Фильм,,мюзикл/опера,
10) HOYO-MiX — Endless Construction Day - Day [Zenless Zone Zero OST],1:27:15,Jander,долг,атлична -,Игра,,электронное,
11) Millie B — M to the B (Official Video),1:36:05,sniffd,донат,ну такое+,,,рэп,
12) TOOBOE — Itaino Itaino Tondeike {痛いの痛いの飛んでいけ},1:42:15,Svd_bb,долг Х2,атлична+,,,поп-рок / поп,
"13) Иван Ожогин — Сцена и ария Ромашова (Мюзикл ""Норд Ост"")",1:54:00,Historiker Turquoise,донат,атлична,,,мюзикл/опера,
14) Mika Nakashima — KISS OF DEATH [1 Opening Darling in the FranXX / Милый во Франксе],2:32:35,Sammy Willbur,долг,хорошечно+,Аниме,,рок / метал /поп-рок,
15) Oxxxymiron feat. g0blin & Ganz — Три монолога (NEW 2010),2:42:20,ayl1es,донат,кринж-контент,,,рэп,
"16) Melodic Blaze — A Fan's Sacrifice [OST, One Piece Fan Letter / Ван-Пис: Письмо от поклонника]",2:49:40,Gen_etik,долг Х2,хорошечно+,Аниме,,оркестровое,
17) Avicii — Wake Me Up (Official Video),2:59:05,sniffd,донат,атлична+,,,поп,
18) Hanatan — Setsuna≦Imitation (cordelia; Original Vocal),3:27:25,sayo,долг,хорошечно+,,,поп-рок,
19) Павел Воля — Маме... {To Mom!},3:36:45,ayl1es,донат,хорошечно-,,,поп / рэп,
20) The Consouls — Mechonis Field (Band x String Quartet Arrangement; ACE+) [Xenoblade Chronicles OST],4:03:50,PerleSperling,долг Х2,атлична+,Игра,,джаз,
21) Bear McCreary — God of War [God of War OST],4:18:10,BloodAlloy,донат,атлична+,Игра,,оркестровое,
22) higanbanban x Narea — Mesmerizer {メズマライザ—} (Satsuki feat. Hatsune Miku & Kasane Teto - Mesmerizer RUS Cover),4:25:25,Madao,долг,хорошечно-,,,поп,
23) Michael Price & David Arnold — The Game is On [Шерлок / Sherlock OST],4:36:20,sniffd,донат,атлична,Фильм,,оркестровое / инструментал,
24) Jacob Collier — Moon River (Audrey Hepburn - Moon River Original),4:43:20,scuk0_bl1n,долг Х2,гениально,,,инди / разное / джаз,
25) ANNISOKAY — Get Your Sh!t Together (OFFICIAL VIDEO),4:56:45,Ne_Oleg,донат,атлична,,,метал,
26) Ado — Shoka {初夏},5:06:35,AnonymousAdomin,долг,атлична+,,,поп ,
27) Avicii — Levels,5:16:55,sniffd,донат,атлична+,,,поп / электронное,
28) Pat Metheny Group — To the End of the World,5:21:50,PerleSperling,долг Х2,атлична+,,,джаз,
29) KORPIKLAANI — Vodka (OFFICIAL VIDEO),5:34:10,SinWarlock,донат,хорошечно-,,,метал,
30) the GazettE — NAKIGAHARA,5:39:35,НеАноним(фанат декскора),долг,атлична-,,,метал,
31) Fatboy Slim — Ya Mama {Push The Tempo},6:05:40,sniffd,донат,атлична,,,электронная,
32) The Chalkeaters feat. Black Gryph0n & Rustage — ONE MORE PULL [Genshin Impact Animation],6:15:10,Baikk,долг Х2,атлична,Игра,,поп,
33) Chikayo Fukuda — To Offer One's Life {命を捧ぐは} [Fuga : Melodies of Steel 2 OST],6:21:20,Monstrrro,донат,хорошечно+,Игра,,оркестровое / инструментал,
34) Kokia — Road to Glory [Dragon Nest OST],6:28:05,anna_251999,долг,атлична,Игра,,оркестровое,
35) Шура — Ты не верь слезам (1998),6:37:25,Враг тишины,донат,гениально -,,,поп,
36) Between the Buried and Me — Voice of Trespass,6:43:30,PerleSperling,долг Х2,атлична+,,,метал / джаз,
37) Аркадий Северный — Цыпленок жареный,6:55:55,50 50,донат,хорошечно,,,шансон,
38) Скриптонит — Положение {Position},7:03:30,Летта,долг,атлична-,,,рэп,
39) Skryptonite & Rayda — Baby Mama,7:11:05,sniffd,донат,нормас,,,поп ,
40) Fort Minor feat. Eric Bobo & Styles of Beyond — Believe Me (Official Video),7:18:50,metalhead30005,долг Х2,атлична-,,,рэп ,
41) Shoi Miyazawa & Kota Hoshino — Echoes of Coral [Armored Core VI: Fires of Rubicon OST],7:25:10,SinWarlock,донат,атлична-,Игра,,оркестрое / инструментал,
42) Tears For Fears — Everybody Wants To Rule The World (Official Music Video),7:30:35,Madao,долг,атлична,,,поп-рок,
43) Driftcat — heal,7:39:30,staruhhha,донат,хорошечно-,,,рок / электронная / поп,
44) gesunokiwamiotome — Watashi Igai Watashi Janai no {Not a Me Other than Me},7:57:30,Cybrex,долг Х2,атлична,,,поп-рок,
45) Imagine Dragons — Bad Liar,8:06:10,sniffd,донат,атлична+,,,поп,
46) Дайте танк — Утро {Morning},8:14:45,FallenSxde,долг,хорошечно-,,,инди / поп,
47) The Chalkeaters feat. Black Gryph0n — Must Have Been The Wind (Skyrim Guard Song),8:19:45,SinWarlock,донат,атлична-,,,рок / метал,
48) Cinema Bizarre — Angel In Disguise,8:27:45,AnonymousAdomin,долг Х2,хорошечно+,,,рок,
49) From Fall to Spring — Barriers,8:34:45,Ne_Oleg,донат,хорошечно+,,,метал,
50) She is Legend — Goodbye Innocence [Heaven Burns Red OST],8:43:50,staruhhha,заказ,нормас+,Игра,,рок,
51) Evgeny Kissin — La Campanella (Franz Liszt - La Campanella Original),8:53:30,Cybrex,долг,гениально-,,,фортепиано,
52) Sheet Music Boss — RUSH E,9:01:25,laitsberg,донат,атлична,,,фортепиано,
СТРИМ №46 (7.11.24),, ,,,,,,
ДОЛГОВОЙ,, ,,,,,,
0.1) Итоги оценок композиций за 1 сезон стримов,00:00,Faryma.composer,,,,,,
1) supercell — My Dearest (10 Year Anniversary Edition; Piano Cover) [1 Opening Guilty Crown / Корона грешника],44:35,Sheruka,долг,атлична-,Аниме,,фортепиано / инструментал,
2) Hideki Saijou — Turn A Turn [1 Opening Turn A Gundam / Гандам: Объединение],59:30,bibiboy,долг Х2,нормас+,Аниме,,электронная / поп,
3) King Gnu — Prayer X [1 Ending Banana Fish / Банановая рыба],1:09:40,Monstrrro,повтор,атлична,Аниме,,инди / поп / поп-рок,
4) sumika — Fiction {フィクション} [1 Opening Wotakoi: Love is Hard for Otaku / Так сложно любить отаку],1:19:35,Ivan_Vitalyevich,долг Х2,атлична,Аниме,,поп-рок,
5) Nano — Bull's Eye [1 Opening Aria the Scarlet Ammo AA / Ария по прозвищу Алая Пуля: Дважды «А»],1:46:50,egorkasprigorca,долг,хорошечно+,Аниме,,рок / поп-рок,
6) ZUTOMAYO ft. Mori Calliope — Kira Killer {綺羅キラ—},1:55:15,Madao,заказ,атлична-,,,поп,
7) Barney Stinson — Nothing Suits Me Like A Suit (Original HD+),2:05:30,pipirka_____,долг Х2,гениально - -,Фильм,,мюзикл/опера,
8) Nobuo Uematsu — Answers [Final Fantasy XIV OST],2:11:05,SinWarlock,долг,хорошечно,Игра,,оркестровое,
9) Imagine Dragons — Warriors [Worlds 2014 - League of Legends],2:22:15,upucka18,долг Х2,хорошечно ++,Игра,,поп-рок / электронная / поп,
10) Nano — Omoide Kakera {想イ出カケラ},2:28:55,egorkasprigorca,долг,хорошечно+,,,рок,
11) Gustavo Santaolalla — The Last of Us Music Video,2:54:15,Alexeyorik,долг Х2,атлична+,Игра,,инструментал,
12) alt-J — Pleader (Official Video),3:00:10,Madao,долг,атлична+,,,оркестровое / инструментал,
13) Fan Ka & JAWS — THE TIDES [1 Ending Link Click Season 2 / Агент времени 2],3:12:05,KenRaise,долг Х2,атлична-,Аниме,,поп,
14) Nano — Hysteria {ヒステリ},3:20:20,egorkasprigorca,долг,нормас+,,,рок,
15) Ado — KICKBACK (Original Kenshi Yonezu Cover) [1 Opening Chainsaw Man / Человек-бензопила],3:29:20,AnonymousAdomin,долг Х2,атлична,Аниме,,поп,
16) Rungran — D.M.C. [1 Opening Devil May Cry / Дьявол может плакать],3:41:10,SinWarlock,долг,нормас+,Аниме,,оркестровое / инструментал,
17) Milet — Bluer,3:48:20,eno0tishche,долг Х2,атлична,,,поп-рок,
18) Mr. Sauceman — Bite The Crust [Pizza Tower OST],3:59:20,eurodance_with_cat,долг,атлична-,Игра,,инди / рок / инструментал,
19) Minami — Hollowness {ホロネス},4:10:15,Zark,долг Х2,атлична-,,,поп-рок,
20) alt-J — Breezeblocks,4:21:00,Madao,долг,атлична-,,,инди / поп,
20.1) Общение с Филиппом Киркоровым #1,4:31:20,Faryma.composer,,,,,,
20.2) Общение с Пашей Техником #1,4:42:20,Faryma.composer,,,,,,
20.3) Общение с Наруто Узумаки #1,4:53:25,Faryma.composer,,,,,,
СТРИМ №45 (5.11.24),, ,,,,,,
ДОЛГОВОЙ,, ,,,,,,
1) Miley Cyrus — WTF Do I Know (Audio),15:40,Zark,заказ,хорошечно ++,,,поп-рок,
2) Miley Cyrus — Plastic Hearts (Lyric Video),25:05,Zark,заказ,атлична,,,поп-рок,
3) Miley Cyrus — Angels Like You (Official Video),34:35,Zark,заказ,гениально -,,,поп-рок,
4) Miley Cyrus ft. Dua Lipa — Prisoner (Official Video),43:10,Zark,заказ,хорошечно+,,,поп,
5) Miley Cyrus — Gimme What I Want (Audio),50:40,Zark,заказ,атлична,,,поп-рок,
6) Miley Cyrus ft. Billy Idol — Night Crawling (Audio),55:30,Zark,заказ,хорошечно ++,,,поп-рок,
7) Miley Cyrus — Midnight Sky (Official Video),1:03:55,Zark,заказ,атлична-,,,поп,
8) Miley Cyrus — High (Audio),1:12:05,Zark,заказ,атлична+,,,поп,
9) Miley Cyrus — Hate Me (Audio),1:19:10,Zark,заказ,атлична+,,,поп-рок,
10) Miley Cyrus ft. Joan Jett — Bad Karma (Official Audio),1:24:30,Zark,заказ,хорошечно,,,поп-рок,
11) Miley Cyrus — Never Be Me (Audio),1:29:50,Zark,заказ,хорошечно+,,,поп-рок,
12) Miley Cyrus — Golden G String (Audio),1:36:05,Zark,заказ,атлична-,,,поп,
13) Yasunori Mitsuda — Chrono Cross ~Scars of Time~ (Chrono Cross OST),1:59:35,SinWarlock,долг,атлична,Игра,,оркестровый / фолк / инструментал,
"14) Yasuharu Takanashi — Fairy Tail Tatsu [OST, Fairy Tail (2014) / Хвост Феи 2]",2:06:25,tortiqq5,долг Х2,нормас+,Аниме,,оркестровое,
15) Louis Armstrong — A Kiss to Build a Dream On,2:14:05,meganekka,долг Х3💀,атлична++,,,джаз,
16) C418 — Aria Math (Minecraft Volume Beta),2:22:55,oppux,долг,гениально-,Игра,,инди / инструментал,
17) Sambomaster — Hajimatteiku Takamatteiku [7 Opening Boruto: Naruto Next Generations / Боруто: Новое поколение Наруто],2:32:35,kumashisan,долг Х2,хорошечно-,Аниме,,рок,
18) Jorge Rivera-Herrans feat. Mason Olshavksy — No Longer You,2:40:45,korralet,долг,хорошечно-,,,оркестровое,
19) DEXCORE — PARAMNESIA,2:50:40,НеАноним(фанат декскора),долг Х2,атлична,,,метал,
20) JUNNA — Kono Yubi Tomare [1/2 Opening Kakegurui 2nd Season / Безумный азарт 2],3:00:10,AndrLord,долг,атлична (атлична-),Аниме,,поп / джаз,
21) Queen — Keep Yourself Alive (2024 Special Edition),3:12:30,Static_streams_,долг Х2,хорошечно+,,,рок,
"22) Karajan & Berliner Philharmoniker — Dvořák: Symphony No. 9 ""From the New World""",3:20:00,Madao; Oldfanmusic,долг,гениально,,,оркестровое,
23) TK from Ling Tosite Sigure — Dramatic Slow Motion (Reconstructed 2020),3:27:05,contrast,долг Х2,хорошечно+,,,рок,
24) Akatsuki Records — JELLY JELLY,3:36:45,Art,долг,нормас+,,,поп,
25) the GazettE — DAKU {濁},3:42:35,НеАноним(фанат декскора),долг Х2,хорошечно+,,,метал,
25.5) Общение с Павлом Пламеневым #1,3:49:50,Faryma.composer,,,,,,
25.6) Общение с Славой КПСС #2,4:16:25,Faryma.composer,,,,,,
СТРИМ №44 (2.11.24),, ,,,,,,
0.1) Общение с Моргенштерном #1,19:20,Faryma.composer,,,,,,
1) Marvin Gaye — Sexual Healing (Official HD Video),40:10,Cherfrish,донат,атлична,,,поп,
2) Demis Roussos — End of the World,50:40,Momonga,долг,атлична,,,баллада / рок,
3) Tomoyasu Hotei — Battle Without Honor or Humanity [Убить Билла OST],1:01:20,sniffd,донат,гениально -,Фильм,,рок / джаз,
4) Ado — Crime and Punishment {罪と罰} (Cover; Original Shina Ringo),1:10:35,AnonymousAdomin,заказ,хорошечно ++,,,рок,
5) Mac DeMarco — Passing Out Pieces (Official Video),1:25:50,Шкелет курит,долг Х2,хорошечно+,,,инди,
6) Oxxxymiron — КТО УБИЛ МАРКА? {WHO KILLED MARK?},1:35:10,ayl1es,донат,хорошечно,,,рэп,
7) Linkin Park — New Divide (Official Music Video),1:54:05,Sammy Willbur,долг,атлична,,,рок,
8) Foreground Eclipse — I Bet You’ll Forget That Even If You Noticed That,2:05:45,egorkasprigorca,донат,нормас,,,рок,
"9) Akito Matsuda (Namie Horikawa) — Crescent Moon Dance [OST, Hibike! Euphonium 2 / Звучи, эуфониум! 2]",2:14:55,Madao,донат,атлична+,Аниме,,оркестровая,
10) Нежность на бумаге — песенка прокрастинатора {procrastinator’s song},2:45:40,AnonymousAdomin,долг Х2,хорошечно+,,,баллада / инди,
11) Alex Gaudino feat. Crystal Waters — Destination Calabria (Explicit Version),2:53:35,sniffd,донат,атлична+,,,электронная / поп,
12) Konomi Suzuki — Absolute Soul [1 Opening Absolute Duo / Абсолютный дуэт],3:01:00,Lazlos,долг,хорошечно+,Аниме,,поп-рок,
13) Слава КПСС — Жертва (Oxxxymiron diss),3:15:25,ayl1es,донат,атлична-,,,рэп,
14) Nighter Specter — Melancholii,3:25:55,Nighter Specter,долг Х2,нормас+ (хорошечно+),,,инструментал / оркестровое,
15) Venjent — Create Machines (Official Music Video),3:38:15,Враг тишины,донат,атлична+,,,электронная,
"16) Gabriele Motta — My Mother And My Father [3 OST, Naruto: Shippuuden / Наруто: Ураганные хроники]",3:44:50,tortiqq5,долг,атлична-,Аниме,,оркестровое / инструментал,
17) Ellie Goulding — Love Me Like You Do [Пятьдесят оттенков серого OST],3:51:30,sniffd,донат,атлична,Фильм,,поп,
18) NCT 127 — Sticker,3:59:15,ginkogintoki,долг Х2,атлична+,,,поп ,
19) OK Go — Needing/Getting (Official Video),4:25:15,Madao,донат,гениально,,,разное,
20) Fujii Kaze — Michi Teyu Ku {Overflowing} [April Come She Will OST],4:34:40,ArtyomShay,долг,атлична+,Аниме,,поп / джаз,
21) Blue Foundation — Eyes On Fire [Сумерки OST],4:44:30,sniffd,донат,хорошечно+,Фильм,,инди / поп-рок,
22) ДЖЕЙЛО — Забуду {Will Forget},4:55:40,staruhhha,долг Х2,нормас+,,,поп-рок,
23) Conjure One — Tears From The Moon,5:01:15,Враг тишины,донат,атлична,,,поп,
24) Queen — Spread Your Wings (Official Video),5:07:30,Static_streams_,долг,атлична+,,,рок,
25) Jonathan Young & RichaadEB — We Are the Helldivers [OST HELLDIVERS 2 METAL SONG],5:14:55,SinWarlock,донат,хорошечно,Игра,,метал,
26) Ola Gjeilo — The Rose,5:25:00,Colibrium,долг Х2,атлична,,,оркестровое / ,
27) The Weeknd — Blinding Lights (Official Video),5:34:05,sniffd,донат,гениально - ,,,поп,
28) LiSA — oath sign [1 Opening Fate/Zero / Судьба/Начало],5:42:10,Aleks kun,долг,атлична-,,,рок,
29) Iris — Flower on the Trails (RUS COVER) [Fuga: Melodies of Steel],5:50:50,Monstrrro,донат,нормас,,,оркестровая / баллада,
30) Clémentine — étoile et toi [Ending Kizumonogatari II: Nekketsu-hen / Истории ран. Часть 2: Горячая кровь],6:02:00,fortchka,долг Х2,гениально-,,,оркестровое / джаз,
31) Fitz and The Tantrums —  HandClap (Anime Mix),6:14:05,sniffd,донат,атлична (видеоряд имбище),,,поп / разное,
32) Nika Lenina & Ancord — Tabi no Tochuu (Russian cover; Original Natsumi Kiyoura) [1 Opening Spice and Wolf / Волчица и пряности],6:17:35,laitsberg,донат,кринж-контент (ЖОПОЛУДЕНЬ),,,поп-рок,
"33) Kevin Penkin — Old Stories [OST 2, Made in Abyss Season 2 / Созданный в Бездне: Солнце, вспыхнувшее в Золотом городе]",6:45:10,Gwyyny,долг,гениально,,,оркестровое / инструментал,
"34) Fear, and Loathing in Las Vegas — SHINE (Full ver.)",6:59:40,кожурка,долг Х2,хорошечно+,,,метал,
35) FUKUOKA SCHOOL OF MUSIC & DANCE —  Breeze elegy {風伝哀歌} (Elegy of Winds) [Fuga: Melodies of Steel OST],7:08:20,Monstrrro,донат,атлична - -,,,оркестровое / мюзикл/опера,
36) King Gnu — SPECIALZ [2 Opening Jujutsu Kaisen 2nd Season / Магическая битва 2],7:16:25,Cybrex,повтор,гениально,,,поп,
37) Vitas — The 7th Element,7:27:00,sniffd,донат,гениально-,,,поп,
38) wowaka ft. Hatsune Miku — Unknown Mother-Goose (Official Video),7:35:45,Акума,долг,хорошечно,,,поп ,
39) FUKUOKA SCHOOL OF MUSIC & DANCE — Ensemble (友に捧げるアンサンブル) (Fuga: Melodies of Steel OST),7:47:30,Monstrrro,донат,хорошечно+,,,оркестровое / мюзикл/опера,
40) Yorushika — Sunny / Haru {晴る} [2 Opening Sousou no Frieren / Провожающая в последний путь Фрирен],7:53:05,ArtyomShay,долг,атлична+,,,поп-рок,
"41) Valorant Music, Grabbitz & bbno$  — Ticking Away (Official Music Video) [ VALORANT Champions 2023 Anthem]",8:05:10,quellcom360,донат,атлична +,,,поп / электронное,
42) TK from Ling Tosite Sigure — yesworld,8:11:10,natsuki_05,долг,атлична-,,,рок,
43) LieN — Wherever the Wind Takes Us (Main Theme) [Fuga : Melodies of Steel 2 OST],8:22:50,Monstrrro,донат,атлична-,,,оркестровая / баллада,
44) King Gnu — Hakujitsu {~白日~} [дорама «Невиновность: Адвокат по ложным обвинениям»],8:31:30,Cybrex,повтор,атлична+,,,поп-рок,
"45) Ibrahim Maalouf — True Sorry (Alcaline, le Concert; Live)",8:41:15,Враг тишины,донат,атлична+,,,джаз,
45.5) Общение с Славой КПСС #1,8:59:20,Faryma.composer,,,,,,
45.6) Общение с Oxxxymiron #1,9:26:15,Faryma.composer,,,,,,
СТРИМ №43 (31.10.24),, ,,,,,,
ДОЛГОВОЙ + НАГРАДЫ ,, ,,,,,,
1) Junky feat. Hiiragi Yuka & Sana — Happy Halloween,14:25,laitsberg,долг,хорошечно,,,поп,
"2) Mr. Sauceman — Unexpectancy, 1 through 3 [Final Boss, Pizza Tower OST]",28:05,eurodance_with_cat,очередь,атлична-,Игра,,разное,
3) DIR EN GREY — The Devil In Me (Promotion Edit Ver.),45:25,Rose Sanose,очередь,атлична - -,,,метал,
4) Lind Erebros — Astral Prelude [Allods Online OST],53:55,@siberlutra,очередь,хорошечно,Игра,,оркестровое,
5) Kirya & Geychenko — Я стою на берегу (original song),1:01:00,mx14,долг Х2,атлична-,,,,
6) Alina Gingertail — Ladies of the Woods (Cover) [The Witcher 3: Wild Hunt],1:08:15,Boevaya_riba,долг,атлична-,Игра,,фолк,
7) Adele — Rolling in the Deep (Official Music Video),1:16:05,@En0tishche,очередь,гениально -,,,поп,
8) Сектор Газа — Грязная кровь {Dirty blood},1:25:10,ayl1es,очередь,ну такое (идея атлична идея),,,метал,
9) ReoNa — Shall We Dance? {シャル・ウィ・ダンス？} [1/2 Opening Shadows House 2nd Season / Дом теней 2],1:33:55,AndrLord,очередь,гениально-,Аниме,,поп,
10) DEVILOOF — Devil's Calling,1:46:15,НеАноним(фанат декскора),долг Х2,ну такое (за звуки хорошечно),,,метал,
11) Eiko Shimamiya — When Cicadas Cry {ひぐらしのなく頃に} (Higurashi no Naku Koro ni) [Когда плачут цикады],1:54:55,Sammy Willbur,донат,хорошечно+,Аниме,,электронная,
12) Low Roar — Easy Way Out [Death Stranding OST],2:21:00,Rokitou,очередь,атлична+,Игра,,инди / поп,
13) CosMo@Bousou-P — The Disappearance of Hatsune Miku -DEAD END-,2:29:10,Акума,очередь,хорошечно+,,,электронная / поп,
14) ZUTOMAYO — Humanoid {ヒュ—マノイド},2:42:15,Svd_bb,очередь,гениально-,,,поп,
15) Aperture Science Psychoacoustic Laboratories — The Friendly Faith Plate [Portal 2 OST],2:55:05,alex7kom,очередь,"атлична- (не для всех, исключительно в контексте)",Игра,,электронная,
16) Idoling!!! — S.O.W. Sense of Wonder [2 Opening Fairy Tail / Хвост Феи],3:03:40,Sendy Polaris,долг,хорошечно,Аниме,,поп,
17) HARU NEMURI — Trust Nothing But Love {愛よりたしかなものなんてない},3:13:05,Hedor0u,очередь,хорошечно+,,,поп-рок,
"18) Сергей Мардарь, Марина Ланда & Антон Виноградов — Вестибулярный аппарат {Вести-бу-би-лю-би-бу} [Смешарики OST]",3:23:20,@ButDarya,очередь,атлична (БУБИБУ),Фильм,,поп / инди,
19) Bruno Pelletier — Le temps des cathédrales (Notre Dame de Paris 1998 Live),3:31:15,Monstrrro,очередь,атлична,,,мюзикл/опера,
20) ALI PROJECT — Kyoumu Densen [1 Opening Another / Иная],3:38:25,Madao,донат,хорошечно (самая неуверенная оценка),Аниме,,инди / разное,
21) AURORA — Running with the Wolves (WolfWalkers Version) [WolfWalkers OST],4:13:10,margarita__eller,очередь,атлична+,Игра,,инди / фолк,
22) BLACK VEIL BRIDES — Born Again (Official Music Video),4:20:00,Sendy Polaris,очередь,хорошечно,,,метал,
23) Tomohisa Sako — Himitsuno Mahou Lalulalula,4:31:15,Sendy Polaris,очередь,атлична-,,,поп,
24) BAEKHYUN — Bambi (Dance Practice),4:40:20,Dmi_anna_dsgn,очередь,атлична-,,,поп,
25) Hollywood Undead — Hollywood Forever (Official Music Video),4:52:15,laitsberg,очередь,атлична-,,,метал,
26) Umberto Tozzi — Ti amo (1997),5:01:25,Napporaivo,очередь,атлична+,,,поп,
27) Eiko Shimamiya — Wheel of Fortune {Unmei no Wa} [Opening Higurashi no naku koro ni / Когда плачут цикады 2008],5:10:45,Sadierre,очередь,хорошечно,Аниме,,поп-рок,
"28) Yoko Kanno — Moon [OST, Turn A Gundam / Гандам: Объединение]",5:20:50,@daniilbarushev,очередь,атлична - -,Аниме,,инди / фолк,
29) Akiko Shikata — Золотой смех ～Прекрасный Банкет～ [Umineko When They Cry Visual Novel OST],5:33:00,Karetsi,долг,атлична - -,Игра,,оркестровый / мюзикл/опера,
30) Annihilator — Dr. Psycho,5:46:40,shinde_iru,долг,атлична-,,,метал,
31) Toby Fox — Your Best Nightmare [Undertale Ost: 079],5:57:00,SinWarlock,донат,хорошечно+,Игра,,электронная,
СТРИМ №42 (29.10.24),, ,,,,,,
ДОЛГОВОЙ,, ,,,,,,
1) Two Steps From Hell & Thomas Bergersen — Race to Durango,18:15,Максим Мухтаров,донат,атлична-,,,оркестровое,
2) Бутырка — Запах Воска {The Smell Of Wax},29:50,ayl1es,долг,хорошечно,,,шансон,
"3) Susumu Hirasawa — Ash Crow [OST, Berserk (2016) / Берсерк (2016)]",42:10,Cybrex,долг Х2,атлична+,Аниме,,оркестровое,
"4) The Black Mages — Maybe I'm a Lion [HQ, Final Fantasy OST]",52:15,PerleSperling,долг Х3💀,хорошечно,Игра,,рок,
5) Unlucky Morpheus — Angreifer (Official Live Video),1:04:30,BlackFlame,долг,хорошечно-,,,метал,
6) АукцЫон — Дорога (LIVE) [Брат 2 OST],1:26:10,Alan008,долг Х2,атлична-,Фильм,,инди,
7) Takanori Nishikawa — Bright Burning Shout [1 Opening Fate/Extra: Last Encore / Судьба/Дополнение: Последний вызов на бис],1:34:55,ddmshbnv,долг Х3💀,хорошечно+,Аниме,,рок,
"8) Taku Iwasaki — Gettouka [22 OST, Katanagatari / Истории мечей]",1:42:50,Madao,долг,гениально - -,Аниме,,оркестровое / фолк,
9) LiSA — Crossing Field [1 Opening Sword Art Online / Мастера Меча Онлайн],2:12:30,Ivan_Vitalyevich,повтор,хорошечно+,Аниме,,рок,
10) Akira Yamaoka — Promise [Silent Hill 2 OST],2:23:45,Quares,долг Х3💀,хорошечно+ (атлична в контексте),Игра,,рок,
11) Jackie-O — Forest Maiden (Cover; Original Sergey Eybog) [Everlasting Summer OST],2:34:15,Monstrrro,долг,нормас+,Игра,,баллада,
12) Shunsuke Kida — Maiden in Black [Demon’s Souls OST],2:49:15,Alan008,долг Х2,нормас+ (хорошечно-),Игра,,оркестровое ,
"13) Taisei Iwasaki — Crimson Lightning (Special Music Clip) [OST, Metallic Rouge / Металлическая Руж]",2:57:10,AnonymousAdomin,долг Х3💀,атлична - -,Аниме,,оркестровое,
14) HOYO-MiX — Elastic Force [Honkai Impact 3rd Reverist Calico Theme LIVE],3:17:10,ДокухэбиТатсу,долг,атлична,Игра,,оркестровое / джаз,
15)  Sati Akura — Kawaki wo Ameku (Cover; Original Minami) [1 Opening Domekano / Домашняя подружка],3:23:50,BloodAlloy,долг Х2,атлична-,Аниме,,поп-рок,
16) David Bowie — Life On Mars? (Official Video),3:35:55,fortchka,долг Х3💀,атлична -,,,рок,
17) Scorpions — Still Loving You (Official Video),3:44:35,Monstrrro,долг,гениально -,,,рок / баллада,
18) Clint Mansell feat. Kronos Quartet and Mogwai — Death is the Road to Awe [The Fountain OST],3:52:45,Alan008,долг Х2,хорошечно+,Фильм,,оркестровое,
"19) Superfly — Kakusei [OST, Promare / Промар]",4:06:15,Нара из Аранары,долг Х3💀,гениально -,Аниме,,поп / джаз,
20) Dimrain47 — Surface [Geometry Dash OST],4:15:15,oppux,долг,ну такое,Игра,,электронная,
21) Б.А.У. — Голос овощей {Voice of Vegetables},4:25:20,RusAD,долг Х2,ну такое (идея забавная),,,метал,
22) Yasunori Mitsuda — Bound by Fate [Chrono Cross OST],4:39:15,SinWarlock,долг,хорошечно+,Игра,,оркестровое,
23) Saint Asonia — Happy Tragedy,4:43:40,staruhhha,долг Х2,хорошечно,,,метал,
24) Помни Имя Свое — Жестокость,4:51:30,Elovir,долг,хорошечно+,,,инди / баллада,
25) Alexis Ffrench — Exhale,5:00:45,Colibrium,долг Х2,атлична,,,инди / фортепиано,
26) MGMT — Little Dark Age ,5:05:45,oppux,долг,атлична-,,,электронная,
СТРИМ №41 (26.10.24),, ,,,,,,
НАЧАЛО 2 СЕЗОНА,, ,,,,,,
"1) Tracy W. Bush, Victor Crews, Derek Duke, Jason Hayes, Glenn Stafford — Night Elf [Warcraft 3 OST]",14:25,50 50,донат,атлична,Игра,,оркестровый ,
2) Lil Peep feat. Wicca Phase Springs Eternal — ​absolute in doubt,29:10,ddmshbnv,заказ,атлична-,,,хип-хоп,
3) The Killers — Mr. Brightside (Official Music Video),38:05,StillReverie,долг,атлична+,,,рок,
"4) Yuuki Hayashi — Moonlit Night [10 OST, Death Parade / Смертельный парад]",52:10,Monstrrro,донат,атлична+,Аниме,,оркестровый,
5) the GazettE — Filth In The Beauty,1:00:55,НеАноним(фанат декскора),долг Х2,атлична,,,метал,
6) FUNKIST — Snow Fairy [1 Opening Fairy Tail / Хвост Феи],1:11:30,Cherfrish,донат,хорошечно+,Аниме,,поп-рок,
"7) Yasuharu Takanashi — Sengunbanba {Experienced Many Battles} [OST, Naruto: Shippuuden / Наруто: Ураганные хроники]",1:19:35,Momonga,долг,хорошечно,Аниме,,окрестровое,
"8) Yasuharu Takanashi — Shutsujin {Departure to the Front Lines} [OST, Naruto: Shippuuden / Наруто: Ураганные хроники]",1:23:15,Momonga,долг,хорошечно,Аниме,,окрестровое,
9) GusGus — Obnoxiously Sexual (Official Video),1:27:55,Враг тишины,донат,атлична,,,электронная,
10) Takeshi Abo — Messenger [Game Steins;Gate 0 / Врата Штейна Main Theme],1:56:30,Eth Night,долг Х2,хорошечно,Аниме,,окрестровое,
11) Tomatsu Haruka — YUME SEKAI [1 Ending Sword Art Online / Мастера Меча Онлайн],2:06:25,Historiker Turquoise,донат,хорошечно,Аниме,,поп-рок,
12) Linkin Park — The Messenger (A Thousands Suns),2:15:40,ДокухэбиТатсу,долг,хорошечно+,,,поп,
"13) Michiru Oshima — Братья (Vocal version) [OST, Fullmetal Alchemist / Стальной алхимик 2003г.]",2:23:50,oppux,донат,атлична+,Аниме,,окрестровый,
14) Daisuke Ishiwatari feat. Naoki Hashimoto — Drift Lyrics [Happy Chaos Theme; Guilty Gear -STRIVE-],2:31:35,Винсон,долг Х2,атлична,Игра,,неформат (НЕ ДЛЯ ВСЕХ),
15) 9Lana — CHINCHIRO-RHYTHM,2:45:30,Madao,донат,гениально - -,,,поп,
"16) PELICAN FANCLUB — Who are you? [Ending 17, Boruto: Naruto Next Generations / Боруто: Новое поколение Наруто]",2:54:50,Momonga,долг,хорошечно+,Аниме,,рок,
17) zts — Goldenslaughterer [Umineko When They Cry Visual Novel OST],3:02:45,Maxim_Nikov,донат,хорошечно - -,Игра,,электронная,
18) the GazettE — UGLY,3:14:25,НеАноним(фанат декскора),долг Х2,хорошечно,,,метал,
19) The Devin Townsend Band — Vampira (4K AI Remastered Music Video + Lyrics),3:21:15,Враг тишины,донат,атлична-,,,метал,
"20) Yuki Hayashi — ROBOTICS;NOTES (2020Mix) [OST, Robotics;Notes / Записки о робототехнике]",3:27:45,KenRaise,долг,атлична-,Аниме,,оркестровое,
21) Angela — ANGEL [1 Opening Coppelion / Коппелион],3:35:20,asqwek,донат,хорошечно+,Аниме,,поп-рок,
22) YUI — SUMMER SONG,3:41:45,Azerchaiii,долг Х2,хорошечно,,,поп-рок,
"23) Rappa Trailer — No Dazzle, No Break"" [Honkai: Star Rail]",3:52:40,laitsberg,донат,атлична+,Игра,,электронная/поп,
24) THE SPELLBOUND — Subete ga Soko ni Arimasu You ni. [1/4 Ending Golden Kamuy 4th Season / Золотое божество 4],4:25:25,FallenSxde,долг,хорошечно,Аниме,,рок,
25) FUNKIST — Ft. [3 Opening Fairy Tail / Хвост Феи],4:33:25,Cherfrish,донат,атлична-,Аниме,,поп-рок,
26) D33pblue — R3b3l Whisp3r (Careless Whisper; Mashup),4:40:20,Only Arrogance,долг Х2,нормас ,,,неформат,
"27) Jonathan Young, Colm R. McGuinness & Bobby Bass — Hoist the Colours (Epic Metal Bass Singer Cover)",4:48:25,laitsberg,донат,нормас,,,разное,
"28) Yui Ishikawa — Time to Go {Canaria's Song} (Piano Cover; Full) [ep 1 and 3, OST, Qualidea Code / Код Квалидеи]",5:02:00,Aleks kun,долг,атлична-,Аниме,,фортепиано,
29) Scorpions — House of Cards,5:13:05,Monstrrro,донат,атлична-,,,баллада,
"30) Hitomi Kuroishi — Continued Story [ep 25, OST, Code Geass: Lelouch of the Rebellion R2 / Код Гиас: Восставший Лелуш 2]",5:23:40,meganekka,повтор,хорошечно+ (шептуновый),Аниме,,оркестровый,
31) GRANRODEO — The Other self [1/3 Opening Kuroko no Basket 2nd Season / Баскетбол Куроко 2],5:35:05,Cherfrish,донат,атлична,Аниме,,рок,
32) Hello Sleepwalkers — Nisshoku {日食},5:43:35,Cybrex,долг,атлична - -,,,рок,
33) Alina Gingertail  — My Mother Told Me (Cover; Original Perly I Lotry) [OST Assassin's Creed Valhalla],5:53:30,laitsberg,донат,атлична,Игра,,фолк,
34) Shihoko Hirata — Heaven [Persona 4 OST],6:02:20,Винсон,долг Х2,хорошечно+,Игра,,инди,
"35) Selphius — Los! Los! Los!  (German ver. cover; Original Aoi Yuki) [1 Ending, Saga of Tanya the Evil / Военная хроника маленькой девочки]",6:24:55,Aleks kun,донат,хорошечно,Аниме,,рок,
36) DEVILOOF — Song For The Weak. (Official Music Video),6:32:55,НеАноним(фанат декскора),долг,хорошечно -,,,метал,
"37) Sheryl Lee Ralph, Arcane & League of Legends Music — Blood Sweat & Tears",6:41:50,laitsberg,донат,атлична,Игра,,электронная/поп,
38) DEXCORE — BLACK PIG,6:50:45,НеАноним(фанат декскора),долг Х2,нормас++,,,метал,
39) Imperial Circus Dead Decadence — Kuroki Sakura wa Ai Yueni Sono Shi wo Kou {黒キ桜ハ愛∴其ノ死ヲ乞ウ},6:58:55,quellcom360,донат,хорошечно,,,метал,
40) Imagine Dragons x J.I.D — Enemy [from the series Arcane League of Legends],7:11:30,Летта,долг,атлична+,Аниме,,поп/электронная,
41) BLOODYWOOD — NU DELHI (Official Video),7:19:05,laitsberg,донат,атлична+,,,метал,
42) Chris Christodoulou — The Face of the Deep [Risk of Rain 2: Survivors of the Void],7:26:30,Rom1o,долг Х2,атлична-,Игра,,метал,
43) ztc — Dead Angle (Musicbox Version) [Umineko When They Cry Visual Novel OST],7:38:50,Maxim_Nikov,донат,нормас+,Игра,,электронная,
44) Tom Gregory — Footprints (Official Video 4K),7:50:05,vladdiplomat,долг,атлична,,,поп,
45) Asaka — So Precious [1 Ending Yuru Camp△ Season 3 / Лагерь на свежем воздухе 3],7:55:20,AndrLord,донат,атлична-,Аниме,,поп,
46) Aoi Eir — Sirius [1 Opening Kill la Kill / Убей или умри],8:02:05,Ivan_Vitalyevich,долг Х2,хорошечно,Аниме,,поп-рок,
47) Scorpions — Lorelei,8:09:55,Monstrrro,донат,хорошечно+,,,баллада/рок,
48) Kohmi Hirose — Promise,8:19:45,Cybrex,долг,гениально - -,,,поп,
СТРИМ №40 (22.10.24),, ,,,,,,
ДОЛГОВОЙ,, ,,,,,,
1) Dj Sharpnel — Cyber Inductance (Full Song),9:10,Егор Летов,долг,хорошечно+,,,,
2) ZUTOMAYO — Haze Haseru Haterumade,22:25,Svd_bb,долг Х2,атлична,,,,
3) MAXIMUM THE HORMONE — Zetsubou Billy [2 Ending Death Note / Тетрадь смерти],34:10,meganekka,долг Х3💀,хорошечно ++,Аниме,,,
4) Eve — Avant [Opening Jujutsu Kaisen: Phantom Parade],41:55,TrollFace324,долг Х4☠️,атлична,Аниме,,,
"5) Laur — Sound Chimera (Psytrance, Frenchcore)",49:20,Егор Летов,долг,атлична (концепция лайкос),,,,
6) Angela —  KINGS [1 Opening K-Project / Проект Кей],1:02:00,BlackFlame,долг,атлична-,Аниме,,,
7) The GazettE —  BLINDING HOPE (OFFICIAL MUSIC VIDEO),1:13:55,НеАноним(фанат декскора),долг Х2,атлична+,,,,
8) Pain Of Salvation — Meaningless (official video),1:23:00,PerleSperling,долг Х3💀,атлична,,,,
9) Yoko Takahashi —  Nyankoku na Nyanko no These [Opening Evangelion x Nyanko Daisensou],1:32:50,homik,долг Х4☠️,ГЕ-НЯ-АЛЬНО,,,,
"9.5) Udio Ai — Говновоз, но это опенинг к Евангелиону (Ai Cover) [Evangelion]",1:38:30,Faryma.composer,заказ,гениально,Аниме,,,
10) Akatsuki Records — Sci-Fi ROMANCE TRAVELER,1:58:05,Art,долг,хорошечно+,,,,
"11) Абдулла Солтанов —  Буранбай (Башкирские Народные Песни, Ч. 3)",2:06:15,Napporaivo,долг Х2,культурненько!,,,,
12) Luz —  Kakuriyo [1 Opening Dark Gathering / Тёмное собрание],2:17:45,Ivan_Vitalyevich,долг Х3💀,хорошечно+,Аниме,,,
"13) Sawano Hiroyuki — DARK ARIA ＜LV2＞ [ep6, OST, Solo Leveling / Поднятие уровня в одиночку]",2:25:25,AnonymousAdomin,долг Х4☠️,атлична+,Аниме,,,
14) Aimer — Hana no Uta [Ending Fate/stay night: Heaven's Feel - I. Presage Flower / Судьба/Ночь схватки: Прикосновение небес],2:30:05,boevaya_riba,долг,атлична-,Аниме,,,
15) the GazettE — INSIDE BEAST,2:41:25,НеАноним(фанат декскора),долг Х2,атлична,,,,
"16) Radiant Records — Camellia  My Soul, Your Beats! {RUS cover; Original Key & Lia} [1 Opening Angel Beats! / Ангельские ритмы!]",2:49:10,LordGenocide,долг Х3💀,ну такое (хорошечно-),Аниме,,,
17) NETH PRIERE CAIN — VALHALLA-Epilogue of the world-,2:58:10,Aleks kun,долг,хорошечно -,,,,
18) Monster Siren Records & Mia — Storyteller (Babel Lobby Theme)  [Arknights OST],3:11:00,Винсон,долг Х2,атлична-,Игра,,,
"19) Chris Yukine — Tsunaida Te Dake ga Tsumugu Mono [OST, Symphogear / Песня боевых принцесс: Мехасимфония]",3:18:25,Jander,долг Х3💀,хорошечно+,Аниме,,,
20) Neuro-sama — DIGITAL GIRL (Cover; Original Kira),3:27:10,StillReverie,долг,хорошечно (вокалоид стайл),,,,
21) the GazettE — DOGMA,3:32:55,НеАноним(фанат декскора),долг Х2,хорошечно+,,,,
22) Ahn Ye Eun  — CHANGGWI {창귀} ,3:40:50,Kanashy Girl,долг Х3💀,гениально,,,,
23) JO☆STARS — JoJo Sono Chi no Kioku - end of THE WORLD [1 Opening JoJo's Bizarre Adventure: Stardust Crusaders - Battle in Egypt / Невероятное приключение ДжоДжо: Рыцари звёздной пыли 2],3:47:30,Momonga,долг,гениально - -,Аниме,,,
СТРИМ №39 (20.10.24),, ,,,,,,
БЛАГОТВОРИТЕЛЬНЫЙ,, ,,,,,,
1) Yunomi — Koi no Uta [1 Opening Tonikaku Kawaii / Унеси меня на Луну],12:15,@Wwweeeesss_09453,очередь,атлична-,Аниме,,,
2) Porno Graffiti — HITORI NO Yoru {Lonely Night} [2 Opening Great Teacher Onizuka / Крутой учитель Онидзука],24:05,@cherfrish,очередь,хорошечно+,Аниме,,,
3) Asaka — Eternal Star [1 Ending Island / Остров],36:35,Ivan_Vitalyevich,очередь,хорошечно+,Аниме,,,
"4) Ito Kanako — Find the Blue [ep 0, Ending, ChaoS;Child / Дитя хаоса]",46:50,@egorletov2002,очередь,хорошечно- (сведение на ну такое),Аниме,,,
5) Shikao Suga — 19 Sai {19 Years Old} [1 Opening xxxHOLiC / Триплексоголик],54:50,@Denis_e_87,очередь,атлична+,Аниме,,,
"6) Yugo Kanno — Stardust Crusaders [OST, JoJo's Bizarre Adventure: Stardust Crusaders / Невероятное приключение ДжоДжо: Рыцари звёздной пыли]",1:05:35,Kazuto,очередь,гениально -,Аниме,,,
7) ZUTOMAYO — TAIDADA [1 Ending Dandadan / Дандадан],1:15:30,Svd_bb,очередь,атлична+,Аниме,,,
8) Midix — Ещё Вчера {Only Yesterday},1:25:10,@Mugetsu21,очередь,ну такое+,,,,
9) Kurosaki Maon — Magic world [1 Ending Toaru Majutsu no Index II / Индекс волшебства II],1:33:20,@Snoop4950,очередь,хорошечно-,Аниме,,,
"10) League od Legends Music, Valerie Broussard & Ray Chen — Awaken [League of Legends Season 2019 Cinematic]",1:43:05,Alexeyorik,очередь,атлична,Игра,,,
11) MYTH & ROID — NOX LUX [1 Ending ReZero 3rd Season / Re:Zero. Жизнь с нуля в альтернативном мире 3],2:04:00,EpicFire,очередь,хорошечно,Аниме,,,
12) Let 3 — Baba Roga,2:14:30,@BeluHie,очередь,"ну такое (на уровне музыка, атлична на уровне идеи)",,,,
13) Paledusk — BLACK ICE (Official Music Video),2:21:45,Hedor0u,очередь,атлична (С ПОДВОХОМ),,,,
"14) Shiro Sagisu — Squad Zero Theme (Epic Orchestral Cover) [ep 11/24, OST, Bleach: Thousand-Year Blood War Part 2 / Блич: Тысячелетняя кровавая война — Прощание]",2:32:55,@glavniyangel,очередь,хорошечно- (мертвячно),Аниме,,,
15) Chiharu Sawashiro — Paradigm Box [1 Opening Caligula / Калигула],2:49:10,BloodAlloy,очередь,хорошечно+,Аниме,,,
16) Pyrokinesis — CURSED (Official audio),2:58:00,@Ploshka23,очередь,хорошечно+,,,,
"17) Sawano Hiroyuki — Еnd world [OST, Owari no Seraph / Последний Серафим]",3:06:00,@onihaze,очередь,атлична-,Аниме,,,
"18) MOB CHOIR — Exist [OST, Mob Psycho 100 III / Моб Психо 100 3]",3:31:55,AnToteKote,очередь,хорошечно+,Аниме,,,
19) Aimer — Hollow World [VN Fate/hollow ataraxia Opening/Ending/OST],3:38:50,@Rayels66,очередь,атлична-,Аниме,,,
"20)  Colm R. McGuinness, Cody Matthew Johnson — Edge of the World [AFK Journey]",3:48:00,@cortenis,очередь,атлична (сведение голоса пленочку снимите),Игра,,,
21) Александр Зилков — Юго-Северо-Восток {South-North-East},3:57:55,FiLiUM,очередь,атлична,,,,
21.5) Конкурс от Нескучный саунд и Yamaha #ХочуVST - Роман Фарыма,4:13:55,Faryma.composer,заказ,,,,,
22) Sakanaction — Kaijyu [1 Opening Chi.: Chikyuu no Undou ni Tsuite / О движении Земли],4:22:55,FallenSxde,очередь,атлична-,Аниме,,,
23) Black Veil Brides — In The End,4:27:45,Sendy Polaris,очередь,атлична,,,,
24) Konomi Suzuki — Redo [1 Opening Re:Zero. Жизнь с нуля в альтернативном мире],4:35:10,ksenia,очередь,атлична-,Аниме,,,
25) DAZBEE —  Wasureji no Kotonoha {Words Ne'er Forgotten} (COVER; Original Mirai Kodai Orchestra) [OST Grimm Notes/ Заметки Гримма],4:41:05,@mx14T_T,очередь,гениально-,Аниме,,,
26) The Choir of Trinity College Cambridge —  O Salutaris Hostia,4:49:45,Dmi_anna_dsgn,очередь,гениально-,,,,
27) LOONA — Heart Attack,4:57:25,Kanashy Girl,очередь,атлична-,,,,
28) Apocalyptica — Path (Official Video),5:05:10,Mister_Flicker,очередь,атлична-,,,,
29) Queen — Play The Game (Official Video),5:12:20,@fedricomarderico,очередь,атлична-,,,,
30) Dj Belite — All Eyez on Me (Remix; Original 2Pac),5:20:20,@MatveyPospelov,очередь,"ну такое+ (оригинал лучше, сорэн)",,,,
31) Himeno Azami —  NO RECKLESS DRIVING!! (Produced by Camellia),5:27:10,@aurabellafiora1,очередь,"хорошечно (в рамках жанра и концепта, ну такое для всех)",Аниме,,,
32) Falcom Sound Team jdk — Hoshi no Akira (Full Version) [Trails in the Sky (Sora no Kiseki) FC OST],5:39:20,@Rimuto,очередь,хорошечно+,,,,
33) Iyowa feat. Adachi Rei — Heat Abnormal,6:03:30,Karetsi,очередь,хорошечно-,,,,
34) HOYO-MiX — Fontaine (Live Symphony Performance) [Genshin Impact OST],6:12:05,Яна,очередь,атлична+,Игра,,,
35) Imperial Circus Dead Decadence — Gekiai no Yobigoe ga Dekiai no Sakebigoe wo Kurau,6:19:40,@razorch1k,очередь,хорошечно+,,,,
36) Minami — Ame wo Matsu {Waiting for Rain},6:29:05,@Pivuraczhek,очередь,гениально - -,,,,
37) Yoshikawa45 — Rougoku {Prison Strip} [VN Umineko No Naku Koro Ni OST],6:36:10,Sammy Willbur,очередь,ну такое+,,,,
38) xi — World Fragments I,6:45:20,@Deniota,очередь,хорошечно + +,,,,
39) Knorkator — A,6:53:35,@milavalit,очередь,"кринж-контент+ (ААААААА+ , концепт - хорошечно)",,,,
40) SIX LOUNGE — Without any words [1 Opening Bleach: Thousand-Year Blood War - The Conflict / Блич: Тысячелетняя кровавая война - Конфликт],6:58:40,@Kawaki123456,очередь,хорошечно,Аниме,,,
41) Zedd — Jaka Jaan [1 Opening Dragon Ball Daima / Драконий жемчуг Дайма],7:04:15,Eagler Decker,очередь,атлична-,Аниме,,,
42) DEXCORE — 20,7:08:05,НеАноним(фанат декскора),очередь,атлична -,,,,
43) Gwen Stefani — What You Waiting For? (Clean Version),7:17:55,@JustReverie,очередь,атлична-,,,,
СТРИМ №38 (19.10.24),, ,,,,,,
1) Yorushika — Shayou {Setting Sun} [1 Opening The Dangers in My Heart / Опасность в моём сердце],8:50,AndrLord,донат,атлична,Аниме,,,
2) Akatsuki Records — Hedonism (Acoustic ver.),20:10,Art,долг,атлична,,,,
3) Radiohead — Creep,33:40,50 50,донат,гениально-,,,,
4) JILUKA — S4VAGE (Official Music Video),43:35,НеАноним(фанат декскора),долг Х2,атлична+ (в рамках жанра),,,,
5) Эпидемия — Феанор,54:50,Cherfrish,донат,атлична-,,,,
6) THE DO DO DO's — More More! {もっともっと!},1:17:10,Nighter Specter,долг Х3💀,хорошечно-,,,,
"7) Yukari Tamura — Orange Wind [ep 19, OST, Higurashi no Naku Koro ni Gou / Когда плачут цикады: Карма]",1:26:50,Monstrrro; LD,донат,хорошечно+,Аниме,,,
8) zts — worldenddominator [Umineko When They Cry Visual Novel OST],1:32:45,Eth Night,долг,атлична - -,Игра,,,
"9) SICK HACK — Watashi Dake Yuurei {I'm the Only Ghost} [ep 10, OST, Bocchi the Rock! / Одинокий рокер!]",1:42:45,Levvel,донат,атлична,Аниме,,,
10) Daughter — Landfill,1:50:35,JustD,долг Х2,атлична+,,,,
11) Екатерина Яшникова — Об особенностях воображения мужского населения на оживлённой автостраде (Bonus track),1:57:20,50 50,донат,атлична-,,,,
12) JILUKA — VENΦM (Official Music Video),2:26:45,ginkogintoki,долг Х3💀,атлична (в рамках жанра),,,,
13) Charlie Clouser — Hello Zepp [Saw / Пила: Игра на выживание OST],2:36:40,sniffd,донат,гениально,Фильм,,,
14) Kenshi Yonezu — Flamingo,2:44:35,Cybrex,долг,гениально -,,,,
15) The Chords — Sh-Boom {Life Could Be a Dream},2:54:10,50 50,донат,атлична+,,,,
16) PIZZA — Романс,3:00:25,Alexeyorik,долг Х2,атлична,,,,
17) Dan Bull — I've Got A Bone (MINECRAFT SKELETON RAP REMIX) ,3:08:25,Faryma.composer,заказ,атлична+,Игра,,,
18) Falling In Reverse — I'm Not A Vampire (Revamped),3:17:45,HoneyDed,донат,атлична+,,,,
"19) Reijiro Koroku & R.K.O.G Orchestra — 11.Imminent Battle! [OST, The Guyver: Bio-Booster Armor / Гайвер]",3:28:45,Водитель,долг Х3💀,атлична+,Аниме,,,
20) Bee Gees — Stayin' Alive (Official Music Video),3:36:40,50 50,донат,гениально,,,,
21) Akiko Shikata — Katayoku no Tori [1 Opening Umineko no Naku Koro ni / Когда плачут чайки],3:45:05,Eth Night,долг,атлична -,Аниме,,,
22) Ai Higuchi — Akuma no Ko [1 Ending Shingeki no Kyojin: The Final Season Part 2 / Атака титанов: Финал. Часть 2],4:09:35,contrast,донат,гениально,Аниме,,,
23) Metallica — Loverman,4:18:05,Sendy Polaris,долг Х2,атлична-,,,,
24) Високосный год — Тихий огонёк {Quiet Light},4:31:25,50 50,донат,атлична-,,,,
"25) Yoshiaki Fujisawa — Really, I Love You [OST, No Game No Life: Zero / Нет игры - нет жизни: Начало]",4:39:35,Spectator,долг Х3💀,атлична,Аниме,,,
26) Ice Nine Kills feat. SHAVO — A Work of Art  [Terrifier 3 / Ужасающий 3 OST],4:46:00,HoneyDed,донат,атлична+,Фильм,,,
27) Hana — Sakura no Uta [Opening Sakura no Uta -Sakura no Mori no Ue o Mau-],4:53:25,egorkasprigorca,долг,хорошечно,Аниме,,,
28) Каникулы на Марсе — Дедушка {Grandpa},5:02:10,50 50,донат,хорошечно,,,,
29) Ария — Кровь Королей (The Witcher 2 AMV),5:08:00,Widupi,долг Х2,хорошечно,,,,
30) SIX LOUNGE — Without any words [1 Opening Bleach: Thousand-Year Blood War - The Conflict / Блич: Тысячелетняя кровавая война - Конфликт],5:19:35,HoneyDed,донат,хорошечно+,Аниме,,,
31) Vishal Mishra & Rahul Sipligunj — Naacho Naacho,5:27:35,meganekka,долг Х3💀,атлична -,,,,
32) Sān-Z & HOYO-MiX — Burning Desires (Burnice Theme) [Zenless Zone Zero OST],5:34:40,laitsberg,донат,атлична-,Игра,,,
"33) Sawano Hiroyuki feat. Mika Kobayashi — Bios {βίος} [OST, Guilty Crown / Корона грешника]",5:40:20,Eth Night,долг,атлична,Аниме,,,
34) Falling In Reverse — Prequel,6:06:35,HoneyDed,донат,атлична+,,,,
35) Metallica — The Memory Remains (Official Music Video),6:14:45,Sendy Polaris,долг Х2,атлична-,,,,
36) Lana Del Rey — Brooklyn Baby (Official Audio),6:23:55,ayl1es,донат,атлична+,,,,
"37) Toe — SONNY BOY RHAPSODY [OST, Sonny Boy / Сонни Бой]",6:33:15,fortchka,долг Х3💀,атлична,Аниме,,,
38) Aden Foyer — The Ballet Girl (Official Music Video),6:40:00,laitsberg,донат,атлична,,,,
39) MY FIRST STORY — Underground,6:47:30,Cybrex,долг,атлична+,,,,
"40) Florence + The Machine — No Light, No Light",6:55:20,ayl1es,донат,атлична+,,,,
41) Anurag Gtr — Celestial Symphony [Black Myth Wukong Chapter 6 OST],7:02:40,oppux,долг Х2,атлична,Игра,,,
42) SLAUGHTER TO PREVAIL — BEHELIT,7:11:45,HoneyDed,донат,хорошечно+,,,,
43) Ave Mujica — Mas?uerade Rhapsody Re?uest (Official Music Video),7:20:20,golly124,долг Х3💀,хорошечно,,,,
44) Awaken I Am — Roses,7:28:55,Ne_Oleg,донат,хорошечно+,,,,
45) Gaijin Games feat. Anamanaguchi — Mermaid  [Bit.Trip Runner OST],7:34:05,Elovir,долг,хорошечно,Игра,,,
46) Breaking Benjamin — Awaken (Official Audio),7:56:10,HoneyDed,донат,хорошечно+,,,,
47) Metallica — The Unforgiven (Official Music Video),8:02:20,Sendy Polaris,долг Х2,атлична,,,,
48) Ado — Value,8:10:20,Jefj29,донат,атлична,,,,
49) MIYAVI — Running In My Head [1 Opening Code Geass: Dakkan no Roze / Код Гиас: Вернувшийся Розе],8:16:00,Тохехех,долг Х3💀,хорошечно+,Аниме,,,
50) ​majiko — Kokoronashi {心做し} (LIVE),8:22:15,Elovir,донат,атлична+,,,,
51) ROUND TABLE feat. Nino — Groovin' Magic [1 Opening Gunbuster 2 / Дайбастер: Дотянись до неба! 2],8:28:45,bibiboy,долг,хорошечно+,Аниме,,,
52) yukaDD — BAD CANDY [1 Opening Dolls' Frontline / Девушки на линии фронта],8:35:05,Винсон,донат,хорошечно+,Аниме,,,
53) Unprocessed — Candyland (Official Music Video),8:41:20,Hedor0u,долг Х2,атлична,,,,
54) Smile.dk — Koko Soko (AKIBA KOUBOU Eurobeat Remix),8:47:05,Егор Летов,донат,хорошечно,,,,
55) Takao Sakuma — FROZEN MIDNIGHT [1 Opening The Ice Guy and His Cool Female Colleague / Ледяной парень и классная девушка-коллега],8:51:50,natsuki_05,долг Х3💀,атлична-,Аниме,,,
56) LUMM — Маленькая травма,8:58:20,LUMMoff,донат,атлична,,,,
57) AWS — Dive Back In Time [1 Opening Link Click / Агент времени],9:06:30,Jefj29,долг,атлична,Аниме,,,
58) Amane Kanata — Unravel (3rd Anniversary 3DLive Another world Hololive; Cover; Original TK),9:11:10,Aleks kun,донат,атлична -,Аниме,,,
СТРИМ №37 (17.10.24),, ,,,,,,
ДОЛГОВОЙ,, ,,,,,,
"1) Aza — Not Easy to Disturb {不好惹} [1 Opening Spare Me, Great Lord! / Пощади меня, великий господин!]",7:05,Jefj29,долг,хорошечно+,Аниме,,,
"2) Udio Ai — ГОВНОВОЗ, НО ЭТО ДЭДКОР (ai cover)",12:15,LordGenocide,долг Х2,ну такое+ (из-за сведоса; говновозно+),,,,
"3) Aoi Yuki, Nana Mizuki, Ayahi Takagaki, Yoko Hikasa, Yoshino Nanjo, Ai Kayano, Yuka Iguchi — Ashita e no Flügel {Wings for Tomorrow} [ep 13, Ending Symphogear XV / Песня боевых принцесс: Мехасимфония 5]",19:55,Jander,долг Х3💀,хорошечно,Аниме,,,
4) CHiCO with Honeyworks — Pride Kakumei {プライド革命} [2/15 Opening Gintama Season 4 / Гинтама 4],32:50,egorkasprigorca,долг,атлична,Аниме,,,
5) Patrik Pietschmann — Posterity (Main Theme; Piano Version; Cover; Original Ludwig Göransson) [Tenet / Довод],41:50,Alan008,долг Х2,хорошечно,Фильм,,,
6) Rita — Dorchadas [Shikkoku no Sharnoth: What a Beautiful Tomorrow OST],52:00,Karetsi,долг Х3💀,атлична,Аниме,,,
"7) Clint Mansell — Lux Aeterna [REQUIEM FOR A DREAM / Реквием по мечте, USA - 2000]",1:03:50,sniffd,долг,атлична,Фильм,,,
8) Eve — Sister {シスタ—},1:13:35,Svd_bb,долг Х2,атлична+,,,,
9) DEXCORE — One day,1:28:20,НеАноним(фанат декскора),долг Х3💀,атлична-,,,,
10) Kumiko Noma — LILIUM [1 Opening Elfen Lied / Эльфийская песнь],1:36:45,Eth Night,долг,гениально - -,Аниме,,,
11) Hans Zimmer — Jack Sparrow [Пираты Карибского моря: Сундук мертвеца OST],1:44:15,Alan008,долг Х2,атлична+,Фильм,,,
12) JAM Project — THE HERO !! [1 Opening One Punch Man / Ванпанчмен],2:15:15,Colibrium,долг Х3💀,гениально-,Аниме,,,
13) Sting — Englishman In New York,2:24:00,Cherfrish,долг,гениально -,,,,
14) ZUTOMAYO — Inside Joke,2:32:50,Svd_bb,долг Х2,атлична+,,,,
15) Imperial Circus Dead Decadence feat. Yuto Iizuka — Hitsuu Naru Kyouon wa Kanashiki Kaikou mode:Alpha,2:43:05,raz0rchik,долг Х3💀,хорошечно,,,,
16) Hana — Sakura to Kotori [Himawari no Kyoukai to Nagai Natsuyasumi OST],2:51:25,egorkasprigorca,долг,хорошечно (атлична- за полторы минуты),Аниме,,,
17) Hayato Matsuo — Fukutsu Mushin no Sakebi (Jonathan's Theme) [Jojo's Bizarre Adventure - Phantom Blood OST],3:02:15,Alan008,долг Х2,атлична-,Аниме,,,
18) Versailles — DESTINY - The Lovers,3:09:50,Nemu,долг Х3💀,хорошечно,,,,
19) Tsukuyomi — Gyakuten Geki {逆転劇} [1 Opening Isekai de Cheat Skill / Я получил читерские способности в другом мире...],3:25:00,Aleks kun,долг,атлична -,Аниме,,,
20) Hurts — Wonderful Life,3:32:25,Kanashy Girl,долг Х2,атлична+,,,,
21) ИРИНА КАЙРАТОВНА — ЧИНА {Cheenah},3:38:00,Летта,долг Х3💀,"хорошечно + (в рамках жанра, идея атлична+)",,,,
22) Eminem — Rap God (Explicit),3:44:40,Momonga,долг,атлична-,,,,
23) SiM — RED [1 Opening Kengan Ashura Season 2 / Кэнган Асура 2],4:07:40,Kumashisan,долг Х2,атлична,Аниме,,,
24) FZMZ — BROKEN GAMES [1 Opening Shangri-La Frontier / Рубеж Шангри-Ла: Любитель игрошлака бросает вызов топ-игре],4:14:35,CaTFalliN,долг Х3💀,гениально -,Аниме,,,
25) Мельница  — Дорога сна {The Road Of Dream},4:22:25,StillReverie,долг,хорошечно+,,,,
26) Miley Cyrus — Dooo It!,4:28:50,Zark,долг Х2,хорошечно+ (авангардно),,,,
27) Linkin Park — Heavy Is the Crown [League of Legends Worlds 2024 Anthem],4:37:05,Daksio,долг Х3💀,атлична-,Игра,,,
28) Mell — Red fraction [1 Opening Black Lagoon / Пираты «Чёрной лагуны»],4:45:20,ddmshbnv,долг,атлична,Аниме,,,
"29) King Gnu — GLASS WINDOW {硝子窓} [OST, Do Not Say Mystery / Не называй это тайной 2023г.]",4:51:25,Cybrex,долг Х2,гениально,Фильм,,,
СТРИМ №36 (15.10.24),, ,,,,,,
ДОЛГОВОЙ,, ,,,,,,
1) CHiCO with Honeyworks — Ai no Scenario {アイのシナリオ} [2 Opening Magic Kaito 1412 / Волшебник Кайто 1412],7:55,egorkasprigorca,долг,хорошечно+,Аниме,,,
2) ZUTOMAYO — Hippocampal Pain,16:10,Svd_bb,долг Х2,атлична+,,,,
3) MIYAVI & Kenken — Flashback [1 Opening Kokkoku / Миг за мигом],25:00,Cybrex,долг Х3💀,атлична,Аниме,,,
4) Павел Пламенев — Крадущая сны,32:00,ayl1es,долг,хорошечно-,,,,
5) MIYAVI — Other Side [1 Ending Id:Invaded / ID: Вторжение],43:10,Cybrex,долг Х2,атлична+,Аниме,,,
6) билборды — Алые Цветы (Cover),50:25,bibiboy,долг Х3💀,хорошечно,,,,
7) Sawano Hiroyuki feat. mizuki — Avid [1 Ending 86 Eighty-Six / Восемьдесят шесть],56:40,Aleks kun,долг,атлична+,Аниме,,,
8) Eve — LEO,1:06:35,Svd_bb,долг Х2,гениально - -,,,,
9) Bocchi Boromaru feat. Mossa — Tsuyogaru Girl [1 Opening Make Heroine ga Oosugiru! / Слишком много проигравших героинь!],1:14:30,Ivan_Vitalyevich,долг Х3💀,атлична-,Аниме,,,
10) Павел Пламенев — Русский не побеждён,1:24:45,ayl1es,долг,ну такое+,,,,
11) Electric Light Orchestra — Turn To Stone (Audio),1:33:00,Alan008,долг Х2,атлична+,,,,
"12) Joe Hisaishi — Merry Go Round of Life [OST, Piano, Howl's Moving Castle / Ходячий замок]",1:39:35,Sheruka,долг Х3💀,гениально- (гениально),Аниме,,,
13) Supercell — Kimino Shiranai Monogatari (Harmony Team RUS Cover) [1 Ending Bakemonogatari / Истории монстров],1:46:35,egorkasprigorca,долг,хорошечно- (хорошечно+),Аниме,,,
СТРИМ №35 (12.10.24),, ,,,,,,
1) Нексюша — Заводская {Factory},8:35,Monstrrro,донат,хорошечно+ (РАБОТЯГИИИИИИ+),,,,
2) fripSide — Sister's Noise [1 Opening Toaru Kagaku no Railgun 2 / Некий научный Рейлган 2],18:50,egorkasprigorca,долг,хорошечно,Аниме,,,
3) Павел Пламенев — Вне смерти,22:50,Cherfrish,донат,хорошечно-,,,,
4) SymaG — Sainou Shredder,33:50,Водитель,долг Х2,хорошечно+,Аниме,,,
5) Isabela Merced — I'll Stay [Ending Instant Family / Семья по-быстрому],41:45,AndrLord,донат,атлична,Фильм,,,
6) Akari Nanawo — Dadadada Tenshi {ダダダダ天使},48:55,миша три семёры,долг Х3💀,хорошечно (потенциальный + за новаторство),,,,
"7) Seigo Makishima — Yugo Kanno [OST, Psycho-Pass / Психопаспорт]",57:30,ayl1es,донат,атлична-,Аниме,,,
8) Yes — Roundabout (2008 Remaster) [1 Ending JoJo's Bizarre Adventure / Невероятное приключение ДжоДжо (2012)],1:04:50,Alan008,долг,гениально-,Аниме,,,
9) GRANRODEO — Can Do [1 Ending Kuroko no Basket / Баскетбол Куроко],1:19:30,Cherfrish,донат,атлична,Аниме,,,
10) OneRepublic — Everybody Loves Me,1:27:40,JustD,долг Х2,атлична+,,,,
11) Tomodachi Tsukuritai — Zannenkei Rinjinbu {Hoshi Futatsuhan} [1 Opening Boku wa Tomodachi ga Sukunai / У меня мало друзей],1:36:10,baro_zxc,долг Х3💀,хорошечно-,Аниме,,,
12) U2 — With Or Without You (Official Music Video),1:43:40,ayl1es,донат,гениально-,,,,
13) fripSide — future gazer [Opening Toaru Kagaku no Railgun OVA / Некий научный Рейлган: С этого момента Мисака-сан является центром внимания],2:07:15,egorkasprigorca,долг,хорошечно-,Аниме,,,
14) Винтаж — Роман,2:13:15,sniffd,донат,атлична - -,,,,
15) DEXCORE — Who's fault?,2:22:55,НеАноним(фанат декскора),долг Х2,атлична,,,,
16) Kirill Pokrovsky — Original Sin [Divinity: Original Sin OST],2:32:00,ayl1es,донат,ну такое+,Игра,,,
17) Yanagi Nagi & Maeda Jun — Killer Song,2:40:45,eyes177,долг Х3💀,атлична-,,,,
18) SPYAIR — Imagination (New Version)  [1 Opening Haikyu!! / Волейбол!!],2:50:55,Cherfrish,донат,атлична-,Аниме,,,
"19) Lia — My Soul, Your Beats! [1 Opening Angel Beats! / Ангельские ритмы!]",2:56:40,alex7kom,долг,хорошечно+,,,,
"20) Detroit Metal City — Satsugai (AMV) [1 Opening Detroit Metal City / Детройт, город металла]",3:08:00,sniffd ,донат,хорошечно+,Аниме,,,
21) Dong Fang Mu Si — Elegy of Fairies [1 Opening Fairy Planting Manual / Руководство по семенам фей],3:14:25,AnonymousAdomin,долг Х2,атлична,Аниме,,,
22) Streetwise Rhapsody — Xilonen Theme [Genshin Impact],3:20:05,laitsberg,донат,атлична,Игра,,,
"23) SUPER BEAVER — Hakanakunai (THE FIRST TAKE) [OST, Tokyo Revengers 2: Bloody Halloween / Токийские мстители 2: Кровавый Хэллоуин]",3:26:35,Куроки Наой,долг Х3💀,атлична+,Аниме,,,
24) T-Pistonz & KMC — Maji de Kansha! [2 Opening Inazuma Eleven / Инадзума 11],3:38:20,Cherfrish,донат,атлична,Аниме,,,
"25) fripSide — Late in autumn [OST, Toaru Kagaku no Railgun / Некий научный Рейлган]",3:42:50,egorkasprigorca,долг,атлична-,Аниме,,,
26) Mylène Farmer — Appelle mon numéro  (Clip Officiel),4:10:00,sniffd,донат,хорошечно+,,,,
27) IKE EVELAND — MAZE,4:17:50,Rokitou,долг Х2,атлична -,,,,
28) Megumi Hayashibara — Usurai Shinjuu  [1 Opening Shouwa Genroku Rakugo Shinjuu / Сёва-Гэнроку: Двойное самоубийство по ракуго],4:26:20,Omgzigzag,донат,атлична,Аниме,,,
29) 4LYN — Nostalgia (Official Music Video),4:33:40,staruhhha,долг Х3💀,хорошечно+,,,,
30) Shui Mu Nian Hua — Fly With Me [Perfect World Main Theme],4:41:20,sniffd,донат,атлична - -,Игра,,,
31) OkameP feat. Hatsune Miku — Toki no Kakera {時のカケラ} (rus sub),4:50:00,Twidunbr,долг,хорошечно,,,,
32) HOYO-MiX — Se mettre sur son trente-et-un ! [Genshin Impact OST],5:00:40,laitsberg,донат,атлична+,Игра,,,
33) David Gilmour — Marooned,5:06:10,Максим Мухтаров,долг Х2,атлична,,,,
33.5) Про импровизацию от Faryma.composer,5:19:00,Faryma.composer,заказ,,,,,
"34) Lyn Inaizumi — Life Will Change [ep 4, OST, Persona 5 the Animation / Персона 5]",5:32:15,asqwek,донат,хорошечно+,Аниме,,,
35) Пророчество Вёльвы — Ведьмак,5:41:50,bustruikakponos,долг Х3💀,хорошечно-,Игра,,,
36) Moby — Porcelain (Official Video),5:51:35,sniffd,донат,атлична-,,,,
"37) Gibran Alcocer, Anya Nami — Idea 22",6:09:55,Only Arrogance,долг,атлична,,,,
"38) Bobby Timmons, Frank Churchil, Oscar Hammerstein II, Richard Rodgers — Kaoru & Sentaro Duo In BUNKASAI [OST, Sakamichi no Apollon / Дети на холме]",6:14:40,Omgzigzag,донат,атлична,Аниме,,,
39) RADWIMPS — Oshakashama {おしゃかしゃま},6:22:35,teachertgm,долг Х2,гениально-,,,,
40) Konomi Suzuki — Reweave [1 Opening ReZero 3rd Season / Re:Zero. Жизнь с нуля в альтернативном мире 3],6:29:40,asqwek,донат,хорошечно+,Аниме,,,
41) Ephixa & Bossfight — Subside,6:33:35,GoldCil,долг Х3💀,атлична,,,,
42) SKRILLEX  feat. Sirah — Bangarang (Official Music Video),6:42:00,sniffd,донат,гениально,,,,
43) Cö shu Nie — Asphyxia [1 Opening Tokyo Ghoul:re / Токийский гуль: Перерождение],6:49:55,StillReverie,долг,атлична,Аниме,,,
44) Momokurotei ichimon — Nippon Egao Hyakkei [1 Ending Joshiraku / В ракуго только девушки],6:59:05,asqwek,донат,атлична+,Аниме,,,
45) Diana Garnet — Spinning World [32 Ending Naruto: Shippuuden / Наруто: Ураганные хроники],7:03:50,eyes177,долг Х2,атлична-,Аниме,,,
46) Skrillex & Damian Jr. Gong Marley — Make It Bun Dem (OFFICIAL VIDEO),7:12:30,sniffd,донат,атлична+,,,,
47) DEVILOOF — Goujin Zangoku (Official Music Video),7:21:35,НеАноним(фанат декскора),долг,"хорошечно (в рамках жанра, САТАНИСТ-ТАРАКАН+ )",,,,
48) Mylène Farmer feat. Sting — Stolen Car (Clip Officiel),7:32:55,Cherfrish,донат,атлична-,,,,
"49) Radwimps — Sparkle (Original Version) [OST, Your Name / Твоё имя]",7:41:20,Yukio,донат,атлична+,,,,
50) RADWIMPS — Dream Lantern [Opening Your Name / Твоё имя],7:55:35,Only Arrogance,долг Х2,атлична,Аниме,,,
51) KANA-BOON — Song of the Dead [1 Opening Zom 100: Bucket List of the Dead / Предсмертный список зомби],8:00:00,Летта,донат,хорошечно+,Аниме,,,
52) Samuel Kim —Akuma no Ko (EPIC CINEMATIC COVER; Hiroyuki Sawano Style; Original Sawano Hiroyuki) [Attack on Titan S4 ED] ,8:06:20,StillReverie,долг,атлична,,,,
53) Ellen McLain — Still Alive [Ending Portal],8:24:25,asqwek,донат,атлична,Игра,,,
"54) K/DA, Madison Beer & (G)I-DLE feat. Lexie Liu, Jaira Burns, Seraphine — MORE (Official Music Video)",8:31:00,GeNoZa,долг Х2,атлична+,,,,
55) Eban'ko — Дрочит правая рука (Ручная работа),8:38:00,sniffd,донат,генитально+ ,,,,
56) DEVILOOF — False Self (Official Music Video),8:43:25,НеАноним(фанат декскора),долг,атлична (в рамках жанра),,,,
57) Тархун_mz — ВАЛ НЕ КРУТИСЬ!,8:51:40,asqwek,донат,хорошечно - (ВАЛ-),,,,
"58) Kevin Penkin — Transcendance and Hanezeve [OST, Made in Abyss / Созданный в Бездне]",8:54:30,JohnyKnight,долг Х2,гениально,Аниме,,,
59) IKE EVELAND — BLUE LIGHT,9:04:45,Aleks kun,донат,атлична,,,,
60) The HU  feat. Jacoby Shaddix of Papa Roach — Wolf Totem (Official Music Video),9:12:30,G Tia,долг,атлична+,,,,
61) Jin Hashimoto — STAND PROUD [1 Opening JoJo's Bizarre Adventure: Stardust Crusaders / Невероятное приключение ДжоДжо: Рыцари звёздной пыли],9:20:20,Momonga,донат,хорошечно+,Аниме,,,
СТРИМ №34 (10.10.24),, ,,,,,,
ДОЛГОВОЙ,, ,,,,,,
1) AVA Opera — The Doll's Song [Tales of Hoffmann],6:35,Monstrrro,долг,атлична-,,,,
2) GYARI — Akari has arrived {アカリがやってきたぞっ},21:45,alex7kom,долг Х2,хорошечно+,,,,
3) NACHERRY — My dream girls [1 Opening Mahou Shoujo ni Akogarete / Становясь волшебницей],36:55,Ivan_Vitalyevich,долг Х3💀,хорошечно+,Аниме,,,
4) Queen — Somebody To Love (Official Video),45:55,Static_Streams,долг,гениально,,,,
5) Megumi Hayashibara — Imawa No Shinigami {今際の死神} [1 Opening Shouwa Genroku Rakugo Shinjuu 2nd Season / Сёва-Гэнроку: Двойное самоубийство по ракуго 2],55:00,Omgzigzag,долг Х2,гениально -,Аниме,,,
6) Duan — Skellige [Ведьмак OST],1:02:25,Elovir,долг Х3💀,атлична,Игра,,,
7) Gotye feat. Kimbra — Somebody That I Used To Know,1:11:05,sniffd,долг,гениально,,,,
8) Houshou Marine & Gawr Gura — SHINKIRO,1:18:20,alex7kom,долг Х2,атлична-,,,,
9) DEXCORE feat. Ryo Kinoshita — Cibus ,1:28:15,НеАноним(фанат декскора),долг Х3💀,хорошечно (ЛАЙК ЗА ЗЛЫХ ГНОМОВ В СЕРЕДИНКЕ),,,,
"10) BUMP OF CHICKEN — Hello, World! [1 Opening Blood Blockade Battlefront / Фронт кровавой блокады]",1:54:35,Cherfrish,долг,атлична-,Аниме,,,
"11) Hans Zimmer, The Magnificent Six, Pharrell Williams & Johnny Marr — The Electro Suite [The Amazing Spider-Man 2 / Новый Человек-паук: Высокое напряжение]",2:03:10,Quasz,долг Х2,атлична+,Фильм,,,
12) Dreamcatcher — Scream,2:16:15,Kanashy Girl,долг Х3💀,атлична,,,,
13) Eiko Shimamiya — Naraku no Hana [1 Opening Higurashi no Naku Koro ni 2nd Series / Когда плачут цикады: Разгадки],2:22:55,egorkasprigorca,долг,хорошечно+,Аниме,,,
14) Thomas Bergersen feat. Audrey Callahan — Humanity ,2:27:00,Shagon1k,долг Х2,атлична,,,,
"15) Елена Темникова — Не модные (Премьера клипа, 2018)",2:40:35,thetorgu,долг Х3💀,ну такое+,,,,
16) siinamota — Young Girl A (Official Audio),2:49:10,dzahaines,долг,атлична-,,,,
17) King Gnu — Teenager Forever,2:59:35,Cybrex,долг Х2,атлична+,,,,
"18) Metro Boomin, A$AP Rocky & Roisee — Am I Dreaming [Ending Spider-Man: Across the Spider-Verse / Человек-паук: Паутина вселенных]",3:13:45,Quasz,долг Х3💀,атлична,Фильм,,,
19) GARNiDELiA — Ambiguous [2 Opening Kill la Kill / Убей или умри],3:20:10,Cherfrish,долг,хорошечно,Аниме,,,
20) Shinichi Ishihara — Kyoushoku Soukou Guyver [1 Opening The Guyver: Bio-Booster Armor / Гайвер],3:27:40,Водитель,долг Х2,атлична-,Аниме,,,
21) MellSher — Мне хорошо {I’m good},3:35:05,jogk,долг Х3💀,ну такое+,,,,
22) Cynthia Harrell — Snake Eater [Metal Gear Solid 3: Snake Eater OST],3:42:40,dzahaines,долг,атлична,Игра,,,
23) DEXCORE — Brain Washing,3:48:25,НеАноним(фанат декскора),долг Х2,хорошечно+,,,,
СТРИМ №33 (8.10.24),, ,,,,,,
ДОЛГОВОЙ,, ,,,,,,
1) Brave Bird — Too Late Now,5:45 + описание альбома,Чар,заказ,хорошечно,,,,
2) Brave Bird — Scared Enough,15:40,Чар,заказ,хорошечно+,,,,
3) Brave Bird — Healthy,25:25,Чар,заказ,атлична-,,,,
4) Brave Bird — Tired Enough,35:30,Чар,заказ,хорошечно-,,,,
5) Brave Bird — Thick Skin (Should I Give In),45:40,Чар,заказ,хорошечно+,,,,
6) Brave Bird — Whittle Down the Days,56:45,Чар,заказ,ну такое+,,,,
7) Brave Bird — The Worst Things Happen to Me,1:04:45,Чар,заказ,хорошечно,,,,
8) Brave Bird — Get Over What’s Right,1:14:30,Чар,заказ,хорошечно+,,,,
"9) Brave Bird — Maybe You, No One Else Worth It",1:21:20,Чар,заказ,хорошечно-,,,,
10) Brave Bird — I'll See You At the Ring of Fire,1:31:20,Чар,заказ,атлична-,,,,
11) Игорь Вихорьков — Ты шлюха не моя {You’re not my whore},1:39:55,Monstrrro,долг,ну такое+ (на уровне гениально),,,,
"12) Emily Bindiger — Everytime You Kissed Me [2 OST, Pandora Hearts / Сердца Пандоры]",1:58:35,JohnyKnight,долг Х2,хорошечно+,Аниме,,,
13) Takeshi Abo — Gate of Steiner (Orchestra version Steins;Gate Symphonic material) [Steins;Gate OST],2:07:10,LordGenocide,долг Х3💀,атлична+,Аниме,,,
"14) Shiro Sagisu — Here To Stay [11 OST, Bleach / Блич]",2:14:45,Alexeyorik,долг,хорошечно+,Аниме,,,
15) Ajay-Atul & Shreya Ghoshal — Chikni Chameli [From Agneepath],2:20:55,Napporaivo,долг Х2,атлична,Фильм,,,
16) KAMIJO — Mademoiselle,2:33:35,Nemu,долг Х3💀,хорошечно ++,,,,
17) Ваня Воробей — Песня про ЗОЖ (gachi REMIX),2:41:40,Monstrrro,долг,ГАЧИ-РЕМИКС+,,,,
"18) Хелависа & Мельница —Jaina (Cover, Original Laura Bailey) [World of Warcraft]",2:47:15,Omgzigzag,долг Х2,хорошечно,Игра,,,
19) Tokoyami Towa — FACT,3:01:15,Винсон,долг Х3💀,хорошечно +,,,,
20) ELIZAVETA DE ELFIS — IN WEAR DAD GLUE WIN FOR REST,3:07:35,Rom1o,долг,хорошечно,,,,
21) Kishida Kyoudan & The Akeboshi Rockets — GATE {Sore wa Akatsuki no You ni} [1 Opening Gate: Thus the JSDF Fought There! / Врата: Там бьются наши воины],3:16:30,Cherfrish,долг Х2,хорошечно+,Аниме,,,
22) the GazettE — UNDYING,3:20:30,BIBIKALO,долг Х3💀,атлична -,,,,
23) Tell Me a Fairytale — Отступник,3:29:50,Hedor0u,долг,хорошечно+,,,,
24) Porter Robinson & Madeon — Shelter (Short Film with A-1 Pictures & Crunchyroll),3:40:35,alex7kom,долг Х2,атлична+,,,,
25) YUI — Again (ПОВТОР: Стрим №7; 18 трек от Japan) [1 Opening Fullmetal Alchemist: Brotherhood / Стальной алхимик: Братство] ,3:50:35,Per_Cy,повтор,атлична -,Аниме,,,
26) Ellen EP — Shark's Gotta Bite [Zenless Zone Zero],3:57:30,ДокухэбиТатсу,долг,атлична,Игра,,,
27) John Williams — NL orchestra [Schindler's list OST],4:04:35,Omgzigzag,долг Х2,атлична+,Фильм,,,
"28) Kazanari Tsubasa — Zettō Ame no Habakiri [OST, Symphogear и Symphogear G / Песня боевых принцесс: Мехасимфония]",4:11:50,Jander,долг Х3💀,хорошечно+,Аниме,,,
СТРИМ №32 (5.10.24),, ,,,,,,
1) Eve — Bokurano {ぼくらの} [2 Opening My Hero Academia Season 6 / Моя геройская академия 6],9:25,Meowzen134,донат,атлична-,Аниме,,,
2) Chris Isaak — Wicked Game [Wild at Heart / Дикие сердцем],20:40,Rokitou,долг,гениально-,Фильм,,,
"2.5) ЭТО НЕ ТЫ СТАРЫЙ, ЭТО МУЗЫКА ОТСТОЙ | Зумеры нас ГАЗЛАЙТЯТ",38:00,Faryma.composer,,,,,,
3) Slipknot — Psychosocial [Eromanga-sensei / Эроманга-сэнсэй],46:15,Cherfrish,донат,ИМБА+,Аниме,,,
4) HOYO-MiX — Cyberangel [Honkai Impact 3 OST],49:05,ДокухэбиТатсу,долг Х2,хорошечно - (ну такое+),Игра,,,
5) Secret Base — Kimigakuretamono {Things You Gave Me} (10 Years After Version) [1 Ending Anohana / Невиданный цветок],58:35,laitsberg,донат,хорошечно+,Аниме,,,
6) Tatsuya Kitani — When The Weak Go Marching {聖者の行進} [1 Opening Heion Sedai no Idaten-tachi / Божества Идатэн в мирном поколении],1:10:25,AnonymousAdomin,долг,атлична,Аниме,,,
7) Minutes Til Midnight — Gospel Of The Throttle [1 Opening Drifters / Скитальцы],1:18:15,asqwek,донат,хорошечно-,Аниме,,,
8) YURiKA — Kyoumen no Nami {鏡面の波} [1 Opening Houseki no Kuni / Страна самоцветов],1:26:30,MidoriRock,долг Х2,атлична-,Аниме,,,
9) Kamelot — On the Coldest Winter Night,1:38:15,Враг тишины,донат,атлична-,,,,
10) AnnenMayKantereit & Giant Rooks — Tom's Diner (Cover),1:46:50,Враг тишины,долг,гениально -,,,,
"11) Эпидемия, Смешарики — Лесник (cover; Original Король и Шут)",2:15:00,Faryma.composer,,,Фильм,,,
12) MONACA — Kainé  {Salvation} [NieR Gestalt & Replicant OST],2:18:35,asqwek,донат,атлична,Игра,,,
"13) Nima Fakhrara — Your Choice [Detroit: Become Human, Connor OST]",2:24:50,purrhelga,долг Х2,атлична-,Игра,,,
14) Кипелов — Я свободен,2:37:30,Monstrrro,донат,гениально-,,,,
15) Mr.Kitty — Lost Children,2:51:35,Only Arrogance,долг,хорошечно (ВСЕ ЛИЦО В БОЧКЕ),,,,
16) Creepy Nuts — Otonoke {オトノケ} [1 Opening Дандадан / Dandadan],3:01:45,dzahaines,донат,атлична+,Аниме,,,
17) King Gnu — Chameleon {カメレオン} [Opening Do Not Say Mystery / Не называй это тайной],3:06:05,Cybrex,долг Х2,гениально,Фильм,,,
"18) Philippe Jaroussky — Vedrò con mio diletto [Antonio Lucio Vivaldi - Опера ""Giustino""]",3:11:55,Враг тишины,донат,гениально-,,,,
19)  Kikuo feat. Hatsune Miku — Yoru no Uta ,3:25:05,Madao,долг,атлична-,,,,
"20) Sawano Hiroyuki feat. Laco — Hands Up to the Sky [ep 4, Ending 86 Eighty-Six / Восемьдесят шесть]",3:36:00,asqwek,донат,атлична-,Аниме,,,
21) Death Grips feat. Mexican Girl — Lord of the Game ,3:43:35,Dr.,долг Х2,хорошечно+ (НО ОЧЕНЬ ЖАЛКО),,,,
22) Ethan Bortnick — engravings (Official Video),4:09:45,laitsberg,донат,атлична+,,,,
23) Чайковский — 1812 Overture (Full with Cannons),4:18:45,Alan008,донат,гениально (ПУШКА+),,,,
24) Darren Korb feat. Ashley Barrett — In the Blood [Hades OST],4:45:35,Boevaya_riba,долг,атлична+,Игра,,,
"25) HANABIE — Pardon Me, I Have To Go Now {お先に失礼します}",4:53:35,laitsberg,донат,атлична,,,,
"26) Aztech & Hiroaki Tsutsumi — I'm A Human [33 OST, Dr. Stone / Доктор Стоун]",5:01:15,Colibrium,долг Х2,атлична+,Аниме,,,
27) SPYAIR — Some Like It Hot!! {サムライハ—ト}  [1/17 Ending Gintama Season 2 / Гинтама 2],5:07:40,Cherfrish,донат,атлична+,Аниме,,,
28) Hoshimachi Suisei — Soirée {ソワレ },5:13:50,Madao,долг,атлична - -,,,,
29) Hoshimachi Suisei —  Bibbidiba {ビビデバ},5:26:00,Madao,донат,атлична,,,,
30) TK from Ling Tosite Sigure — Furetefureru,5:33:10,contrast,долг Х2,атлична - - (сведение ЖОСТЬ),,,,
31) SPYAIR — Sakura Mitsutsuki {Cherry Blossoms Crescent Moon} [2/13 Opening Gintama Season 3 / Гинтама 3],5:44:00,asqwek,донат,атлична-,Аниме,,,
32) Kove & Joseph J. Jones — All Or Nothing (Lyrics Video),6:08:25,Tomily,долг,атлична-,,,,
33) Yoshiki*lisa — Destin historie [1 Opening Gosick / Готика / Госик],6:17:10,laitsberg,донат,хорошечно+,Аниме,,,
34) AK刘彰 & 娜迪热 — Surprising Click [Link Click / Агент времени],6:26:20,meganekka,долг Х2,атлична-,Аниме,,,
"35) Fear, and Loathing in Las Vegas — Just Awake [1 Ending Hunter x Hunter (2011) / Охотник х Охотник (2011)]",6:33:45,asqwek,донат,атлична - -,Аниме,,,
36) Валерий Меладзе — Иностранец {Foreigner},6:44:20,Boevaya_riba,долг,атлична+,,,,
37) BoA — MASAYUME CHASING [1/15 Opening Fairy Tail (2014) / Хвост Феи 2],6:59:55,AndrLord,донат,атлична,Аниме,,,
38) Bryan Adams — Heaven [A Night in Heaven / Ночь в раю],7:08:15,Криптокек,долг Х2,атлична+,Фильм,,,
39) UVERworld — ODD FUTURE [1/4 Opening Boku no Hero Academia 3rd Season / Моя геройская академия 3],7:17:35,Meowzen134,донат,атлична (АЙ КИП АЙДИАЛС),Аниме,,,
40) U2 — Beautiful Day (Official Music Video),7:23:50,Tomily,долг,атлична,,,,
"41) Дора — втюрилась (Премьера клипа, 2021)",7:31:30,asqwek,донат,атлична-,,,,
41.5) Земфира — ромашки {chamomiles},7:37:05,Faryma.composer,,,,,,
42) SiM — EXiSTENCE [1 Opening Shingeki no Bahamut: Genesis / Ярость Бахамута: Генезис],7:42:15,JustD,долг Х2,атлична-,Аниме,,,
43) Udio Ai  — Говновоз Оперная версия,8:01:50,sniffd,донат,говновоз-,,,,
44) Miley Cyrus feat. Sarah Barthel — Slab of Butter {Scorpion}  [Life & Beth / Жизнь и Бет],8:05:25,Zark,долг,хорошечно,Фильм,,,
45) The Beatles — Let It Be (Lyrics),8:16:50,asqwek,донат,гениально,,,,
46) Azumi Takahashi feat. Lotus Juice — Disconnected [Opening Persona 3 Reload: Episode Aigis],8:27:20,fortchka,долг Х2,атлична - (ТРЕК НЕ ДЛЯ ТУПЫХ),Игра,,,
47) Livetune feat. Takuro Sugawara — Sen no Tsubasa {千の翼} [1 Opening Re: Hamatora: Season 2 / Детективное агентство «Хаматора» 2],8:37:20,laitsberg,донат,атлична-,Аниме,,,
48) POLKADOT STINGRAY — Turritopisis Spp.,8:44:55,ArtZedt,долг,атлична,,,,
49) Honda Koushirou — Secret of goddess The god World Only Know [1 Opening The World God Only Knows 3 / Одному лишь Богу ведомый мир III: Богини],8:51:00,asqwek,донат,атлична-,Аниме,,,
50) Demis Roussos — Forever and Ever,9:12:20,Momonga,донат,гениально-,,,,
СТРИМ №31 (3.10.24),, ,,,,,,
ДОЛГОВОЙ,, ,,,,,,
"1) Yuki Kajiura — Swordland [1 OST, Sword Art Online / Мастера Меча Онлайн]",7:25,Monstrrro,заказ,хорошечно+,Аниме,,,
"2) Yuki Kajiura — The First Town [31 OST, Sword Art Online / Мастера Меча Онлайн]",16:45,Monstrrro,заказ,атлична -,Аниме,,,
"3) Yuki Kajiura — At Our Parting [16 OST, Sword Art Online / Мастера Меча Онлайн]",23:50,Monstrrro,заказ,атлична -,Аниме,,,
"4) Yuki Kajiura — Gracefully [28 OST, Sword Art Online / Мастера Меча Онлайн]",27:55,Monstrrro,заказ,хорошечно+,Аниме,,,
"5) Yuki Kajiura — We Have to Defeat It [15 OST, Sword Art Online / Мастера Меча Онлайн]",33:40,Monstrrro,заказ,хорошечно+,Аниме,,,
"6) Yuki Kajiura — Luminous Sword [19 OST of Asuna, Sword Art Online / Мастера Меча Онлайн]",38:10,Monstrrro,заказ,атлична - -,Аниме,,,
"7) Yuki Kajiura — A Tender Feeling [22 OST, Sword Art Online / Мастера Меча Онлайн]",45:35,Monstrrro,заказ,атлична-,Аниме,,,
"8) League of Legends Music — Sett, The Boss (League of Legends Champion OST)",55:40,laitsberg,долг,атлична-,Игра,,,
9) Eve×Sou — Whatever whatever whatever {い〜やい〜やい〜や} (cover; Original Neru & z’5),1:03:05,миша три семёры,долг Х2,хорошечно+,,,,
10) The XX — Intro (long version),1:13:10,sniffd,долг,хорошечно+ (залупленное+) ,,,,
"11) Takanashi Yasuharu — SHI-KI [22 OST, Shiki / Усопшие]",1:23:15,LordGenocide,долг Х2,хорошечно+,Аниме,,,
"12) League of Legends Music — Gwen, The Hallowed Seamstress [League of Legends Champion OST]",1:35:35,laitsberg,долг,гениально - -,Игра,,,
13) BURNOUT SYNDROMES — Hikariare {ヒカリアレ} [1 Opening Haikyu!! 3rd Season / Волейбол!! 3],2:06:35,Ren0ske,долг,атлична+,Аниме,,,
14) COALAMODE. — Nanairo Symphony [2 Opening Your Lie in April / Твоя апрельская ложь],2:17:50,Kotoura914,долг Х2,хорошечно ++,Аниме,,,
"15) League of Legends Music — Caitlyn, The Sheriff of Piltover [League of Legends Champion OST]",2:32:30,laitsberg,долг,хорошечно ++,,,,
16) Jina Hyojin An & Paul Dinletir — Obscurity (Epic Orchestral Music),2:46:25,Alan008,долг Х2,атлична-,,,,
"17) Maeda Jun & Yanagi Nagi — Kimi to iu shinwa [1 Opening The Day I Became a God / День, когда я стала богом]",2:59:05,AndrLord,долг,атлична-,Аниме,,,
18) Daisuke Ishiwatari — Just Lean (Johnny Theme) [Guilty Gear Strive OST),3:13:35,Винсон,долг Х2,атлична+,,,,
19) Chris Christodoulou — Antarctic Oscillation [Risk of Rain 2],3:31:20,Rom1o,долг,атлична,Игра,,,
20) Hoshimachi Suisei —  Michi Dzure {みちづれ},3:43:40,Madao,долг,атлична+,,,,
21) Маша Распутина — Льется музыка (1991),3:51:40,Oldfanmusic,донат,,,,,
22) Electric Light Orchestra — Sweet Talkin' Woman (Audio),4:12:05,Alan008,долг Х2,гениально,,,,
23) Rosemary Fairweather — Chemicals,4:21:55,Чар,долг,атлична-,,,,
24) Paddy And The Rats — Ghost From The Barrow,4:32:25,Sealong Keeper,долг Х2,хорошечно++,,,,
25) Queen — The March of The Black Queen (Official Lyric Video),4:43:50,Static_Streams,долг,атлична,,,,
26) Tatsuya Kitani — Eien {永遠 / I Don't Want Eternity Eternally} [BLEACH: Thousand-Year Blood War / Блич: Тысячелетняя кровавая война],5:02:00,nott_nice,долг Х2,хорошечно++,Аниме,,,
27) Metallica — Bleeding Me,5:11:35,Sendy Polaris,долг,атлична-,,,,
СТРИМ №30 (29.09.24),, ,,,,,,
БЛАГОТВОРИТЕЛЬНЫЙ + ПИВО,, ,,,,,,
"1) Taku Iwasaki — To hell with gattai!!! [OST, Gurren Lagann / Гуррен-Лаганн]",8:55,BloodAlloy,очередь,ну такое+,Аниме,,,
2) Solitaris — Soulswap [Othercide OST],24:30,AnonymousAdomin,очередь,хорошечно,Игра,,,
3) Ling tosite sigure — DISCO FLIGHT,40:00,@amegakiraii,очередь,хорошечно-,,,,
4) DEXCORE — DON'T BE AFRAID,55:50,НеАноним(фанат декскора),очередь,хорошечно-,,,,
5) Mili — Between Two Worlds (Limbus Company OST),1:11:35,@MiracleCUTE,очередь,атлична+,,,,
6) HOYO-MiX feat. Sa Dingding — Dual-Ego [Honkai Impact 3rd OST],1:22:35,@technoturian,очередь,хорошечно+,Игра,,,
7) Harano Oni  — Abnormalize (Cover; Original Ling Tosite Sigure) [1 Opening Psycho-Pass / Психопаспорт],1:32:20,@El_Azatron_Pro,очередь,атлична+ ,Аниме,,,
8) King Gnu — Ichizu {途} [Opening Jujutsu Kaisen 0 Movie / Магическая битва 0. Фильм],1:42:45,@zer0bay,очередь,атлична,Аниме,,,
9) Tommy heavenly6 — PAPERMOON [2 Opening Soul Eater / Пожиратель душ],1:50:50,ddmshbnv,очередь,хорошечно,Аниме,,,
"10) Andrew Underberg, Sam Haft, Christian Borle, Amir Talai & Joel Perez — Stayed Gone [Hazbin Hotel]",2:23:55,@mirzhan_7,очередь,атлична-,,,,
11) Coldrain — We are not alone [1 Opening Rainbow /  Радуга: Семеро из шестой камеры],2:31:30,@Narcis706,очередь,атлична - -,Аниме,,,
12) Girls' Generation — I Got a Boy,2:41:35,Kanashy Girl,очередь,ну такое+,,,,
13) KANKAKU PIERO — Haruka Mirai last page. (original edit ver.) [1 Opening Black Clover / Чёрный клевер],2:52:25,@beznadejnyi,очередь,хорошечно+,Аниме,,,
14) Citizen Soldier — Bedroom Ceiling (Official Lyric Video),3:02:10,@gollygoll,очередь,атлична+,,,,
15) Rihanna — Same Ol' Mistakes (Cover),3:11:35,Zark,очередь,ну такое,,,,
16) Hollywood Undead — Lion (Official Lyric Video),3:28:25,@JigsawFaIIingIntoPIace,очередь,хорошечно + (horoshechno +),,,,
"17) Makoto Yoshimori —  Russiano Youjinbou {Russian Bodyguard} [OST, Durarara!! / Дюрарара!!]",3:37:45,sonyasha,очередь,атлична+ ,Аниме,,,
18) Арктида — Валашский князь,4:07:35,@borzoi_dog,очередь,хорошечно-,,,,
19) PASTEL GHOST — Iris,4:20:00,@Cantttsay,очередь,атлична-,,,,
20) Kikuo feat. Hanatan — Ponkotsu no Ningyou no Uta ,4:28:00,@nagisevych,очередь,атлична (12 бурлящих животов из 10),,,,
21) System Of A Down — Streamline [Царь Скорпионов OST],4:37:25,@ob4elkanej,очередь,атлична - -,Фильм,,,
22) UNISON SQUARE GARDEN — Chaos ga Kiwamaru {カオスが極まる} [1 Opening Blue Lock / Синяя тюрьма: Блю Лок],4:45:15,@frost_dear,очередь,хорошечно+,Аниме,,,
"23) Kevin Penkin — Pathway {Goodbye My Friend} [OST, Made in Abyss / Созданный в Бездне]",4:56:50,ziksp,очередь,атлична+,Аниме,,,
24) HOYO-MiX — Rondo Across Countless Kalpas [Honkai: Star Rail OST],5:03:55,@July_10th,очередь,атлична+,Игра,,,
25) HYADAIN —  Hyadain no Joujou Yuujou {ヒャダインのじょ—じょ—ゆ—じょ} [2 Opening Nichijou / Мелочи жизни],5:11:15,@MuskatniArex,очередь,атлична,Аниме,,,
26) 385 —  nomiso araou {脳みそあらおう},5:20:00,@quarzum,очередь,ПМС МЕТАЛ+,,,,
"27) Evan Call — Zoltraak [OST, Sousou no Frieren / Провожающая в последний путь Фрирен]",5:32:05,EpicFire,очередь,атлична+,Аниме,,,
28) Skillet — Whispers In The Dark (Official Video),5:38:40,@MaslenokVkusniy,очередь,атлична,,,,
29) VoicePlay — Oogie Boogie's Song (The Nightmare Before Christmas; A Cappella Cover),6:05:50,Aleksandr Voronin,очередь,атлична+,,,,
30) Sayuri — Moon & Bouquet {月と花束} [1 Ending Fate/Extra: Last Encore / Судьба/Дополнение: Последний вызов на бис],6:14:50,Toxexex,очередь,хорошечно (сведение - КРИНЖ),Аниме,,,
"31) Max Raabe, Palast Orchester — Der Sommer",6:28:15,@dinoprinz,очередь,атлична,,,,
32) Camellia & Akira Complex — Reality Distortion,6:34:20,@aurabellafiora1,очередь,хорошечно+,,,,
33) Валентин Стрыкало — 92 (audio),6:46:50,@Yazaebalsyaaaaaaaa,очередь,хорошечно+,,,,
34) フリ-BGM アンニュイ — Paper City,6:53:25,@FilPedo,очередь,хорошечно-,,,,
35) Yoriko — DAIA no Hana [1 Opening Black Cat / Чёрный кот],7:03:00,@ButDarya,очередь,хорошечно,Аниме,,,
36) HOYO-MiX — A Dramatic Irony [Honkai: Star Rail OST],7:08:30,@Alexandr3336,очередь,хорошечно- (ВИВАЛЬДИ СВОРОВАЛИ!!!),Игра,,,
37) BL8M & RUBYEYE — Ruler of My Heart (R O U N D 5 ｜ Alien Stage),7:15:20,Zoddi,очередь,атлична-,,,,
38) Rammstein — Waidmanns Heil (Official Lyric Video),7:23:05,Sendy Polaris,очередь,хорошечно+,,,,
"39) Yuki Hayashi — You Say Run! [OST, Boku no Hero Academia / Моя геройская академия]",7:31:40,@Daksio,очередь,хорошечно+,Аниме,,,
40) Hollow Knight OST — City of Tears,7:40:40,FiLiUM,очередь,атлична,,,,
"41) Aki Toyosaka, Tsugumi Kotobuki, Ritsu Tainaka, Mio Akiyama — Don't Say Lazy [1 Ending K-On! / Кэйон!]",7:48:05,Madao,очередь,хорошечно+,Аниме,,,
42) Tsumikusa feat. Hatsune Miku — Dainashi ni Nacchatta {台無しになっちゃった },7:57:30,eurodance_with_cat,очередь,атлична-,,,,
43) Dracondaz — Сказ о принцессе {Tale of a Princess},8:05:45,@nikitaivashin,очередь,хорошечно- (идея - атлична+),,,,
44) Ariabl'eyeS — Kegare naki Bara Juuji,8:12:50,@MoSKAT228,очередь,хорошечно-,,,,
45) Rok Nardin — The Mad Queen,8:28:20,@Viktar_D,очередь,хорошечно+,,,,
СТРИМ №29 (28.09.24),, ,,,,,,
"1) Константин Завалин — Мама, я хочу Пикачу!!! (Live)",11:45,50 50,донат,атлична- (МАМАЯХАЧУПИКАЧУ+ ),,,,
2) Imelda May — Levitate,21:30,Враг тишины,долг,атлична,,,,
3) Sayuri — Sanketsu-girl {酸欠少女},32:45,Monstrrro,донат,атлична,,,,
4) МОТОГОНКИ — ЛИХОЛЕСЬЕ (Музыка Лета),46:50,Шкелет в лесу,долг Х2,хорошечно (с хмммммммммммммммммм),,,,
5) UVERworld — Colors of the Heart [3 Opening Blood+ / Кровь+],1:05:25,Cherfrish,донат,хорошечно+,Аниме,,,
6) Daft Punk — Around The World (Official Music Video Remastered),1:13:15,sniffd,долг,атлична,,,,
7) Radiohead — Knives Out,1:26:35,Враг тишины,донат,хорошечно+,,,,
8) HALLEY HARD SOUND UNIT — Excavation of Asphodel Meadows,1:37:05,Napporaivo,долг Х2,хорошечно+,,,,
9) PSY — GANGNAM STYLE {강남스타일} ,1:54:05,50 50,донат,атлична (вместе с клипом и хайпом и мемом = гениально),,,,
10) Blaue Blume — Sky,2:24:10,Враг тишины,долг,атлична+,,,,
11) Rolling Quartz — Azalea {진달래꽃},2:34:50,laitsberg,донат,ну такое,,,,
12) Grimes — Flesh without Blood,2:46:15,ayl1es,долг,хорошечно+,,,,
13) FLOW & GRANRODEO — Howling [1 Opening The Seven Deadly Sins: Revival of the Commandments / Семь смертных грехов 2],2:58:50,Cherfrish,донат,атлична-,Аниме,,,
14) Stray Kids — LALALALA {락 / 樂} ,3:08:00,Anonymous,долг,атлична,,,,
15) Верка Сердючка — Все будет хорошо {Everything Will Be Alright},3:19:15,50 50,донат,ВСЕ БУДЕТ ХОРОШО+,,,,
16) Kikuo ft. Tone Rion — Pokkan Color {ぽっかんカラ},3:28:00,Madao,долг,атлична-,,,,
17) Maxim_Nikov — LO-FI RAIN AND CHILL,3:36:40,Maxim_Nikov,донат,хорошечно - ,,,,
18) Rick Astley — Never Gonna Give You Up (Official Music Video),3:49:10,sniffd,долг,гениально-,,,,
19) Алла Пугачёва — Арлекино {Harlequin} (1976г.),4:10:35,50 50,донат,гениально- (ААААААААААА),,,,
20) Marcus Warner — Tokyo Rain (Official Audio),4:21:10,Colibrium,долг,гениально-,,,,
21) Diablo Swing Orchestra — Guerilla laments,4:31:10,Враг тишины,донат,гениально-,,,,
22) Laur — Galaxxxxy Train,4:44:00,alex7kom,долг,атлична+,,,,
23) Агата Кристи — Опиум для никого {Opium for no one},4:56:40,50 50,донат,хорошечно+,,,,
24) DEXCORE — Red Eye,5:13:15,НеАноним(фанат декскора),долг,атлична+,,,,
25) BAD OMENS — Just Pretend (Official Music Video),5:25:05,Игорь К.,донат,атлична,,,,
26) Yuri — Heart 111 {ハ—ト111},5:34:45,alex7kom,долг,атлична-,,,,
"27) Tracy W. Bush, Victor Crews, Derek Duke, Jason Hayes, Glenn Stafford — Orc Theme [Warcraft 3 Soundtrack]",5:39:25,50 50,донат,атлична-,Игра,,,
28) DEXCORE — THE LIGHT,6:06:30,НеАноним(фанат декскора),долг,атлична,,,,
"29) Florent Mothe, Camille Lou & Charlie Boisseau — Si Je te promets (Images extraites de la captation du DVD - La légende du Roi Arthur)",6:15:15,Игорь К.,донат,атлична,,,,
30) Gawr Gura — REFLECT,6:31:05,alex7kom,долг,атлична+,,,,
"31) Tracy W. Bush, Victor Crews, Derek Duke, Jason Hayes, Glenn Stafford — Human [Warcraft 3 Soundtrack]",6:40:20,50 50,донат,атлична-,Игра,,,
32) Recycle — Bear Me The Light [Painkiller OST - Town Fight Cover],6:52:50,Lazlos,долг,хорошечно+,Игра,,,
33) AKADO — DARKSIDE (Official Music Video),6:59:30,Игорь К.,донат,хорошечно,,,,
34) DEXCORE — Self-Hatred,7:08:35,НеАноним(фанат декскора),долг,хорошечно+,,,,
35) Ado — Kawaikute Gomen (Cover) {可愛くてごめん},7:30:05,Mich,донат,атлична-,,,,
36) HOYO-MIX feat. Yu-Peng Chen — Duel in the Mist  [Inazuma OST Battle Theme OST; Genshin Impact],7:39:15,Летта,долг,атлична,Игра,,,
37) Rolling Quartz — Fearless,7:47:50,laitsberg,донат,атлична -,,,,
"38) Shiro Sagisu — Blood and Guts (closing credits) [19 OST, Berserk Golden Age Arc I / Берсерк: Золотой век I — Бехерит властителя]",7:55:10,Alan008,долг,гениально-,Аниме,,,
39) yansobakin — Red Hot Chili Peppers x Князь Владимир OST,8:06:05,sniffd,донат,\\\\\\\\\\\\\\\\\\\\\\\\\\\\\\\\\\\\\\\\\\\\\\\\\\\\\\\\\\\\\,,,,
40) Chikoi The Maid & Kichi — Collaberated Demo,8:13:10,bibiboy,долг,ну такое+,,,,
"41) League of Legends Music ft. Laura Vall — Aphelios, The Weapon of the Faithful  [League of Legends Champion Theme]",8:26:50,laitsberg,донат,атлична,Игра,,,
42) Michael Giacchino — The Master of the Mystic End Credits [Doctor Strange / Доктор Стрэндж],8:34:25,Alan008,долг,ну такое+ (стрейнджеркор+),Фильм,,,
43) Metallica — Fade To Black (Remastered),8:44:00,Sendy Polaris,донат,атлична -,,,,
43.5) Импровизация создания музыки от Faryma.composer #1,9:00:50,Faryma.composer,,ГЕНИАЛЬНО,,,,
СТРИМ №28 (26.09.24),, ,,,,,,
ДОЛГОВОЙ,, ,,,,,,
"1) Goo Goo Dolls — Iris [OST, City of Angels / Город ангелов]",1:30,Мистер Уэст,долг,атлична+,Фильм,,,
2) NOCTURNAL BLOODLUST — Thank You,12:00,Nemu,долг Х2,хорошечно+ (ястреб-),,,,
3) Ayanga & HOYO-MIX — Regression [Honkai Impact 3Rd Theme Song],24:35,ДокухэбиТатсу,долг,атлична,Игра,,,
"4) Nana Mizuki — Beyond the BLADE [OST, Symphogear GX / Песня боевых принцесс: Мехасимфония 3]",33:45,Jander,долг Х2,хорошечно,Аниме,,,
5) SEKAI NO OWARI — The Peak {最高到達点} [25 Opening One Piece / Ван-Пис / Большой куш],49:25,Мистер Уэст,долг,гениально -,Аниме,,,
6) Judy And Mary — Sobakasu {そばかす} (LIVE) [1 Opening Samurai X / Бродяга Кэнсин],58:50,Nighter Specter,долг Х2,хорошечно,Аниме,,,
7) Linked Horizon — Shoukei to Shikabane no Michi [1 Opening Shingeki no Kyojin Season 3 Part 2 / Атака титанов 3. Часть 2],1:12:10,Alan008,долг,ну такое+,Аниме,,,
8) UNISON SQUARE GARDEN — Sugar Song to Bitter Step {シュガ—ソングとビタ—ステップ} [1 Ending Kekkai Sensen / Фронт кровавой блокады],1:27:40,kumashisan,долг Х2,атлична,Аниме,,,
9) Akatsuki Records — Black Mirror On The Wall,2:03:30,Art,долг,атлична-,,,,
10) KANON69 — Anti-Queen of Hearts,2:15:00,Yun,долг Х2,атлична+,,,,
11) Monoral — Kiri [1 Opening Ergo Proxy / Эрго Прокси],2:25:20,Tomily,долг,гениально - -,Аниме,,,
12) Andain — Beautiful Things (Gabriel & Dresden Radio Edit),2:34:35,Lumi,долг Х2,атлична-,,,,
13) Bring Me The Horizon — Throne,2:44:50,JustD,долг,хорошечно,,,,
14) Harmony Team — Hikaru Nara (光るなら) (7 People Chorus; RUS cover) [1 Opening Your Lie in April / Твоя апрельская ложь],2:52:10,LordGenocide,долг Х2,хорошечно+,Аниме,,,
15) Hello Sleepwalkers — Goya no Machiawase {午夜の待ち合わせ} [1 Opening Noragami / Бездомный бог],3:06:15,Cybrex,долг,атлична,Аниме,,,
16) Nero's Day at Disneyland — Child Protective Services Theme Song,3:14:05,mister_flicker,долг Х2,хорошечно (неопределенное),,,,
17) Григорий Лепс — Рюмка водки на столе,3:19:50,Momonga,долг,гениально -,,,,
"18) Павел Пламенев — Шаг в темноту (с дополнениями и изменениями от Павла Пламенева) [Рок-опера ""Орфей""]",3:27:45,Widupi,долг Х2,ну такое,,,,
18.5) Собственная песня Faryma.composer #2 (Одна из первых композиций),3:40:10,Faryma.composer,,,,,,
19) King Gnu — Doron {どろん} [Ending Stolen Identity 2 / Украденная личность 2],3:46:00,Cybrex,долг,атлична,Фильм,,,
20) MORGENSHTERN — КЛИП ЗА 10 ЛЯМОВ {CLIP FOR 10 MILLIONS},3:53:35,dzahaines,долг Х2,ну такое (гениально за идею),,,,
СТРИМ №27 (23.09.24),, ,,,,,,
ДОЛГОВОЙ,, ,,,,,,
1) MAN WITH A MISSION feat. TAKUMA — database  (10-FEET) [1 Opening Log Horizon / Покорение горизонта],7:35,laitsberg,долг,хорошечно+,Аниме,,,
2) Chance Ball! — Haikyu!! Manga Edit [Волейбол!!],18:25,Livanov,долг Х2,атлична,Аниме,,,
3) Dance Gavin Dance — Summertime Gladness (Official Music Video),26:10,Hedor0u,долг,атлична,,,,
4) Karen Aoki & Daisuke Hasegawa — Great Days [1 Opening Невероятное приключение ДжоДжо: Несокрушимый алмаз],35:45,Anonymous,долг Х2,атлична,Аниме,,,
5) THE ORAL CIGARETTES — Dream In Drive [Opening game - SCARLET NEXUS],45:20,laitsberg,долг,атлична-,Игра,,,
6) Radiant Records —  Сделай нам машину (DAGames - Build Our Machine RUS cover) [Radiant],56:30,CodyBrody,долг Х2,ну такое (хорошечно треку),Игра,,,
7) Fall Out Boy — The Last of the Real Ones (Fate/Grand Order AMV),1:07:00,AndrLord,долг,атлична+,,,,
8) Reol feat. Kagamine Len — Plus Boy {Plus Danshi},1:19:00,MuskatniArex,долг Х2,хорошечно+,,,,
9) MAN WITH A MISSION — Dark Crow [2 Opening Vinland Saga / Сага о Винланде],1:26:25,laitsberg,долг,атлична,Аниме,,,
10) The GazettE — SONO KOE WA MOROK {その声は脆}  (Его голос слабый),1:39:55,BIBIKALO,долг Х2,атлична-,,,,
11) Ado — Eien No Akuruhi {永遠のあくる日} ,2:01:40,Madao,долг,атлична,,,,
12) Roselia — Neo-Aspect,2:12:00,amnes1a,долг Х2,атлична,,,,
13) Слава КПСС & Паша Техник — Обоссаные Дыни (ПРЕМЬЕРА 2023),-,ayl1es,долг,ДЫНЯ 🍈 + ,,,,
14) Daft Punk — Contact (Official Audio),2:25:50,meganekka,долг Х2,ну такое+,,,,
15) HOYO-MiX — Saltatio Favillae [Genshin Impact OST],2:37:10,oppux,долг,атлична,Игра,,,
16) coldrain feat. Ryo from Crystal Lake — MAYDAY  [2 Opening Fire Force / Пламенная бригада пожарных],2:44:30,GeNoZa,долг Х2,атлична,Аниме,,,
17) Kinuko Ohmori — Konya wa Hurricane {There's a Hurricane Tonight} [Opening Bubblegum Crisis / Кризис каждый день],2:52:05,BlackFlame,долг,атлична-,Аниме,,,
18) LORNA SHORE — To the Hellfire (OFFICIAL VIDEO),3:00:40,Lazlos,долг,отрыжка+ (для жанра: атлична-),,,,
19) The Epic Of Zektbach — Ristaccia,3:12:45,Karetsi,долг Х2,атлична + ,,,,
20) JAWS— VORTEX [1 Opening Link Click Season 2 / Агент времени 2],3:19:45,Мимокрокодил,долг,гениально -,Аниме,,,
21) Nomy — Time w/lyrics,3:27:45,1speqller,долг Х2,хорошечно+,,,,
22) Michael Jackson — Smooth Criminal (Official Video),3:37:55,Momonga,долг,гениально -,,,,
"23) Kevin Penkin — Nanachi in the Dark [OST, Made in Abyss / Созданный в Бездне]",3:46:25,Папапалка,долг Х2,атлична,Аниме,,,
СТРИМ №26 (21.09.24),, ,,,,,,
1) MY FIRST STORY feat. Sayuri — Dawn {レイメイ} [1 Opening Golden Kamuy 2nd Season / Золотое божество 2],19:50,Monstrrro,донат,атлична+ (АУФ),Аниме,,,
2) XHz Official feat. Anyar — Refuge ,44:05,laitsberg,долг,хорошечно+,,,,
3) Kanye West — Flashing Lights,1:00:05,Мистер Уэст,долг,хорошечно++,,,,
"4) Ado — Backlight {逆光} (ПОВТОР: Стрим №12, ""долг"" от Mich за 650р) [UTA from One Piece Film: Red / Ван-Пис: Красный] ",1:13:05,Klimegor,повтор,атлична+,Аниме,,,
5) Caravan Palace — Lone Digger (Official MV),1:29:10,Летта,долг,гениально-,,,,
6) Lacrimosa — Sapphire,1:39:10,Враг тишины,донат,ну такое+ (в рамках жанра: хорошечно+),,,,
7) Kanye West — On Sight (Visualizer),2:16:10,Мистер Уэст,долг,ну такое+ (забавное),,,,
7.5) Bradley Hall — EVERY Metal Genre In A Nutshell,2:24:05,Faryma.composer,,смешно и познавательно,,,,
8) BAND-MAID — Don’t you tell ME (Official Live Video),2:27:35,MetalheadSanya,донат,хорошечно+,,,,
"9)  Monster Siren Records, Adam Gubman & Aretha Scruggs — Thorns In You [Arknights EP]",2:39:10,Винсон,долг,атлична-,Аниме,,,
10) Sayuri  — Mikazuki {ミカヅキ}  [1 Ending Ranpo Kitan: Game of Laplace / Загадочные истории Рампо: Игра Лапласа],2:53:30,Monstrrro,донат,атлична-,Аниме,,,
11) Alohaii feat. kyOresu — Here We Go,3:03:05,alex7kom,долг,хорошечно+,,,,
12) DEAN FUJIOKA — History Maker [1 Opening Yuri!!! on Ice / Юри на льду],3:11:10,sniffd,донат,атлична - -,Аниме,,,
13) N. Storey — ReReReRegulus! (Reverse: 1999),3:23:55,Винсон,долг,гениально-,,,,
14) BAND-MAID — Manners (Live),3:35:20,MetalheadSanya,донат,атлична- ,,,,
15) BAND-MAID — BLACK HOLE (Live),3:46:15,MetalheadSanya,донат,хорошечно,,,,
16) Kanye West — Jesus Walks,4:12:25,Мистер Уэст,долг,гениально - -,,,,
"17) Akito Matsuda — Song of One Year {年の詩 Hitotose no Uta} [OST, Hibike! Euphonium 3 / Звучи, эуфониум! 3]",4:21:15,Madao,донат,гениально,Аниме,,,
18) Inugami Korone — Trouble Wan der!,4:33:55,alex7kom,долг,атлична (ЯСАБАКАТЫСАБАКА),,,,
19) Imperial Circus Dead Decadence — Uta {謳},4:42:40,Lathel,донат,атлична-,,,,
20) Skillet — Hero (Official Video),4:59:40,Alexeyorik,долг,атлична+,,,,
21) Red Hot Chili Peppers — Dark Necessities,5:09:40,Мистер Уэст,донат,атлична,,,,
22) Bring Me The Horizon — Follow You (Official Video),5:19:35,JustD,долг,атлична+,,,,
"23) (K) NoW_NAME — Catastrophe [OST, Fairy Gone / Закат эпохи фей]",5:27:50,laitsberg,донат,хорошечно,Аниме,,,
"24) Shiro Sagisu feat. Hazel Fernandes — Number One {Bankai} [OST, Bleach: Thousand-Year Blood War / Блич: Тысячелетняя кровавая война]",5:39:05,pavel_artf,долг,атлична,Аниме,,,
25) BAND-MAID — influencer (Official Music Video),6:04:55,MetalheadSanya,донат,атлична,,,,
26) Houshou Marine — How About PaiPai Mask? {パイパイ仮面でどうかしらん ？} ,6:14:25,alex7kom,долг,хорошечно+,,,,
27) Shinde — МЕЙДКОР,6:24:15,Shinde,донат,ну такое (хорошечно как любители),,,,
28) Skraeckoedlan — Kung mammut,6:39:30,FireFox,долг,хорошечно -,,,,
29) BAND-MAID — The Dragon Cries (Official Music Video),6:57:50,MetalheadSanya,донат,хорошечно-,,,,
30) Sati Akura — Be a flower (Cover на русском) [1 Opening Kusuriya no Hitorigoto / Монолог фармацевта],7:09:50,homik,долг,атлична,Аниме,,,
31) Theatre of Tragedy — Begin & End,7:20:50,Klimegor,донат,ну такое,,,,
32) sokoninaru — Tenohira De Odoru,7:30:45,НикОлай SlightSmile,долг,хорошечно - -,,,,
33) Electric Callboy — WE GOT THE MOVES (OFFICIAL VIDEO),7:44:30,MetalheadSanya,донат,атлична+,,,,
34) Chikoi The Maid — Reflection,7:50:25,toxec129,долг,хорошечно - -,,,,
35) Käärijä — Cha Cha Cha (Official Music Video),8:11:30,Klimegor,донат,атлична,,,,
"36) Symphony of Eva — Ikari Shinji's theme (live piano concerto version) [OST, Евангелион / Neon Genesis Evangelion]",8:17:00,Sheruka,долг,гениально,Аниме,,,
37) Abney Park — Steampunk Revolution,8:26:45,MetalheadSanya,донат,атлична-,,,,
38) Stilverlight — One Night Before The Winter (audio),8:34:40,Kalager,долг,атлична-,,,,
39) Baby Lasagna — Rim Tim Tagi Dim (Official Video),8:45:05,Klimegor,донат,атлична-,,,,
40) Vylet Pony — Creature City,8:54:25,Вешалка,долг,хорошечно+,,,,
41) Linkin Park — Waiting For The End (Official Music Video),9:06:45,JustD,донат,атлична+,,,,
СТРИМ №25 (19.09.24),, ,,,,,,
ДОЛГОВОЙ,, ,,,,,,
"1) Smash Mouth — All Star [OP, Shrek / Шрек]",00:00,JustD,долг,атлична+,Фильм,,,
2) KAMIJO — Behind The Mask,5:05,Nemu,долг Х2,хорошечно+,,,,
"3) Glee Cast — Cough Syrup (Full Performance + Scene, 3x14)",22:50,Игорь К,долг,атлична+,,,,
"4) Fujifabric — Rakuen [OP 1, Dr. Stone 2nd Season / Доктор Стоун 2]",33:40,kumashisan,долг Х2,хорошечно+,Аниме,,,
"5) Mili feat. KIHOW from MYTH & ROID — In Hell We Live, Lament [OST, Limbus Company]",43:30,AndrLord,долг,хорошечно+,Игра,,,
6) Red Velvet — Psycho,58:30,Kanashy Girl,долг Х2,атлична - -,,,,
7) Noize MC — 26.04,1:09:50,50 50 72,долг,атлична-,,,,
"8) Yokoyama Masaru — Mobile Suit Gundam Iron-Blooded Orphan (OST I) [OST, Gundam: Iron-Blooded Orphans / Гандам: Железнокровные сироты]",1:20:50,bibiboy,долг Х2,гениально-,Аниме,,,
"9) Old Gods of Asgard — The Poet and the Muse [OST, Alan Wake]",1:30:35,Fascinating4Real,долг,хорошечно+,Игра,,,
10) Robyn Adele Anderson & Dave Koz — Careless Whisper (Vintage 1930's Jazz Wham! Cover; Original: Wham!),1:55:10,Шкелет готовит ужин,долг Х2,ну такое+,,,,
11) Hoshimachi Suisei — Phony {フォニイ} (Cover),2:07:45,Madao,долг,"атлична (кавер вокал, музыка: хорошечно+)",,,,
12) M2U feat. Guriri — Marigold,2:18:50,Cybrex,долг,атлична-,,,,
13) tuki. — Hyururirapappa {ひゅるりらぱっぱ},2:29:15,Madao,долг,гениально - -,,,,
"14) Creepy Nuts — DATEN {堕天} [OP 1, Call of the Night / Песнь ночных сов]",2:39:15,Винсон,долг,атлична+,Аниме,,,
15) Gaho & KAVE — Shut Down (Cover; Original: BLACKPINK),2:57:00,laitsberg,долг,атлична+,,,,
16) Bring Me The Horizon — Doomed,3:06:40,JustD,долг,хорошечно+,,,,
"17) XHz Official feat. Sleazybxxch拜仁 — Breathless [OST, Dislyte]",3:19:30,laitsberg,долг,хорошечно,Игра,,,
"18) YOASOBI — UNDEAD [ED 1, Monogatari Series: Off & Monster Season / Цикл историй: Межсезонье и сезон монстров]",3:27:55,Sheruka,долг,атлична-,Аниме,,,
"19) XHz Official feat. ZP大王 & Lambda — The Paean of Taiyi [OST, Dislyte]",3:40:35,laitsberg,долг,гениально,,,,
20) x0o0x_ — / / // / /,3:49:40,Cybrex,долг,хорошечно+,,,,
"21) XHz Official — The Sky [OST, Dislyte]",3:56:30,laitsberg,долг,атлична+,Игра,,,
22) THEODOR BASTARD — Vetvi (Official Video),4:04:45,MuskatniArex,долг,хорошечно+,,,,
СТРИМ №24 (14.09.24),, ,,,,,,
1) Death Grips — I've Seen Footage,20:50,dzahaines,донат,хорошечно-,,,,
"2) Shiro Sagisu — Gods Message (C17) / Dark Defender (C16) / The Anthem (C15) [Concert Live, OST, Evangelion 3.0 / Евангелион 3.0]",29:55,pavel_artf,долг,атлична,Аниме,,,
"3) Megumi Han, Torako Koshi —  Shikairo Days (Why does this fit so well together though) [1 Opening Shikanoko Nokonoko Koshitantan / Моя подруга-олениха Нокотан]",38:35,50 50 72,повтор,клип - гениально в тюрбане,Аниме,,,
"4) HitsujiBungaku — more than words [ED 2, Jujutsu Kaisen 2nd Season / Магическая битва 2]",44:30,FallenSxde,долг,атлична,Аниме,,,
"5) MORGENSHTERN — Eeee (Official Video, 2022)",56:10,dzahaines,донат,хорошечно+,,,,
6) Red Velvet — Umpah Umpah {음파음파},1:03:50,Kanashy Girl,долг Х2,атлична,,,,
7) Kunteynir — Клитор {Clitoris},1:14:45,50 50 72,донат,кринж-контент (идея - хорошо!!!),,,,
"8) Rosa Walton — I Really Want to Stay At Your House [OST, Cyberpunk: Edgerunners / Cyberpunk 2077]",1:26:00,Олег,долг,атлична-,Игра,,,
"9) NANOWAR OF STEEL — Disco Metal (Official Video, Napalm Records)",1:39:55,Dmi_anna_dsgn,донат,атлична- (идея - гениально!),,,,
10) Daddy Discord — dBPony,1:53:35,Алексей Котляр,долг Х2,ну такое+ (сведос подкачал),,,,
11) Анжелика Варум — Городок {Town},2:21:00,50 50 72,донат,атлична+,,,,
12) Bring Me The Horizon — Ludens (Official Video),2:31:15,JustD,долг,хорошечно+,,,,
13) 9Lana — BALALAIKA,2:47:45,Madao,донат,атлична+,,,,
"14) Radiant Records — Highschool of the Dead (Cover, Original: Kishida Kyoudan & The Akeboshi Rockets)  [OP, Школа мертвецов]",3:01:15,Elovir,долг Х2,атлична- (вокал хорошечно),Аниме,,,
15) The Cure — Just Like Heaven,3:12:10,ayl1es,донат,атлична-,,,,
"16) Houshou Marine — Dead Ma'am's Chest {幽霊船戦} (Original Anime MV, Hololive)",3:27:30,alex7kom,долг,атлична-,,,,
17) Noize MC — Вояджер-1 (Официальный клип),3:40:35,50 50 72,донат,атлична-,,,,
"18) meganeko — The Cyber Grind [OST, ULTRAKILL]",4:07:35,Алексей Котляр,долг Х2,хорошечно+,Игра,,,
"18.5) признаки того, что [ДАННЫЕ УДАЛЕНЫ]",4:17:55,dzahaines,донат,[ДАННЫЕ УДАЛЕНЫ] (слезы композера) ,,,,
19) Alexander Zolotov — 8Byte Tales (NightRadio - 8Bit Tales Orchestral Mix in SunVox),4:24:25,LordGenocide,долг,атлична-,,,,
20) Михаил Боярский — Зеленоглазое такси (1988),4:35:30,50 50 72,донат,атлична+,,,,
"21) Christopher Tyng — Futurama Main Theme (2012) [OST, Futurama]",4:47:10,Алексей Котляр,долг Х2,ну такое,,,,
"22) M.O.O.N. — Hydrogen [OST, Hotline Miami]",4:57:00,dzahaines,донат,ну такое (если короче было бы - хорошечно+),Игра,,,
"23) Qian Lei — Here a People Sows Lobby Theme [OST, Arknights]",5:09:25,Винсон,долг,атлична,Игра,,,
24) Oct! — Don't Touch My Clogs,5:19:40,Враг тишины,донат,атлична (идея - гениально!),,,,
"25) Samuel Kim — Before Lights Out (Erwin Charge Theme, EPIC VERSION; Original Sawano Hiroyuki) [OST, Shingeki no Kyojin Season 3 Part 2 / Атака титанов 3. Часть 2]",5:29:55,Serhio_Levi,долг,атлична-,Аниме,,,
"26) Forts, Tiffany Aris, and 2WEI — Still Here (Season 2024 Cinematic) [OST, League of Legends]",5:43:05,Игорь К,донат,гениально-,Игра,,,
27) Camellia — GHOST VS. GHOUL MASHUP,5:51:55,Finvarra,долг,"атлична (отдельные части,  но вообще СМЕРТЬ СТРИМА+)",,,,
28) Symphony of Science — Ode to the Brain!,6:21:10,Враг тишины,донат,хорошечно- (ИТ ИЗ ЗЕ БРЕЙН+),,,,
29) Falling In Reverse — The Drug in Me Is Reimagined,6:28:15,Игорь К,долг,атлична + (гениально - -),,,,
"30) Creepy Nuts — Bling-Bang-Bang-Born (THE FIRST TAKE) [OP, MASHLE: MAGIC AND MUSCLES Season 2 / Магия и мускулы: Экзамен на звание Вестника Бога]",6:45:20,Mister_Flicker,повтор,гениально-,Аниме,,,
31) Владимир Кузьмин — Душа,6:53:15,[Arkstar],долг,атлична,,,,
32) Polyphia feat. Steve Vai — Ego Death (Official Music Video),7:05:15,Игорь К,донат,атлична+ (гениально-),,,,
33) DEXCORE — SKINDEEP (Official Music Video),7:18:00,НеАноним(фанат декскора),долг,"хорошечно+ (7,5 баллов по шкале рихтера)",,,,
34) Autoheart — Gold (Demo),7:29:35,Враг тишины,донат,атлична+ (гениально-),,,,
35) The GazettE — Falling,7:37:00,BIBIKALO,долг,хорошечно+,,,,
36) Ren — Hi Ren (Official Music Video),7:47:10,Игорь К,донат,гениально,,,,
"37) HOYO-MiX feat. Chalili, Hanser & TetraCalyx — Moon Halo [Valkyrie Theme, Honkai Impact 3rd]",8:15:50,Летта,долг,атлична-,Игра,,,
38) Old Caltone — Tolede,8:28:30,Враг тишины,донат,атлична,,,,
"39) Steve Aoki feat. RUNN — Last of Me (Official Music Video) [OST, Arknights]",8:35:55,laitsberg,долг,атлична,Игра,,,
"40) ZAQ — Seven Doors [OP 1, Trinity Seven / Тринити: Семеро магов]",8:41:55,BloodAlloy,донат,атлична,Аниме,,,
41) Ssshhhiiittt! — солнце смеётся {sun is laughing},8:50:30,jogk,долг,хорошечно+,,,,
42) MALICE MIZER feat. Gackt — Syunikiss {二度目の哀悼} (HQ),9:00:30,Враг тишины,донат,атлична,,,,
СТРИМ №23 (12.09.24),, ,,,,,,
ДОЛГОВОЙ,, ,,,,,,
"1) KOKIA — Seirei no Mai {精霊の舞} [OST, Mahoutsukai no Yome / Невеста чародея]",6:05,Finvarra,долг,атлична,Аниме,,,
2) Eslabon Armado & Peso Pluma — Ella Baila Sola,14:50,Elovir,долг Х2,атлична-,,,,
"3) Broods — Taking You There (w/ Visualizer) [OST, Life is Strange: Before the Storm]",21:45,[Arkstar],долг,атлична-,Игра,,,
"4) Angelo Badalamenti — Twin Peaks Theme [OST, Twin Peaks: Fire Walk with Me / Твин Пикс: Сквозь огонь]",29:30,GeNoZa,долг Х2,атлична-,Фильм,,,
5) Camellia — OOPARTS {ΩΩPARTS} [From OWC2020 Standard Grand Final Tiebreaker],52:30,Finvarra,долг,хорошечно+,Игра,,,
"6) Makoto Kawamoto — One Half {1/2} (LIVE) [OP 2, Rurouni Kenshin / Бродяга Кэнсин]",1:11:00,Nighter Specter,долг Х2, хорошечно - (ну такое вокально),,,,
7) MORGENSHTERN — Я ПЫЛЬ {I'M DUST},1:23:45,Dzahaines,долг,ну такое-,,,,
8) MORGENSHTERN & SLAVA MARLOW — СЪЕЛ ДЕДА {ATE GRANDFATHER},1:30:30,Dzahaines,долг,хорошечно как идея,,,,
9) MORGENSHTERN — ЧЕТЫРЕ УКРАИНКИ {FOUR UKRAINIAN GIRLS},1:42:05,Dzahaines,долг,хорошечно+,,,,
10) MORGENSHTERN — Е! БАННАЯ {YEAH! BATHING},1:48:25,Dzahaines,долг,кринж контент+ (В начале смешно),,,,
11) MORGENSHTERN — ОНА - ОНО {SHE IS IT},1:54:00,Dzahaines,долг,ну такое,,,,
12) MORGENSHTERN & Frame Tamer — КРАСНОЕ ВИНО ФРИСТАЙЛ {RED WINE FREESTYLE},2:25:10,Dzahaines,долг,ну такое,,,,
13) MORGENSHTERN feat. SLAVA MARLOW — ДОМОФОН / ЧИЧА {DOOR PHONE / CHICHA},2:30:00,Dzahaines,долг,ну такое+,,,,
14) MORGENSHTERN & Витя АК — РАТАТАТАТА {RATATATATA},2:33:00,Dzahaines,долг,ну такое,,,,
15) MORGENSHTERN — ОПА {OPA},2:36:50,Dzahaines,долг,кринж-контент+ (ФРАЗА В СЕРЕДИНЕ СМЕШНО),,,,
16) MORGENSHTERN — ПОСЛЕДНЯЯ {LAST},2:40:20,Dzahaines,долг,хорошечно+,,,,
"17) Taisei Iwasaki feat. Ai Ninomiya — On My Own [OST, Blood Blockade Battlefront / Фронт кровавой блокады]",2:46:50,Хулиганчег,долг Х2,атлична,Аниме,,,
"18) Survive Said The Prophet — MUKANJYO [OP 1, Vinland Saga / Сага о Винланде]",2:54:30,Летта,долг,атлична+,Аниме,,,
19) Red Velvet — Feel My Rhythm,3:00:00,Kanashy Girl,долг Х2,атлична-,,,,
20) mayonnaise fried chicken — Momiagewo Shakaagewo {モミアゲヲシャカアゲヲ} (Official Video),3:21:10,alex7kom,долг,хорошечно (идея - гениально),,,,
"21) Andrew Prahlow — Travelers (All Instruments Join) [OST, Outer Wilds]",3:32:00,Nighter Specter,долг Х2,атлична-,Игра,,,
22) Androp — Beautiful Beautiful (Official Music Video),3:38:35,Hedor0u ,долг,атлична+,,,,
23) Red Velvet — One Of These Nights {7월 7일},3:51:35,Kanashy Girl,долг Х2,атлична+ (ЭМОШИНА +),,,,
24) cosMo@Bousou-P feat. OTOMACHI UNA & Hatsune Miku — KINOKO on my head!! {キノコの頭!!},4:00:35,alex7kom,долг,"хорошечно+ (жанрово, идея - атлична, но ПЕРЕЯБАБАЙНЕНО)",,,,
"25) Christopher Larkin — Sealed Vessel [OST, Hollow Knight]",4:08:50,Хулиганчег,долг Х2,атлична+,Игра,,,
26) Dunkehalla — I Love Your Lifestyle,4:18:50,wake_light,долг,хорошечно+,,,,
СТРИМ №22 (10.09.24),, ,,,,,,
ДОЛГОВОЙ,, ,,,,,,
"1) Bôa — Duvet [OP 1, Serial Experiments Lain / Эксперименты Лэйн]",1:55,Фыленсуйд,донат,атлична-,Аниме,,,
"2) Jane Zhang — Diva Plavalaguna's Aria [OST, The Fifth Element / Пятый элемент]",9:45,Даян Назипов,долг,атлична,Фильм,,,
3) Thomas Bergersen — That's a Wrap,24:10,Sealong Keeper,долг Х2,атлична (ОБИДНОЕ),,,,
"4) Toshihiko Sahashi & Keiko Ueno — Tema I [OST, Gunslinger Girl / Школа убийц]",49:35,Miura_Ito,долг,гениально-,Аниме,,,
"5) Pay Money To My Pain — Bury [OP 1, One Outs / Один на вылет]",58:15,Astolphik,долг Х2,хорошечно+,Аниме,,,
"6) Monster Siren Records & Steven Grove — Control's Wishes (Lone Trail Boss Theme) [OST, Arknights]",1:08:50,Винсон,долг,хорошечно+,Игра,,,
"7) 2WEI, Louis Leibfried, and Edda Hayes — The Call (Season 2022 Cinematic) [OST, League of Legends]",1:16:10,Alexeyorik,долг Х2,атлична+,Игра,,,
8) Leo/need feat. Kagamine Rin — Lost One no Goukoku,1:24:00,Madao,долг,хорошечно+ (атлична),,,,
9) System of a Down — Chop Suey! (Official HD Video),1:35:45,meganekka,долг Х2,гениально -,,,,
10) Michael Jackson — Earth Song (Official Video),1:45:30,Momonga,долг,гениально,,,,
"11) Ayako Kawasumi — Farewell to My Love [ED 1, Seikai no Senki II / Звёздный флаг 2]",2:12:20,Nighter Specter,долг Х2,атлична+,Аниме,,,
12) Kagamine Len — Nakakapagpabagabag {ダス / Беспокойство} (Original),2:22:30,Немытая мандаринка,долг,хорошечно-,,,,
13) Red Velvet — RBB {Really Bad Boy},2:32:55,Kanashy Girl,долг Х2,хорошечно,,,,
14) Bring Me The Horizon — Parasite Eve (Official Video),2:40:30,JustD,долг,атлична,,,,
15) Dmitriy Ivankov — 07 Phobos,2:51:25,LordGenocide,долг Х2,ну такое-,,,,
"16) Monster Siren Records & Lappy — Der Hexenkönig [OST, Arknights]",3:16:45,Винсон,долг,атлична,Игра,,,
"17) Kevin Penkin — The Rumble of Scientific Triumph [OST, Made in Abyss: Dawn of the Deep Soul / Созданный в Бездне: Рассвет глубокой души]",3:23:25,Папапалка,долг Х2,атлична+,Аниме,,,
"18) Darren Korb — God of the Dead [OST, Hades]",3:31:20,Svd_bb,долг,хорошечно,Игра,,,
"19) Lyn Inaizumi — Counter Strike [OST, Persona 5 Scramble: The Phantom Strikers]",3:43:45,Хулиганчег,долг Х2,атлична,Игра,,,
"20) Origa — Rise [OST, Ghost in the Shell: Stand Alone Complex / Призрак в доспехах: Синдром одиночки]",3:52:25,LordGenocide,долг,атлична-,Аниме,,,
СТРИМ №21 (7.09.24),, ,,,,,,
1) Midge Ure — The Man Who Sold the World (2010 Remaster),11:40,Dzahaines,донат,хорошечно,,,,
"2) Hatsune Miku — Triple Baka (Full Song, LamazeP - REUPLOAD w/subtitles added)",27:45,alex7kom,долг,хорошечно+ ,,,,
3) Masayuki Suzuki — Ultra Snazzy Blues,51:40,Винсон,донат,атлична+,,,,
4) DEXCORE — Savior (Official Music Video),1:09:55,НеАноним,долг Х2,атлична,,,,
5) Inabakumori feat. Kaai Yuki — Lost Umbrella {ロストアンブレラ} ,1:22:35,Dzahaines,донат,хорошечно+,,,,
6) Vylet Pony feat. Namii — Carousel,1:33:40,Вешхкалка,долг Х3💀,атлична+,,,,
"7) Tarantula feat. Kasahara Yuri — Libera Me From Hell (ПОВТОР: 3 стрим, 20 трек от ""Monstrrro"") [OST, Gurren Lagann / Гуррен-Лаганн]",2:11:55,Даян Назипов,повтор,атлична-,Аниме,,,
"8) Yutaka Yamada — Licht und Schatten [OST, Tokyo Ghoul / Токийский гуль]",2:25:25,Alexeyorik,долг,атлична -,Аниме,,,
"9) Carole and Tuesday — Bulldog Anthem (Full) [OST, Carole & Tuesday / Кэрол и Тьюсдей]",2:35:15,Monstrrro,донат,хорошечно- (с контекстом атлична+),Аниме,,,
"10) Marko Vojvodic — Battle [OST, Battle for Wesnoth]",2:48:35,Bruny,долг Х2,хорошечно -,Игра,,,
"11) Christopher Tin — Sogno di Volare {The Dream of Flight} [OST, Civilization VI]",3:00:05,50 50,донат,атлична,Игра,,,
"12) Hiroshi Kitadani — We Go [OP 15, One Piece / Ван-Пис / Большой куш]",3:09:05,Eduardsemenov,долг Х3💀,гениально-,Аниме,,,
"13) ALI feat. AKLO — LOST IN PARADISE (Re-edit ver.) [ED 1, Jujutsu Kaisen / Магическая битва]",3:21:10,Dzahaines,донат,гениально-,Аниме,,,
14) Yukopi feat. Kaai Yuki — Kyoufuu All Back {強風オ—ルバック} ,3:34:20,alex7kom,долг,атлична -,,,,
"15) Piotr Musiał — The City Must Survive (7 стрим, ""долг"" от Otoko, 500р) [OST, Frostpunk]",3:42:20,50 50,повтор,атлична,Игра,,,
16) Onsa Media — Shikiori no Hane {四季折の羽} (Vocaloid RUS Cover; Original: Feryn),4:09:50,Yun,долг Х2,хорошечно- (за текст - ну такое),,,,
17) Kunteynir — В аквапарке,4:25:45,Dzahaines,донат,хорошечно (В АКВАПАРКЕ РЕАЛЬНО ОХ*ЕННО),,,,
18) Skillet — Comatose,4:35:20,Alexeyorik,долг Х3💀,атлична+,,,,
"19) Jamie Christopherson — A Stranger I Remain (Maniac Agenda Mix) [OST, Metal Gear Rising: Revengeance]",4:44:40,50 50,донат,хорошечно,Игра,,,
"20) THE ORAL CIGARETTES — Kyouran Hey Kids!! {狂乱 Hey Kids!!} [OP 1, Noragami Aragoto Season 2 / Бездомный бог: Арагото]",4:51:50,Винсон,долг,гениально-,Аниме,,,
21) Перемотка — Здравствуй {Hello},5:00:50,ayl1es,донат,хорошечно,,,,
22) DEXCORE — Still Alive (Official Music Video),5:12:20,НеАноним,долг Х2,хорошечно+,,,,
"23) Hans Zimmer — Davy Jones Theme Suite [OST, Pirates of the Caribbean: Dead Man's Chest / Пираты Карибского моря: Сундук мертвеца]",5:25:20,50 50,донат,атлична+,Фильм,,,
"24) Sawano Hiroyuki — Koukyoukumikyoku Devil 3Rd-Mov [OST, Blue Exorcist / Синий экзорцист]",5:38:30,Alexeyorik,долг Х3💀,атлична-,Аниме,,,
"25) Lea Salonga — On My Own (720p) [OST, Les Misérables]",5:50:55,Historiker Turquoise,донат,гениально-,Фильм,,,
"26) Lyn Inaizumi — Beneath the Mask [OST, Persona 5]",6:13:30,Винсон,долг,атлична -,Игра,,,
"26.5) доказательства того, что у композера деменция",6:20:35,Dzahaines,донат,ДЕМЕНЦИЯ+,,,,
"27) Harmony Team — Blessed Messiah and the Tower of AI (10 People Chorus, Vocaloid RUS Cover; Original: Akuno-P)",6:27:50,Yun,долг Х2,кринж-контент+ (песня: хорошечно+),,,,
28) Bo en — My Time,6:46:20,Madao,донат,атлична,,,,
"29) Shiro Sagisu — Cometh the Hour [OST, Bleach / Блич]",6:54:45,Alexeyorik,долг Х3💀,атлична+,Аниме,,,
30) BABYMETAL & Electric Callboy — RATATATA,7:04:25,Игорь К,донат,атлична,,,,
31) Reol — MONSTER,7:12:30,Enotishche,долг,атлична+,,,,
32) Satsuki feat. Hatsune Miku & Kasane Teto — Mesmerizer {メズマライザ—},7:21:40,Dzahaines,донат,атлична-,,,,
33) ill.Gates — More Tea,7:29:40,LordGenocide,долг Х2,хорошечно+,,,,
34) Shey Baba — Born Sick {Vertigo},7:39:10,Враг тишины,донат,атлична+,,,,
35) Mili — world.execute(me) (FMV),7:57:00,Винсон,долг,хорошечно+ (текст атлична+),,,,
36) MowtenDoo — Weed-la-Weed (Kill-la-Kill OP Parody),8:06:30,Historiker Turquoise,донат,снуп дог+,,,,
37) Hatsuboshi Gakuen — Koukei {光景},8:11:10,alex7kom,долг,атлична-,,,,
38) Iyowa feat. KAFU — Kyu-Kurarin {きゅうくらりん},8:22:45,Dzahaines,донат,атлична,,,,
39) Luschka — God's Word {カミノコトバ},8:30:20,Винсон,долг,гениально-,,,,
40) Skin — Faithfulness (Radio Mix),8:39:55,Враг тишины,донат,атлична+,,,,
"41) Masashi Hamauzu — Blinded By Light [OST, Final Fantasy XIII]",8:46:40,bibiboy,долг,атлична - -,Игра,,,
42) Eipu feat. Kasane Teto — Atama n Itsu {頭ン痛},8:55:30,Dzahaines,донат,атлична-,,,,
"43) Yoko Kanno — Gravity [ED 1, Wolf's Rain / Волчий дождь]",9:07:50,Miura_Ito,долг,атлична,Аниме,,,
"44) Ikimonogakari — Netsujou no Spectrum {熱情のスペクトラム} [OP 1, The Seven Deadly Sins / Семь смертных грехов]",9:13:25,Monstrrro,донат,атлична,Аниме,,,
45) MIKOTO — Gekka no Uta wa Kage Yori mo Kuroku {月下の唄は影よりも黒く},9:21:30,Sendy Polaris,долг,атлична-,,,,
"46) Coda — BLOODY STREAM [OP 2, JoJo's Bizarre Adventure / Невероятное приключение ДжоДжо]",9:31:05,Momonga,донат,гениально-,Аниме,,,
47) Нейромонах Феофан — До берегу (Official Audio),9:38:40,Baikk,долг,атлична,,,,
"48) Nujabes — Aruarian Dance [OST, Samurai Champloo / Самурай Чамплу]",9:55:20,Dzahaines,донат,хорошечно+,Аниме,,,
"49) FictionJunction — Parallel Hearts [OP 1, Pandora Hearts / Сердца Пандоры]",10:03:10,Sendy Polaris,долг,хорошечно+,Аниме,,,
50) N95 — 80000713G2,10:11:00,Hedor0u,донат,хорошечно+,,,,
51) Antti Martikainen — Terra Sancta (Symphonic Middle Eastern Metal),10:17:40,Максим Мухтаров,долг,хорошечно,,,,
52) Bring Me The Horizon feat. BABYMETAL — Kingslayer (Lyric Video),10:26:15,JustD,донат,атлична,,,,
53) TMABird — Everybody's Circulation (Lyric Video),10:33:10,Алексей Котляр,долг,гениально,,,,
"54) Nujabes feat. MINMI — Who's Theme [OST, Samurai Champloo / Самурай Чамплу]",10:39:05,Dzahaines,донат,атлична-,Аниме,,,
"55) Mili — String Theocracy [Theme Song, Library of Ruina]",10:46:40,Cybrex,долг,атлична+,Игра,,,
56) Brick + Mortar — For Yellow Walls (Remastered),10:54:10,Hedor0u,донат,атлична-,,,,
"57) Katsuhisa Hattori — Main Theme (SnS II Ver) [OST, Seikai no Senki II]",11:01:30,Miura_Ito,донат,хорошечно+,Аниме,,,
"58) Donna Burke — Glassy Sky [OST, Tokyo Ghoul √A / Токийский гуль √A]",11:08:30,AndrLord,донат,гениально-,Аниме,,,
СТРИМ №20 (5.09.24),, ,,,,,,
ДОЛГОВОЙ,, ,,,,,,
1) Original Broadway Cast of Hamilton feat. Renée Elise Goldsberry — Satisfied,19:40 + инфа,Kanashy Girl,долг,атлична -,,,,
2) Sleep — Dragonaut,34:15,A.S.,долг Х2,кринж-контент +,,,,
3) Ado — 0 {ゼロ / Zero},50:10,Mich,долг Х2,хорошечно,,,,
"4) Emiko Shiratori — Tenohira no Yume [ED, Seikai no Senki III / Звёздный флаг 3]",59:50,Nighter_Specter,долг Х3💀,хорошечно+,Аниме,,,
"5) NICO Touches the Walls — Diver (Live) [OP 8, Naruto: Shippuden / Наруто: Ураганные хроники]",1:11:05,Momonga,долг,атлична,Аниме,,,
6) Thomas Bergersen — Rocket to the Moon,1:26:10,Максим Мухтаров,долг Х2,атлична+,,,,
"7) Mayu Maeshima — Long Shot [OP 1, Re:Zero - Starting Life in Another World Season 2 Part 2 / Жизнь с нуля в альтернативном мире]",1:35:35,AndrLord,долг Х3💀,атлична -,Аниме,,,
8) Андрей Губин — Мальчик-бродяга,1:45:20,Momonga,долг,атлична+,,,,
9) Alter Bridge — Show Me A Leader,2:47:30,Максим Мухтаров,долг Х2,атлична,,,,
"10) Paul Romero — Haven Theme [OST, Heroes of Might and Magic V]",3:19:10,Anonymous,долг Х3💀,атлична,Игра,,,
11) Gorillaz — Plastic Beach,3:28:25,Винсон,долг,атлична-,,,,
"12) amazarashi — Kyoukaisen {境界線} [OP 1, 86 Part 2 / Восемьдесят шесть]",3:49:20,k1eo,долг Х2,атлична,Аниме,,,
13) мойра — чёрная стужа (Official Lyric Video),4:07:00,Anonymous,долг Х3💀,хорошечно,,,,
"14) Maximum the Hormone — HAWATARI NIOKU CENTI [ED 3, Chainsaw Man / Человек-бензопила]",4:28:20,Fascinating4Real,долг,атлична-,Аниме,,,
15) КАТТВЕР — Не забывай,4:33:45,КАТТВЕР,долг Х2,ну такое+ (хорошечно-),,,,
16) Vylet Pony — Hush!,4:45:10,Вешхкалка,долг Х3💀,атлична-,,,,
"17) Daisuke Ishiwatari — Symphony (A.B.A Theme) [OST, Guilty Gear Strive]",4:58:45,Винсон,долг,атлична-,Игра,,,
"18) DOES — Donten [OP 5, Gintama / Гинтама]",5:15:05,kumashisan,долг Х2,ну такое+,Аниме,,,
СТРИМ №19 (31.08.24),, ,,,,,,
1) österreich — Munou {無能 / Некомпетентность} [1/2 Opening Tokyo Ghoul √A / Tokyo Ghoul 2nd Season / Токийский гуль √A],13:40,DZAHAINES,донат,атлична-,Аниме,,,
2) Honkai: Star Rail English VAs — White Night (Jake Miller & HOYO-MiX — White Night; Extended Version; Cover) [Honkai: Star Rail OST],00:00,Винсон,долг,хорошечно+,Игра,cover,,
3) Coldplay — Adventure of a Lifetime (Official Video),11:55,50 50,донат,атлична-,,,,
4) Akira Yamaoka — Cradle of Forest {Колыбель леса} [OST; Silent Hill 4: The Room],26:25,[Arkstar],долг Х2,хорошечно - ,Игра,,,
5) Hans Zimmer — Interstellar (Imperial Orchestra; Live) [OST; Interstellar / Интерстеллар],44:55,50 50,донат,атлична (гениально),Фильм,live,,
"6) Imperial Circus Dead Decadence — Fushoku Ressentiment, Fushi Yoku No Sarugakuza. {Fusyoku Ressentiment, Fushiyoku no Sarugakuza / 腐蝕ルサンチマン、不死欲の猿楽座。}",1:03:05,quellcom360,долг Х3💀,хорошечно+,,,,
"7) Asami Seto, Nao Toyama, Tanezaki Atsumi, Maaya Uchida, Yurika Kubo & Inori Minase — Fukashigi No Karte (Сейю: Mai Sakurajima, Tomoe Koga, Rio Futaba, Nodoka Toyohama, Kaede Azusagawa & Shouko Makinohara) [1 Ending Rascal Does Not Dream of Bunny Girl Senpai / Этот глупый свин не понимает мечту девочки-зайки]",1:34:40,Sheruka,долг Х3💀,атлична -,Аниме,,,
8) Satapan P feat. Hatsune Miku & Kasane Teto — TERAE {テラへ / SHOW OFF!} (Vocaloid),1:52:15,dzahaines,донат,атлична (ЯБАБАЙНА 2),,,,
9) Ken Arai — HYPNOTIK [OST; Parasite / Parasyte: The Maxim / Паразит: Учение о жизни],2:01:30,LordGenocide,долг,хорошечно+,Аниме,,,
10) John Williams & Vienna Philharmonic — The Imperial March (Darth Vader's Theme; Live) [OST; Звёздные войны: Эпизод 5 — Империя наносит ответный удар / Star Wars: Episode V — The Empire Strikes Back],2:12:00,50 50,донат,гениально,Фильм,live,,
11) Red Velvet — Dumb Dumb (MV),2:20:20,Kanashy Girl,долг Х2,хорошечно+ (ДАМДАМДАМ),,,,
12) Yoshimasa Terui — Hidden Inventory {Kaigyoku / 懐玉} [OST; Jujutsu Kaisen 2nd Season / Магическая битва 2],2:28:15,dzahaines,донат,атлична- (атвратительна самобытно),Аниме,,,
13) Pedro Silva — World's End Valentine [OST; OMORI],2:34:15,fortchka,долг Х3💀,ну такое +,Игра,,,
"14) Christopher Tin — Brave New World Theme (Opening Menu Music) [OST, Civilization V: Brave New World]",2:42:00,50 50,донат,атлична+,Игра,,,
"15) Tia — Deal with the Devil [OP 1, Kakegurui / Безумный азарт]",2:53:05,Madao,долг,атлична,Аниме,,,
16) Scatman John — Scatman (Ski-ba-bop-ba-dop-bop),3:06:50,50 50,донат,гениально-,,,,
"17) Jonathan Young — Dragonborn (Metal/Rock Cover; Original: Jeremy Soule) [OST, Skyrim]",3:14:20,Enotishche,долг Х2,хорошечно,Игра,,,
"18) 8082 Audio — Headless Guy Singing Scene [OST, Black Myth: Wukong]",3:41:35,dzahaines,донат,атлична,Игра,,,
"19) Tobias Lilja — Prison Toys [OST, Little Nightmares]",3:47:35,JustD,долг Х3💀,гениально-,Игра,,,
"20) Kuusou Mesorogiwi — Mirai Nikki (Full Version) [OP 1, Mirai Nikki / Дневник будущего] (Full Version)",3:54:50,50 50,донат,атлична+,Аниме,,,
"21) Houshou Marine — Uniso  (Original Animation MV, Hololive)",4:04:30,alex7kom,долг,атлична,,,,
"22) Yoshimasa Terui — If I Am With You [OST, 2nd Season Jujutsu Kaisen / Магическая битва]",4:12:40,dzahaines,донат,атлична+,Аниме,,,
"23) Kei Ogura — Aurora no Adagio [ED 4, Ginga Eiyuu Densetsu Gaiden / Легенда о героях Галактики: Сто миллионов звёзд, сто миллионов светил]",4:17:15,Anonymous,долг Х2,атлична-,Аниме,,,
24) SOPOR AETERNUS — We Have a Dog to Exercise,4:26:05,Враг тишины,донат,хорошечно,,,,
"25) Pedro Silva — 125 BREADY STEADY GO [OST, OMORI]",4:39:30,fortchka,долг Х3💀,хорошечно,Игра,,,
26) Иван Дорн — Стыцамэн,4:45:55,dzahaines,донат,хорошечно,,,,
"27) HOYO-MiX — Phantylia the Undying  (All Phase Boss Fight OST) [OST, Honkai: Star Rail]",4:55:20,Летта,долг,хорошечно++,Игра,,,
28) The Used — Choke Me,5:07:10,Hedor0u,донат,атлична,,,,
29) MORE MORE JUMP! — Teammate [OST; Project SEKAI Colorful Stage! feat. Hatsune Miku],5:32:45,Немытая мандаринка,долг Х2,хорошечно+,Игра,,,
"30) Ilan Eshkeri — The Way of the Ghost [OST, Ghost of Tsushima]",5:44:25,dzahaines,донат,атлична,Игра,,,
31) Bring Me The Horizon feat. Dani Filth — Wonderful Life (Lyric Video),5:52:30,JustD,долг Х3💀,атлична,,,,
32) Houshou Marine — I'm Your Treasure Box (Original Anime MV),6:02:05,Madao,донат,гениально- (хорни+),,,,
"33) Kita Shuuhei — Issei no Koe [OP 1, Natsume Yuujinchou / Тетрадь дружбы Нацумэ]",6:15:10,Sendy Polaris,долг,атлична - -,Аниме,,,
34) Эдуард Хиль — Чему учат в школе,6:29:20,dzahaines,донат,"атлична (садись, 5!)",,,,
"35) Imperial Circus Dead Decadence — Misogibarai no Kamiumi wa Notamai, Magabarai no Shokuzai wa Chikau {禊祓の神産は宣い、禍祓の贖罪は誓う}",6:38:00,quellcom360,долг Х2,хорошечно+,,,,
36) 9Lana — Propose {プロポ—ズ / Предложение} (MV),7:03:15,Madao,донат,гениально,,,,
37) DIMMU BORGIR — Progenies Of The Great Apocalypse (LIVE - FORCES OF THE NORTHERN NIGHT),7:18:45,Враг тишины,донат,атлична,,,,
38) Falconshield. feat. Coky RICCIOLINO — Destruction. Rebirth. Perfection. (League of Legends song - Jhin),7:42:05,Алексей Котляр,долг Х3💀,атлична,,,,
39) Kiss — I Was Made For Lovin' You,7:52:20,Momonga,долг,атлична+,,,,
40) Arm's Length — Gallows Humour,8:00:20,Чар,донат,атлична,,,,
"41) Ogura Kei — Song of Farewell {Kansou no Uta} (Live) [ED 3, Legend of the Galactic Heroes / Легенда о героях Галактики]",8:08:15,Nighter_Specter,долг Х2,атлична-,Аниме,,,
42) Гости Гаррисона — Негрони {Negroni},8:21:45,Hedor0u,донат,хорошечно -,,,,
"43) HANATARASH — Anti Satori: Bulldozer Show 1985 (СТРАШНА ВЫРУБАЙ! 0_0, Slideshow)",8:28:50,Elovir,долг Х3💀,ПРОКЛЯТО+,,,,
44) Tiny Moving Parts — Minnow,8:33:20,Чар,донат,хорошечно +,,,,
"45) Basilis Papadopoulos — Overtaken [OST, One Piece / Ван-Пис / Большой куш]",8:41:30,Astolphik,долг,атлична,Аниме,,,
46) KAYZO & BAD OMENS — Suffocate,8:48:35,Hedor0u,донат,атлична+,,,,
47) Б.А.У. — Армия тьмы,8:58:25,Дракон Антон,долг Х2,ну такое+,,,,
48) PSYQUI feat. Such — Hysteric Night Girl (Original Mix),9:10:10,Чар,донат,атлична+,,,,
"49) Edouard Brenneisen — Neeko, the Curious Chameleon (Login Screen) [OST, League of Legends]",9:28:05,Алексей Котляр,долг Х3💀,гениально-,Игра,,,
50) Benjamin Clementine — London,9:37:30,Враг тишины,донат,гениально,,,,
51) Sealong Keeper — Raven's Cry (Собственная композиция #1),9:45:55,Sealong Keeper,долг,атлична,,,,
52) Polkadot Stingray — Telecaster Stripes (Capacity Version),9:52:05,Чар,донат,атлична-,,,,
"53) Akemi — Kid [OP 1, Ginga Eiyuu Densetsu Gaiden / Легенда о героях Галактики: Гайден] ",10:00:05,Nighter Specter,долг Х2,атлична+,Аниме,,,
54) Shintenchi Kaibyaku Shudan: Zigzag — Promise (MV),10:06:30,Hedor0u,донат,атлична-,,,,
"55) SPYAIR — Wadachi {轍} [Theme Song, Film ""Gintama THE FINAL"" / Гинтама: Финал]",10:14:30,AndrLord,долг Х3💀,гениально -,Аниме,,,
"56) Kevin Penkin feat. Takeshi Saito — Hanezeve Caradhina [OST, Made in Abyss / Созданный в Бездне]",10:22:15,Monstrrro,донат,атлична+,Аниме,,,
"57) Christopher Larkin — Hornet [OST, Hollow Knight]",10:28:20,Летта,долг,хорошечно,Игра,,,
"58) amazarashi — Kisetsu ha Tsugitsugi Shindeiku [ED 2, Tokyo Ghoul √A / Токийский гуль √A]",10:35:25,Andrlord,донат,атлична-,Аниме,,,
59) АлисА — Солнце - Иерусалим {Sun - Jerusalem},10:45:05,[Arkstar],долг Х2,хорошечно+,,,,
"60) Coda — Fighting Gold (Creditless FullHD) [OP, JoJo's Bizarre Adventure: Golden Wind]",11:00:50,Враг тишины,донат,атлична,Аниме,,,
СТРИМ №18 (25.08.24),, ,,,,,,
БЛАГОТВОРИТЕЛЬНЫЙ,, ,,,,,,
1) Kashitaro Ito — Shura Nikki {修羅日記} [1 Opening Isekai Shikkaku / Дисквалифицирован по жизни],10:35,@beznadejnyi,очередь,атлична,Аниме,,,
2) Hiroyuki Sawano feat. Laco — FAKEit [OST; Fate/strange Fake: Whispers of Dawn / Судьба/Странная подделка: Шёпот рассвета],23:35,AndrLord,очередь,хорошечно ++,Аниме,,,
3) Sati Akura — INTERNET YAMERO (Aiobahn feat. KOTOKO - INTERNET YAMERO; RUS Cover) [OST; NEEDY STREAMER OVERLOAD / NEEDY GIRL OVERDOSE],33:20,Акума,очередь,хорошечно,Игра,,,
4) Спектакль Джо — Портрет {Portrait},0:00,@YaHakas,очередь,атлична-,,,,
5) STERVELL — Снег в большом городе {Snow in the big city},9:25,@Ploshka23,очередь,хорошечно+,,,,
"6) Murray Gold — The Shepherd's Boy (Series 9; Episode 11, Heaven Sent) [Doctor Who OST]",18:15,@t_mnogobukv,очередь,атлична,Фильм,,,
7) Body Count — No Lives Matter (official video),28:45,@bibiboyss,очередь,ну такое+,,,,
"8) GEMN, Kento Nakajima & Tatsuya Kitani — Fatal {ファタール} [1/2 Opening Oshi no Ko Season 2 / Звёздное дитя 2 / Ребёнок идола 2]",42:15,@userqwass,очередь,гениально -,Аниме,,,
9) Keina Suda — Veil [1 Ending Fire Force / Пламенная бригада пожарных],1:11:05,@se1jatach1,очередь,атлична,Аниме,,,
10) Sawano Hiroyuki feat. TOMORROW X TOGETHER — LEveL [1 Opening Solo Leveling / Поднятие уровня в одиночку],1:19:40,@Rayels66,очередь,хорошечно,Аниме,,,
11) DECO*27 feat. Hatsune Miku — Volt Tackle {ボルテッカー},1:30:35,Акума,очередь,атлична -,,,,
12) Yelzhar — Orchestral Music for Genshin (Genshin Impact AMV),1:40:55,@Yelzhar,очередь,хорошечно,,,,
13) Sleep Token — The Summoning (Lyric Video),2:01:00,@Shakabu1,очередь,хорошечно+,,,,
"14) Marc Straight — Gehrman, The First Hunter [OST, Bloodborne]",2:14:40,@Kirito65,очередь,атлична - ,Игра,,,
15) Ягода — Невольница,2:28:05,@Slovarec,очередь,атлична - -,,,,
16) OOMPH! — Defekt,2:39:25,Часовня Безумия,очередь,джафар - -,,,,
17) Megumi Hayashibara — Give a Reason [1 Opening Slayers Next / Рубаки Некст],2:54:25,@ilyaxa24,очередь,атлична-,Аниме,,,
18) Yuuri — Curtain Call {カーテンコール} [2/13 Opening Boku no Hero Academia 7th Season / Моя геройская академия 7],3:17:00,kumashisan,очередь,атлична,Аниме,,,
19) Hozier — From Eden,3:22:10,@jeffre_q,очередь,атлична -,,,,
"20) Nightwish — The Poet and the Pendulum (Part 1-5, Official Live)",3:29:30,@Sinnot,очередь,атлична,,,,
21) Dream Theater — The Enemy Inside (LYRIC VIDEO),3:48:05,@Forever_temochka,очередь,атлична,,,,
СТРИМ №17 (24.08.24),, ,,,,,,
1) Пающие Трусы — Василёк (Без цензуры),18:35,Monstrrro,донат,хорошечно+,,,,
2) BLUE ENCOUNT — Polaris {ポラリス} [1/6 Opening Boku no Hero Academia 4th Season / Моя геройская академия 4],3:45,Sendy Polaris,долг,атлична,Аниме,,,
"3) Kikuo feat. Hatsune Miku — Aishite Aishite Aishite {Love Me, Love Me, Love Me / 愛して愛して愛して} (Vocaloid)",19:00,Madao,донат,атлична+,,,,
4) Arkstar — Voltage in the Colossus Heart,37:35,[Arkstar],долг Х2,хорошечно-,,,,
5) Король и Шут — Отражение {Reflection},1:04:35,latiaumen,донат,атлична-,,,,
6) Shiro Sagisu — Thanatos (E-13; The Symphony Of Evangelion) [OST; Neon Genesis Evangelion / Евангелион нового поколения],1:42:20,Sheruka,долг Х3💀,атлична+,Аниме,,,
7) Mick Gordon — BFG Division [11 OST; Doom 2016г.],1:53:55,50 50,донат,атлична+ (хорошечно+),Игра,,,
8) Aviators — Masks (Halloween Song | Orchestral Alternative),2:10:05,Sendy Polaris,долг,хорошечно,,,,
9) Jack Wall — Suicide Mission [Mass Effect 2 OST],2:21:00,Historiker Turquoise,донат,хорошечно-,Игра,,,
10) Joe Hisaishi — Princess Mononoke {Mononoke Hime} (Live; Intro) [OST; Princess Mononoke / Принцесса Мононоке],2:35:15,Madao,долг Х2,гениально - -,Фильм,,,
11) Marcin Przybyłowicz & Percival — Sword of Destiny (Main Theme) [The Witcher 3: Wild Hunt OST],2:51:15,50 50,повтор,атлична,Игра,,,
12) Animenz — STYX HELIX (MYTH & ROID - STYX HELIX; Piano Cover) [1 Ending Re:Zero - Starting Life in Another World / Re:Zero. Жизнь с нуля в альтернативном мире],3:00:40,Steinway,долг Х3💀,хорошечно,Аниме,,,
13) АнимациЯ — Штуки (Альбом: Кругом враги),3:11:00,Baikk,донат,хорошечно+,,,,
14) BREATHE — Kimi to Kare to Boku to Kanojo to {君と彼と僕と彼女} [15 Ending Fairy Tail / Хвост феи],3:39:20,Sendy Polaris,долг,атлична-,Аниме,,,
15) Hans Zimmer & Lorne Balfe — Crysis 2 Intro (Menu Music) [Crysis 2 OST],3:50:40,50 50,донат,хорошечно-,Игра,,,
16) Paledusk feat. Masato from coldrain — RUMBLE,3:58:20,Hedor0u,долг,атлична+,,,,
17) SIAMES — The Wolf (Official Animated Music Video),4:12:50,Baikk,донат,атлична,,,,
18) Yuko Miyamura — Kokoro yo Genshi ni Modore ~2012 Version~ {心よ原始に戻れ ～2012 Version～?} (theme for the CR Evangelion 7 pachinko machine) [OST; Neon Genesis Evangelion: Death & Rebirth / Евангелион нового поколения: Смерть и перерождение],4:20:10,Sheruka,долг Х2,хорошечно+,Аниме,,,
19) The Prodigy — Breathe (Evangelion AMV),4:30:25,50 50,донат,хорошечно+,,,,
20) Takemashi — Lisa,4:42:00,Takemashi,долг Х3💀,хорошечно,,,,
21) Masayuki Suzuki feat. Suu — GIRI GIRI [1/3 Opening Kaguya-sama: Love Is War -Ultra Romantic- / Госпожа Кагуя: в любви как на войне 3],4:50:15,Historiker Turquoise,донат,атлична+ (хорошечно+),Аниме,,,
22) Jon Opstad & Paul Haslinger — Celestial Concerto (Main Menu Theme) [Tom Clancy's Rainbow Six Siege: Operation Void Edge OST],5:03:45,Винсон,долг,атлична,Игра,,,
22.5) После перерывная Импровизация от Faryma.composer,5:28:45,Faryma.composer,,,,,,
"23) Paul Romero — Tower (LIVE CONCERT) [OST, Heroes of Might and Magic 3]",5:36:45,Anonymous,донат,хорошечно+,Игра,,,
24) Ado — MIRROR,5:47:30,Mich,долг Х2,хорошечно++ ,,,,
25) Noisestorm — Crab Rave (Monstercat Release),5:55:20,50 50,донат,атлична,,,,
26) LISA — Sea of the Stars [3 Opening Legend of the Galactic Heroes / Легенда о героях Галактики],6:03:55,Nighter_Specter,долг Х3💀,атлична-,Аниме,,,
27) Radiohead — Videotape,6:12:10,andrei,донат,хорошечно,,,,
28) Red Velvet — Zimzalabim {짐살라빔},6:21:25,Kanashy Girl,долг,атлична,,,,
29) Kikuo feat. Hatsune Miku — Hole-Dwelling {Anagura-gurashi / あなぐらぐらし} (Vocaloid),6:28:25,Madao,донат,атлична+,,,,
"30) Evan Call — The Ultimate Price (Не использовалось в аниме, вышло после) [Violet Evergarden: Automemories]",6:41:10,Sheruka,долг Х2,хорошечно+,,,,
31) GRANRODEO — Treasure Preasure [1 Opening Hanma Baki: Son of Ogre / Баки — сын Великана],6:47:05,Baikk,донат,атлична,Аниме,,,
32) Takayuki Hattori & GUNDAM THE ORIGIN feat. yu-yu — Hoshikuzu No Sunadokei [OST; Mobile Suit Gundam: The Origin / Мобильный воин Гандам: Происхождение],7:03:50,Nighter_Specter,долг Х3💀,атлична,Аниме,,,
33) Alesso — Payday [Payday 2 OST],7:13:35,Vins ,донат,атлична-,Игра,,,
34) ryo feat. Hatsune Miku — World is Mine {ワールドイズマイン} (Vocaloid),7:20:35,Акума,долг,хорошечно,,,,
35) Imperial Circus Dead Decadence — Goku {獄},7:31:10,quellcom360,долг Х2,хорошечно++,,,,
36) MetaFora — Капает пиво,7:41:20,Metafora,донат,атлична-,,,,
37) Konomi Suzuki — Realize [1/3 Opening Re:Zero - Starting Life in Another World 2nd Season / Re:Zero. Жизнь с нуля в альтернативном мире 2],7:48:40,Momonga,донат,атлична,Аниме,,,
38) OG_HAN1 — suca demo,7:58:15,OG_HAN1,донат,атлична,,,,
39) Sealon Keeper — Former Glory,8:07:45,Sealong Keeper,донат,атлична-,,,,
40) Mili — Through Patches of Violet [Limbus Company OST],8:15:40,Anonymous,донат,гениально - -,Игра,,,
41) Лидия Чебоксарова — Пантомима (Ф. Медведенко),8:25:35,Historiker Turquoise,донат,атлична,,,,
СТРИМ №16 (04.08.24),, ,,,,,,
АЛКОГОЛЬНЫЙ, , ,,,,,,
1) Дмитрий Биргер — Big Gun (AC/DC - Big Gun; Рокикараоке),18:35,Дмитрий Биргер,донат,"ЭМОЦИОНАЛЬНО, НЕРЕАЛЬНО, В НОТЫ (ИНОГДА)",,,,
2) Houshou Marine & Kobo Kanaeru — III (original anime MV),30:35,Sheruka,долг,гениально -,,,,
"3) Дискотека Авария — Пей пиво! (Официальный клип, 2000)",38:55,Monstrrro,донат,хорошечно,,,,
4) Ado — I’m a Controversy {アタシは問題作},50:00,Mich,долг,атлична ,,,,
5) Валерий Леонтьев — Полет на дельтаплане {Hang-Glider Flight} (1983),1:02:50,ayl1es,донат,атлична+,,,,
6) Anonymouz — River [1/3 Opening Vinland Saga Season 2 / Сага о Винланде 2],1:11:00,Yur4ka,долг,атлична,Аниме,,,
7) Damjan Mravunac — Cathedral [Serious Sam 4 OST],1:22:15,AlexanderMSK,донат,хорошечно+,Игра,,,
"8) Nobuyoshi Suzuki — Ludwig, The Accursed & Holy Blade [Bloodborne: The Old Hunters OST]",1:35:10,Madao,долг,атлична+,Игра,,,
9) Damjan Mravunac — Tunguska [Serious Sam 4 OST],2:06:55,AlexanderMSK,донат,атлична,Игра,,,
10) SYU feat. Tenge Fuyuki — REASON (from GALNERYUS; GUEST VOCAL: Fuki),2:16:00,160бпм,долг,хорошечно,,,,
11) Little Big — I'm OK,2:30:00,Monstrrro,донат,хорошечно+ (атлична+ в контексте),,,,
12) Sherry — Kaze no Fantasia {Fantasia of the Wind} [OST; Record of Lodoss War / Летопись войн острова Лодосс],2:37:55,Yur4ka,долг,,Аниме,,,
13) QUEEN BEE — 01 {ZERO ICHI} [1 Opening Undead Unluck / Нежить и Неудача],2:50:40,FallenSxde,долг Х2,хорошечно,Аниме,,,
14) Mortal Squirt — Спорт и Бухло,3:01:10,AlexanderMSK,донат,ну такое (атлична как идея спорт бухло),,,,
15) ONE OK ROCK — The Beginning [OST; Rurouni Kenshin / Бродяга Кэнсин 2012],3:07:40,Otoko,долг,хорошечно++,Фильм,,,
16) горе и желание — Стадо,3:20:40,Anonymous,долг Х2,Ну такое ++ ,,,,
17) Собственная песня Alex Newton #12,3:32:50,Alex Newton,донат,атлична - -,,,,
18) Sherry — Fantasia of the Wind (English - Complete; BNS Mix) [OST; Record of Lodoss War / Летопись войн острова Лодосс],3:40:35,Yur4ka,долг,хорошечно+,Аниме,,,
19) Aimer — Deep Down [9 Ending Chainsaw Man / Человек-бензопила],3:48:45,FallenSxde,долг Х2,атлична -,Аниме,,,
20) Ленинград — В Питере - пить,3:57:45,Monstrrro,донат,хорошечно - (как идея лайк),,,,
20.1) Общение с чатом и импровизация от Faryma.composer,4:11:50,Faryma.composer,,,,,,
20.2) Общение с зрителями в Discord #1 + Неудачное караоке,4:46:00,Faryma.composer,,,,,,
21) Mnogoznaal — Долины {Valleys},5:18:40,AlexanderMSK,долг,хорошечно+,,,,
"22) A-ha — Butterfly, Butterfly (The Last Hurrah)",5:24:55,Alex Newton,донат,атлична,,,,
23) Daisuke Ishiwatari — Smell of the Game (Opening Theme; With Lyrics) [Guilty Gear Strive OST],5:33:35,Винсон,долг,атлична -,Игра,,,
24) Сергей Наговицын — Сизый,5:44:10,risider,донат,хорошечно-,,,,
25) OxT — HOLLOW HUNGER [1 Opening Overlord IV / Повелитель 4],5:54:40,Momonga,долг,хорошечно + +,Аниме,,,
26) Damjan Mravunac — Boss Fight Strings [Serious Sam 3: BFE OST],6:01:00,AlexanderMSK,донат,хорошечно-,Игра,,,
27) Daisuke Ishiwatari — Ups and Downs (Slayer Theme; With Lyrics) [Guilty Gear Strive OST],6:08:15,Винсон,долг,атлична,Игра,,,
"28) Лидия Чебоксарова & Павел Фахрдинов (Евгений Быков, Алексей Бардин; песня на стихи Маяковского)",6:29:30,Historiker Turquoise,донат,хорошечно+ ,,,,
29) Eve — Raison Detre {Смысл Существования / レーゾンデートル},6:38:05,Svd_bb,долг,атлична - - ,,,,
30) A-ha — Velvet (2000г.) [One Night at McCool’s OST],6:50:00,AlexanderMSK,донат,атлична-,Фильм,,,
31) Daisuke Ishiwatari — Find Your One Way (Sol Theme) [Guilty Gear Strive OST],6:56:45,Винсон,долг,хорошечно+,Игра,,,
32) Tim Buckley — Phantasmagoria in Two,7:07:40,ayl1es,донат,атлична,,,,
33) Jeff Buckley — Grace (Official Video),7:13:10,ayl1es,донат,атлична+,,,,
34) Sakanaction — Shin Takarajima {新宝島} [OST; Bakuman / Бакуман 2015г.],7:22:50,FallenSxde,долг,хорошечно+,Фильм,,,
35) Mnogoznaal — Круг Без Конца {Circle Without End},7:30:30,AlexanderMSK,донат,хорошечно- (если вайб - до гениально),,,,
36) Vylet Pony — i’ve still got something to teach you,7:43:50,Вешхкалка,долг,хорошечно-,,,,
37) Король и Шут — Ели мясо мужики {Men Were Eating Meat},7:57:25,Даяна Цист,донат,атлична,,,,
38) Frederic — oddloop {オドループ },8:02:20,FallenSxde,долг,атлична+,,,,
38.5) Faryma.composer v.2015 (кудри баттл),8:24:25,Faryma.composer,,,,,,
39) Собственная песня Alex Newton #12,8:30:45,Alex Newton,донат,атлична -,,,,
40) Mnogoznaal — Ловец солнца {Suncatcher},8:41:45,AlexanderMSK,донат,хорошечно-,,,,
41) Aimer — Brave Shine [1/2 Opening Fate/stay night: Unlimited Blade Works 2nd Season / Судьба/Ночь схватки: Бесконечный мир клинков 2],8:49:05,Enotishche,долг,хорошечно+,Аниме,,,
42) Игорь Николаев — Выпьем за любовь {Let’s Drink To Love},8:57:40,Monstrrro,донат,хорошечно+,,,,
43) Howard Shore feat. Liv Tyler — The Houses of Healing [OST; The Lord of the Rings: The Return of the King / Властелин колец: Возвращение короля],9:04:55,Дэнетор,долг,хорошечно+,Фильм,,,
44) George Michael — Kissing a Fool (Remastered),9:11:10,Alex Newton,донат,атлична,,,,
45) UNISON SQUARE GARDEN — Chaos ga Kiwamaru {カオスが極まる} [1 Opening Blue Lock / Синяя тюрьма: Блю Лок],9:18:50,Momonga,долг,хорошечно,Аниме,,,
46) Takaya Kuroda — Baka Mitai {ばかみたい} (Kiryu full version) [OST; Yakuza / Якудза],9:25:30,Madao,донат,гениально- (ДАМЭДАМЭ-),Игра,,,
"47) milet, Aimer & Ikuta Lilas — Omokage (THE FIRST TAKE, Produced by Vaundy)",9:33:25,Enotishche,долг,хорошечно + +,,,,
48) Kamagata Eiichi — Jinsei wa Belt Conveyor no Youni Nagareru (Madao Theme) [OST; Gintama / Гинтама],9:40:10,Alex Newton,донат,хорошечно (МАДАО),Аниме,,,
49) ReoNa — Anima (TV Size) [1/2 Opening Sword Art Online: Alicization - War of Underworld 2nd Season / Мастера Меча Онлайн: Алисизация — Война в Подмирье 2],9:44:45,Kabal,долг,хорошечно+,Аниме,,,
49.5) FLOW — Sign (Faryma.composer karaoke version)  [6 Opening Naruto: Shippuuden / Наруто: Ураганные хроники],9:48:40,Faryma.composer,,,Аниме,,,
50) GremCube — О великий суп наварили,9:54:35,Morrrrrda,донат,гениально+ (ВЕЛИКИЙ СУП НАВАРИЛИ),,,,
51) Phoebe Bridgers — Savior Complex,9:57:45,Sealong Keeper,долг,атлична+,,,,
"52) Валерий Леонтьев — Кончайте, девочки! {Stop Girls} (Right Version♂, Gachi Remix)",10:05:00,Monstrrro,донат,ГАЧИ МИКС С КРИВЫМИ БОЙ,,,,
52.1) Oxxxymiron — Ох рано встаёт охрана (Mashup),10:14:00,Faryma.composer,,,,,,
52.2) Oxxxymiron — Песня разбойников (Mashup),10:15:20,Faryma.composer,,,,,,
52.3) Oxxxymiron — Младший лейтенант (Mashup),10:17:40,Faryma.composer,,,,,,
53) Big Giant Circles — Rocktogeddon (Boss Fight) [Octogeddon OST],10:19:20,AlexanderMSK,донат,атлична,Игра,,,
54) Дюна — Если б было море пива,10:26:45,Monstrrro,донат,стал подводной лодкой / 10,,,,
55) Kaiser Chiefs — Ruby,10:31:45,AlexanderMSK,донат,атлична,,,,
56) Бездна Анального Угнетения — Армия тьмы {Army of Darkness},10:37:15,Toxa_kepka,донат,хорошечно-,,,,
56.5) Слава КПСС — Чучело {Scarecrow},10:47:10,Faryma.composer,,,,,,
57) TK from Ling Tosite Sigure — Unravel [1 Opening Tokyo Ghoul / Токийский гуль],10:52:30,Anonymous,донат,атлична+,Аниме,,,
58) Cyborg Crab — Стримерша против бейсбольной мафии,11:01:00,Гена Цидевреев,донат,Гена,,,,
59) Gnarls Barkley — Crazy,11:04:45,Astolphik,донат,атлична+,,,,
60) dArtagnan — Was wollen wir trinken,11:12:00,Гена Цидевреев,донат,атлична,,,,
61) Carly Rae Jepsen — Call Me Maybe (Chatroulette Version),11:17:10,JustD,донат,гениально -,,,,
62) Hana Hope — Flowers (Fate/Grand Order: First Order; Memorial Movie 2023),11:22:35,Art,донат,атлична-,,,,
63) Giga feat. Hatsune Miku & Kagamine Rin & Len — Beyond the Way [Project Sekai OST],11:30:50,Немытая мандаринка,донат,атлична,Игра,,,
64) I.F.K. — Есаульское диско,11:39:25,MrTablichkin,донат,хорошечно,,,,
64.5) Ипровизация Faryma.composer & Historiker Turquoise,11:45:00,Faryma.composer,,,,,,
65) Александр Шаров — Кончита,11:55:20,Historiker Turquoise,донат,атлична,,,,
СТРИМ №15 (01.08.24),, ,,,,,,
ДОЛГОВОЙ,, ,,,,,,
1) Mitsukiyo — Unwelcome School [Blue Archive OST],24:25,Винсон,долг,хорошечно+,Игра,,,
2) Florence + The Machine — Dog Days Are Over (2010 Version),33:10,JustD,долг Х2,хорошечно+,,,,
3) Susumu Hirasawa — Parade [OST; Paprika / Паприка],41:15,Yur4ka,долг,атлична-,Фильм,,,
4) Alexey Kotlyar — A Stroll in the Woods,55:05,Алексей Котляр,долг Х2,хорошечно-,,,,
"5) Monster Siren Records, Robert Wolf, Airton Santos Araujo & Savid Lin — Ständchen [Arknights OST]",1:11:50,Винсон,долг,хорошечно+,Игра,,,
6) Shinsei kamattechan — My War {Boku no Sensou} [1/6 Opening Shingeki no Kyojin: The Final Season / Атака титанов: Финал],1:23:20,JustD,долг Х2,атлична (гениально-),Аниме,,,
7) Braska — Кока Кола,1:32:50,MrPsarik,долг,хорошечно- (кринж контент эмоционально!!!!!),,,,
8) Varien — Lilith,1:42:30,Алексей Котляр,долг Х2,ну такое++ (хорошечно-),,,,
9) THE EITHER — Random Randomly {隨意隨意呀} [Arknights OST],2:11:30,Винсон,долг,атлична - -,Игра,,,
10) DADAROMA — Risley Circus {リズリーサーカス},2:21:40,НеАноним(фанат декскора),долг Х2,хорошечно,,,,
11) YOASOBI — Yoru ni Kakeru {Racing Into The Night / 夜に駆ける},2:30:00,Sheruka,долг,атлична-,,,,
12) TMABird — Sweet Melty Memes (Lyric Video),2:38:45,Алексей Котляр,долг Х2,легендарно!!!,,,,
СТРИМ №14 (28.07.24),,2) https://boosty.to/faryma.composer/posts/698be8b2-84b6-409d-b277-362d2d992296,,,,,,
БЛАГОТВОРИТЕЛЬНЫЙ,, ,,,,,,
1) Kocchi No Kento — Hai Yorokonde {はいよろこんで},12:20,margarita__eller,очередь,атлична+,,,,
"2) Vivienne Mort — Час {Time} (Досвід, 2018)",21:35,@deftOwnS,очередь,атлична,,,,
3) Creepy Nuts — Bling-Bang-Bang-Born [1 Opening Mashle 2nd Season / Магия и мускулы: Экзамен на звание Вестника Бога],27:50,@quelquez,очередь,атлична-,Аниме,,,
4) River Boy — Anura [Cult of the Lamb OST],33:00,@TheTIIm,очередь,хорошечно+,Игра,,,
5) Really Slow Motion — Pandemic,41:20,@maxcargitar,очередь,атлична - -,,,,
6) Vickeblanka — Black Catcher [10 Opening Black Clover / Чёрный клевер],47:55,@Miller0292,очередь,хорошечно,Аниме,,,
7) Ramin Djawadi — Main Theme [OST; Pacific Rim / Тихоокеанский рубеж],54:30,@m0rgarin,очередь,хорошечно+,Фильм,,,
8) Miyuna — Gamushara {ガムシャラ} [5 Opening Black Clover / Чёрный клевер],1:02:50,@nvslle,очередь,хорошечно+,Аниме,,,
9) Fallen Sanctuary — Broken Dreams (2022),1:08:00,@ENurmedov,очередь,атлична - (аранжировке ну такое),,,,
10) Dabu & Simon Swerwer — Drink & Industry (Lyric Video) [Dwarf Fortress OST],1:21:00,Чайная вечеринка,очередь,хорошечно++,Игра,,,
11) Tatsuya Kato — Strong Desire [OST; Dr. Stone / Доктор Стоун],1:28:40,@sergogaimer,очередь,атлична,Аниме,,,
11.5) Арт: Composer vs Modulation,1:38:25,sofa divan,,,,,,
12) David Webstbom & X. ARI — Operation Lead Seal [Arknights OST],1:40:35,Винсон,очередь,хорошечно+,Игра,,,
13) Steve Jablonsky — Autobots [Transformers OST],1:48:30,Sendy Polaris,очередь,атлична-,Фильм,,,
14) RISHLOO — Landmines,1:55:35,@sadasdasdasdads1,очередь,атлична+,,,,
15) Hitomi Kuroishi — Continued Story [OST; Code Geass: Lelouch of the Rebellion R2 / Код Гиас: Восставший Лелуш 2],2:21:55,eHrAm1AV,очередь,хорошечно+,Аниме,,,
16) SiM — The Rumbling [1/7 Opening Shingeki no Kyojin: The Final Season Part 2 / Атака титанов: Финал. Часть 2],2:32:05,@Old_maloy,очередь,атлична+,Аниме,,,
17) Boom Boom Satellites — BROKEN MIRROR [5 Ending Mobile Suit Gundam Unicorn / Мобильный воин Гандам: Единорог],2:40:25,Toxexex,очередь,атлична - -,Аниме,,,
18) Shoko Nakagawa — Sorairo Days {空色デイズ} [1 Opening Gurren Lagann / Гуррен-Лаганн],2:50:55,BloodAlloy,очередь,хорошечно,Аниме,,,
19) Sueco — Loser (Music Video),2:55:50,@zhenyaHD,очередь,хорошечно (ФАК++),,,,
20) Yoasobi — RGB {Sangenshoku / 三原色},3:01:55,@SUMOGUS,очередь,атлична-,,,,
21) Green Day — Still Breathing (Official Music Video),3:10:00,@Sonic1844,очередь,хорошечно+,,,,
"22) MAN WITH A MISSION & milet — Kizuna no Kiseki {絆ノ奇跡} [1/4 Opening Demon Slayer: Kimetsu no Yaiba Swordsmith Village Arc / Клинок, рассекающий демонов: Деревня кузнецов]",3:17:40,@NeDoUtuber,очередь,атлична+ (гениально-),Аниме,,,
23) Lind Erebros — Dark Cave [Royal Quest OST],3:25:05,@LedByLight,очередь,атлична-,Игра,,,
"24) Ado — Unravel (TK from Ling Tosite Sigure - Unravel; Studio Version, Cover) [1 Opening Tokyo Ghoul / Токийский гуль]",3:35:15,Mich,очередь,гениально -,Аниме,,,
25) Yosui Inoue — Yumeno Nakae (Remastered 2017),3:41:35,@nii_na_nii,очередь,атлична-,,,,
26) Keygen Church — Tenebre Rosso Sangue [OST; ULTRAKILL P-2 Theme #1],3:47:10,@nixonit,очередь,хорошечно+,Игра,,,
"27) Imperial Circus Dead Decadence — Yomi yori Kikoyu, Koukoku no Hi to Honoo no Shoujo. {黄泉より聴こゆ、皇国の燈と焔の少女。} (Orchestral Ver.)",3:56:45,@feedme2k,очередь,ну такое,,,,
28) yaXd — WHITE-BLACK,4:13:55,@yaXd_n,очередь,хорошечно-,,,,
29) Zebrahead — Just the Tip,4:22:45,@selwick,очередь,хорошечно+,,,,
30) FallenSxde — Избранным (Remix),4:29:15,FallenSxde,очередь,хорошечно,,,,
СТРИМ №13 (27.07.24),,2) https://boosty.to/faryma.composer/posts/315659ea-4728-4bac-9bdf-507e6ee9408b,,,,,,
1) Король и Шут — Проклятый старый дом {The Cursed Old House},15:35,Monstrrro,донат,атлична+,,,,
2) Eve — Last Dance {Последний танец / ラストダンス},26:55,Madao,долг,атлична-,,,,
3) TPRTNS — Wake Me Up,37:10,HVSTERIA,донат,атлична,,,,
4) Thomas Bergersen — Sparks,52:55,Sealong Keeper,долг,гениально - -,,,,
5) Gooseworx feat. Evan Alderete — Your New Home,1:03:05,Monstrrro,донат,хорошечно +,,,,
6) Gooseworx feat. Evan Alderete — Not Alone,1:06:00,Monstrrro,донат,атлична +,,,,
7) Animenz — Vogel im Käfig (Sawano Hiroyuki - Vogel im Käfig; Piano Cover) [OST; Shingeki no Kyojin / Атака титанов],1:10:20,Sheruka,долг,хорошечно -,Аниме,,,
8) Rhapsody of Fire feat. Christopher Lee — The Magic of the Wizard's Dream,1:21:30,Yur4ka,донат,хорошечно,,,,
9) Юра Насос — Нирвана,1:32:55,AlexanderMSK,долг,хорошечно+,,,,
10) ALTIMA — Burst the Gravity [2 Opening Accel World / Ускоренный мир],1:40:20,Monstrrro,донат,хорошечно,Аниме,,,
11) Kensuke Ushio — Liz to Aoi Tori {リズと青い鳥} (1.Ordinary Days; 2. A New Family; 3.A Decision of Love; 4.To the Far Sky) [OST; Liz and the Blue Bird / Лиз и синяя птица],2:04:50,Sheruka,долг,гениально -,Аниме,,,
12) Zabadak — Sora no Iro {空の色 / Цвет неба},2:20:25,eugen,донат,атлична -,,,,
13) Mafumafu — There Was No Meaning To My Birth. {Umareta Imi Nado Nakatta. / 生まれた意味などなかった。} (Live),2:30:45,sofa divan,долг,хорошечно + (ну такое вокалу наверху неуютно),,,,
14) Apocalyptica feat. Adam Gontier — I Don't Care (US Version),2:42:00,HoneyDed,донат,атлична,,,,
15) Зилков ае — Мой Свет {My light} (Live; СПБ 25.05.2023),2:49:30,Нéдо,долг,атлична (-),,,,
16) Yuka Kitamura — Main Theme [Dark Souls III OST],3:01:55,Madao,донат,хорошечно + +,Игра,,,
17) Melissa R. Kaplan — Keep the Torch [Arknights OST],3:11:05,Винсон,долг,атлична,Игра,,,
18) Radiohead — Bloom (From the Basement),3:19:15,ayl1es,донат,атлична,,,,
19) Akiko Shikata — Ec Tisia {Forgive Everything} [Ar tonelico III OST],3:28:45,2teerutee 😡😡😡,долг,атлична,Игра,,,
20) Linkin Park — In the End,4:03:30,HoneyDed,донат,атлична + (гениально -),,,,
21) Aya Hirano — God knows... [ep 12; OST; The Melancholy of Haruhi Suzumiya / Меланхолия Харухи Судзумии],4:14:25,Sheruka,долг,хорошечно +,Аниме,,,
"22) Aimer — Dareka, Umi wo. [Ending Terror in Resonance / Эхо террора] ",4:23:20,eugen,донат,атлична+,Аниме,,,
23) TOOBOE — tablet {Jouzai / 錠剤} [4 Ending Chainsaw Man / Человек-бензопила],4:31:55,MrPsarik,долг,атлична-,Аниме,,,
24) TPRTNS — Vintage Shapes (Extended Mix),4:40:20,HVSTERIA,донат,хорошечно+ (атлична),,,,
25) Ado — I'm Invincible {私は最強 / Я непобедима} [UTA OST; One Piece Film: Red / Ван-Пис: Красный],4:53:35,Mich,долг,атлична,Аниме,,,
26) Лесоповал — Баня в зоне,5:06:25,ayl1es,донат,атлична- (воровская лапа),,,,
27) Shiro Sagisu — Invasion [OST; Bleach the Movie: The DiamondDust Rebellion / Блич: Восстание алмазной пыли],5:13:30,Enotishche,долг,хорошечно-,Аниме,,,
28) Gareth Coker feat. Aeralie Brighton — Trailer - Definitive Edition [Ori and the Blind Forest: Definitive Edition OST],5:20:10,HVSTERIA,донат,атлична+,Игра,,,
29) Gareth Coker — Main Theme [Ori and the Will of the Wisps OST],5:25:55,HVSTERIA,донат,гениально,Игра,,,
30) Ado — The World's Continuation {世界のつづき / Продолжение мира} [UTA OST; One Piece Film: Red / Ван-Пис: Красный],5:30:20,Mich,долг,гениально -,Аниме,,,
31) MAXIMUM THE HORMONE — Yoshu Fukushu {予襲復讐},5:40:45,Madao,донат,атлична-,,,,
"32) Riko Azuna — Katachi {かたち} [1/2 Opening Made in Abyss: The Golden City of the Scorching Sun / Созданный в Бездне: Солнце, вспыхнувшее в Золотом городе]",6:03:45,FallenSxde,долг,хорошечно + +,Аниме,,,
33) TPRTNS — With You (Deluxe Version),6:16:20,HVSTERIA,донат,атлична -,,,,
34) Makoto Miyazaki — Seigi Shikkou (Saitama's Theme) [OST; One Punch Man / Ванпанчмен],6:31:40,JustD,долг,атлична,Аниме,,,
35) Nhato — Dear Eternity,6:39:50,eugen,донат,"атлична- (КУСЬ, саунд-дизигн гениально)",,,,
"36) Myo — Hibari Theme Song (Original: Michael Tai - Kyoya Hibari's Theme, Fuuki Iinchou; EXTENDED) [OST; Katekyou Hitman Reborn! / Репетитор-киллер Реборн!]",6:56:40,kvin,долг,хорошечно+,Аниме,,,
37) Green Apelsin — Зверь {Beast},7:02:15,Алока,донат,гениально -,,,,
"38) Exlibris — All Guts, No Glory",7:11:00,MrPsarik,долг,ну такое+,,,,
39) Vishnya Free & TPRTNS — СДД (Remix),7:22:20,HVSTERIA,донат,хорошечно- (атлична),,,,
40) Mozart L'Opéra Rock — Le bien qui fait mal (150% Lobotomy - Anime MV ♫ AMV),7:31:55,kvin,долг,атлична+,,,,
41) Shigure Ui — Shukusei!! Loli-Kami Requiem☆ {粛聖!! ロリ神レクイエム☆},7:37:50,alex7kom,донат,"атлична (виновен, 8 лет)",,,,
41.5) Пояснение за оранжевый ютуб,8:01:10,Faryma.composer & astolphik,,,,,,
42) ZOE — Misty Memory (Day Version) [Arknights OST],8:05:55,Винсон,долг,атлична,Игра,,,
43) Хуго-Уго — На жёлтой дороге (Автор: Максим Котомцев),8:15:15,ayl1es,донат,атлична - -,,,,
"44) Versailles — MASQUERADE (Live at Shibuya Kokaido, 2012.2.12)",8:22:40,НеАноним(фанат декскора),долг,хорошечно,,,,
45) The Glitch Mob — Warrior Concerto (Anime video ver.) [The Crew OST],8:36:55,kvin,долг,хорошечно-,Игра,,,
45.5) О гитаристах (Jared Dines),8:42:50,Faryma.composer,,,,,,
46) Akatsuki Records — Woocky Disconizer {ウッキーディスコナイザー},9:03:05,alex7kom,донат,хорошечно+,,,,
"47) Hayato Sumino — Chopin Étude Op. 25, No. 11: 'Winter Wind' (Piano Cover; composer Frederic Chopin)",9:10:20,Steinway,долг,атлична,,,,
48) Aviators — Sweet Dreams (Five Nights At Freddy's 4 Song),9:17:10,Sendy Polaris,донат,ну такое,,,,
49) Defsharp — ​offense mechanism,9:30:00,Hedor0u,долг,атлична+,,,,
50) Falling In Reverse — Watch the World Burn,9:42:30,Hedor0u,донат,атлична+,,,,
51) Mafumafu — Inochi ni Kirawarete Iru {命に嫌われている。 / Hated by life itself.} (Kanzaki Iori feat. Hatsune Miku - Inochi ni Kirawarete Iru; Utattemita / Cover),9:49:35,Letta,долг,атлична +,,,,
52) Валерий Меладзе feat. Григорий Лепс — Обернитесь,9:59:35,Historiker Turquoise,донат,атлична-,,,,
53) Dir En Grey — VINUSHKA,10:06:55,НеАноним(фанат декскора),долг,хорошечно,,,,
54) Da-iCE — DREAMIN' ON [23 Opening One Piece / Ван-Пис / Большой куш],10:19:55,Astolphik,донат,атлична,Аниме,,,
55) ВИА Гра feat. Валерий Меладзе — Океан и три реки {Ocean And Three Rivers},10:27:15,Historiker Turquoise,донат,гениально-,,,,
СТРИМ №12 (25.07.24),,2) https://boosty.to/faryma.composer/posts/45e93011-3215-46fb-9818-b048ca5f0f5a,,,,,,
ИМЕНИ NIKKONOFUNE,, ,,,,,,
"1) Jon Hallur Haraldsson — EVE Online 10 Years: Anniversary Symphony (01.Stellar Shadows; 02.Below The Asteroids; 03.Shifting The Balance Of Power; 04.Rose Of Victory; 05.I Saw Your Ship; 06.All Which Was Lost Has Now Been Regained; 07.Surplus of Rare Artifacts; 08.It Ends Here; 09.The Jovian Front; 10.Smoke From Down Below; 11.Merchants, Looters and Ghosts) [EVE Online OST]",17:30,NIKKONOFUNE,заказ,хорошечно-,Игра,,,
2) Animenz — Brave Shine (Aimer - Brave Shine; Piano Cover) [Opening 2 Fate/Stay Night: Unlimited Blade Works / Судьба/Ночь схватки: Бесконечный мир клинков],2:12:15,Sheruka,долг,атлична,Аниме,,,
3) FallenSxde — One More Time (RELEASE),2:25:25,FallenSxde,долг,атлична-,,,,
4) fripSide — only my railgun (Audio) [1 Opening Toaru Kagaku no Railgun / Некий научный рейлган],2:36:55,Sheruka,долг,атлична,Аниме,,,
5) Imperial Circus Dead Decadence — Uta,2:46:35,160бпм,долг,хорошечно-,,,,
6) Paledusk feat. Hideyoshi — SLAY!!,3:14:35,Hedor0u,долг,гениально - - (атлична),,,,
7) Monster Siren Records — Operation Pyrite {Burn Me To The Ground} (Jason Walsh feat. Alan Day) [Arknights OST],3:23:55,Винсон,долг,атлична - ,Игра,,,
"8) BABYMETAL — Akatsuki {Crimson Moon -Dawn- / 紅月 -アカツキ-} (Doomsday V, VI; Live)",3:31:50,Mich,долг,хорошечно+,,,,
9) Animenz — Crying for Rain {Kawaki wo Ameku / かわぎをあめく} (Minami - Crying for Rain; Piano Cover) [1 Opening Domekano / Домашняя подружка],3:44:50,Sheruka,долг,атлична+,Аниме,,,
10) Димаш Кудайберген — Государственный гимн Республики Казахстан,3:53:15,MrPsarik,долг,атлична + (АЛГА),,,,
11) Ado — Tot Musica [UTA OST; One Piece Film: Red / Ван-Пис: Красный],4:00:50,Mich,долг,атлична-,Аниме,,,
12) Eve — Flower Storm {花嵐 / Hanaarashi / Цветочный шторм},4:10:35,Svd_bb,долг,гениально,,,,
13) Ado — Backlight {逆光} [UTA OST; One Piece Film: Red / Ван-Пис: Красный],4:21:15,Mich,долг,атлична-,Аниме,,,
14) Eve — Fight Song {ファイトソング} [12 Ending Chainsaw Man / Человек-бензопила],4:32:45,Svd_bb,долг,атлична,Аниме,,,
14.5) Общение с чатом от Faryma.composer,4:41:20,Faryma.composer,,,,,,
15) Knorkator — Tut uns leid,4:49:50,Darhalas,донат,,,,,
СТРИМ №11 (20.07.24),,2) https://boosty.to/faryma.composer/posts/aef49162-7cd2-4fde-928f-be3d3ff4f967,,,,,,
1) Haruko Komiya — Aria Of The Soul (Persona 5 OST),13:40,Monstrrro,донат,хорошечно,Игра,,,
2) Animenz — Here (JUNNA - Here; Piano Cover) [1 Opening Mahoutsukai no Yome / Невеста чародея],29:00,Steinway,долг,атлична,Аниме,,,
"3) Ado — Aishite Aishite Aishite {Love Me, Love Me, Love Me / 愛して愛して愛して} (Kikuo feat. Hatsune Miku - Aishite Aishite Aishite; Live Cover)",47:20,Mich,донат,атлична,,,,
4) Aimer — Torches [1 Ending Vinland Saga / Сага о Винланде],1:00:35,Enotishche,долг,атлична,Аниме,,,
5) Takahiro Obata — Isabella's Lullaby [OST; The Promised Neverland / Обещанный Неверленд],1:10:25,Monstrrro,донат,гениально,Аниме,,,
6) Matenrou Opera — BURNING SOUL (Official Video),1:16:10,Эльдар Аккерман,долг,хорошечно -,,,,
7) Britney Spears — Toxic,1:29:05,Дмитрий Биргер,донат,гениально-,,,,
8) JIN feat. LiSA — Headphone Actor {ヘッドフォンアクター} [ep 6; 2 Opening Mekakucity Actors / Актёры ослеплённого города],1:42:15,Atomik0o,долг,гениально - -,Аниме,,,
9) Britney Spears — Oops!...I Did It Again,2:06:00,Monstrrro,донат,гениально-,,,,
10) Eri Sasaki — GATE OF STEINER [ep 23; Ending Steins;Gate 0 / Врата Штейна 0],2:15:35,Алексей Котляр,долг,атлична+,Аниме,,,
11) Kraddy — Into the Labyrinth (Anime AMV; Editor - lolligerjoj),2:27:30,kvin,донат,хорошечно+ (визуал гениально),,,,
12) Ling Tosite Sigure — Abnormalize [1 Opening Psycho-Pass / Психопаспорт],2:39:05,Letta,долг,хорошечно ++,Аниме,,,
13) Slaughter to Prevail — VIKING (DRUM PLAYTHROUGH),2:59:20,HoneyDed,донат,атлична,,,,
14) DEXCORE feat. MAKITO from VICTIM OF DECEPTION — EARTHWORM,3:15:50,НеАноним(фанат декскора),долг,атлична,,,,
15) JUNNA — Here [1 Opening Mahoutsukai no Yome / Невеста чародея],3:28:10,Madao 👑 (АнтиШейх) ,донат,гениально -,Аниме,,,
16) BOOM BOOM SATELLITES — Shut Up and Explode [1 Opening Xam'd: Lost Memories / КсамД: Позабывший невзгоды],3:55:25,Anonymous,долг,хорошечно,Аниме,,,
17) Yoyoka Soma — Burn (Deep Purple - Burn; Cover),4:07:30,Дмитрий Биргер,донат,гениально -,,,,
18) Guitar Wolf — Jett Reason [ep 25; Ending Ninja Slayer / Охотник на ниндзя],4:20:40,Toxexex,долг,хорошечно- (сведос - моё почтение),Аниме,,,
19) ZUTOMAYO — STUDY ME,4:25:35,Svd_bb,донат,гениально,,,,
20) Judah Earl & Hannah Yoo — Livets Ånde,4:37:30,Sealong_Keeper,долг,гениально-,,,,
21) Dirty Loops — Baby (Justin Bieber - Baby; Cover),4:46:10,Justin Bieber,донат,атлична,,,,
22) Oratorio The World God Only Knows — God Only Knows [1 Opening The World God Only Knows / Одному лишь Богу ведомый мир],4:53:45,Anonymous,долг,атлична - -,Аниме,,,
23) Obadiah Brown-Beach — Real Me (Carnelian EP) [Arknights OST],5:06:55,Винсон,донат,атлична,Игра,,,
24) Atarayo — Boku wa... {I am... / 僕は…} [1 Opening The Dangers in My Heart Season 2 / Опасность в моём сердце 2],5:16:50,AndrLord,долг,атлична,Аниме,,,
25) Masayuki Suzuki feat. Airi Suzuki — DADDY ! DADDY ! DO ! [1 Opening Kaguya-sama: Love is War 2nd Season / Госпожа Кагуя: в любви как на войне 2],5:24:10,Дмитрий Биргер ↑↑↑,донат,атлична (гениально на эмоциях),Аниме,,,
26) Ling tosite sigure — ​moment A rhythm (Short Version),5:32:10,Женя Данилов,долг,хорошечно+,,,,
27) RADWIMPS feat. Toko Miura — Grand Escape {グランドエスケープ} [OST; Tenki no Ko / Дитя погоды],5:42:15,Monstrrro,донат,атлична+,Фильм,,,
28) Queen Bee — HALF [1 Ending Tokyo Ghoul:re / Токийский гуль: Перерождение],6:09:30,Anonymous,долг,хорошечно+,Аниме,,,
29) Alex Newton — Собственная песня #11,6:16:40,Alex Newton,донат,Лютый Кач !!! ,,,,
30) Venetian Snares — My So-Called Life,6:29:30,Anonymous,долг,хорошечно+,,,,
31) LiSA — Ichiban no Takaramono {My Most Precious Treasure / 一番の宝物} (Yui final ver.) [ep 10; Ending Angel Beats! / Ангельские ритмы!],6:49:00,Monstrrro,донат,атлична + (пипец в гениально все танцуют),Аниме,,,
32) Masayuki Suzuki feat. Rikka Ihara — Love Dramatic {ラブ・ドラマティック} [1 Opening Kaguya-sama: Love is War / Госпожа Кагуя: в любви как на войне],7:02:50,Дмитрий Биргер,донат,атлична+ (гениально в уме танцуют все),Аниме,,,
33) BUMP OF CHICKEN — Answer {アンサー} [1 Opening 3-gatsu no Lion / Мартовский лев],7:16:20,Monstrrro,донат,атлична,Аниме,,,
34) London Grammar — Lord It's A Feeling (Amazon Original; Orchestral Version),7:33:00,Alex Newton,донат,хорошечно+ (за оркестр атлична),,,,
35) TAMusic — Broken Moon (ZUN - Broken Moon; Suika's Theme; Cover) [Immaterial and Missing Power OST],8:00:00,Дмитрий Биргер,донат,атлична - - (хорошечно),Игра,,,
36) Delta Heavy — S.T.A.Y. (Hans Zimmer - S.T.A.Y.; Tribute) [OST; Interstellar / Интерстеллар],8:12:00,Alex Newton,донат,хорошечно,Фильм,,,
37) Curtis Schweitzer — Blue Straggler [Starbound OST],8:29:50,AlexanderMSK,донат,хорошечно+ (атлична за контекст),Игра,,,
38) Jackie Chan & Kim Hee Seon — Endless Love [OST; The Myth / Миф],8:49:20,Alex Newton,донат,хорошечно,Фильм,,,
39) NICO Touches the Walls — Broken Youth [6 Ending Naruto: Shippuuden / Наруто: Ураганные хроники],9:00:30,HoneyDed,донат,хорошечно,Аниме,,,
40) Mnogoznaal — Сторона {Side},9:08:15,AlexanderMSK,донат,атлична,,,,
41) Insane Cherry — Also Sprach Zarathustra {Так говорил Заратустра} (Richard Strauss - Also Sprach Zarathustra; Animal Cover),9:14:20,Дмитрий Биргер,донат,гениально (ГЕНИАЛЬНО БЕЗ РОФЛОВ РЕБЯТА),,,,
42) Mnogoznaal — Кровь {Blood},9:17:45,AlexanderMSK,донат,хорошечно+,,,,
43) SID — Jiu no Kuchizuke {慈雨のくちづけ} (opening theme song for the Japanese dub) [1 Opening Tian Guan Cifu / Благословение небожителей],9:31:25,HoneyDed,донат,атлична,Аниме,,,
44) BOOKER — Я понимаю (Клип),9:43:50,MrPsarik,донат,атлична+,,,,
45) Mnogoznaal — Дуга {Arc},10:02:10,AlexanderMSK,донат,хорошечно+,,,,
46) Marcin Przybyłowicz & Percival — Sword of Destiny (Trailer Music) [The Witcher 3: Wild Hunt OST],10:08:15,HoneyDed,донат,атлична+,Игра,,,
47) Mnogoznaal — Белый кролик {White Rabbit},10:16:50,AlexanderMSK,донат,хорошечно++,,,,
48) Evanescence — My Immortal [OST; Daredevil / Сорвиголова; 2003],10:28:45,HoneyDed,донат,гениально - - (атлична),Фильм,,,
49) Animenz — Unravel (TK from Ling Tosite Sigure - Unravel; Piano Cover) [1 Opening Tokyo Ghoul / Токийский гуль],10:43:30,Sheruka,донат,атлична+,Аниме,,,
50) Brian Tyler — I’m Sorry [Far Cry 3 OST],10:52:15,HoneyDed,донат,атлична,Игра,,,
51) Eve — Tokyo Ghetto {トーキョーゲットー},11:01:45,Svd_bb,донат,гениально- (атлична),,,,
СТРИМ №10 (18.07.24),,2) https://boosty.to/faryma.composer/posts/fc9073be-670e-49bd-bb83-089926d27694,,,,,,
ИМЕНИ ВИКТОРА,, ,,,,,,
1) David Garrett — Erlkönig (Garrett vs. Paganini),10:00,Віктар,заказ,хорошечно+ (атлична),,,,
2) Paolo Buonvino feat. Skin — Renaissance [OST; Medici: Masters of Florence / Медичи: Повелители Флоренции],25:00,Віктар,заказ,атлична - -,Фильм,,,
3) Hans Zimmer & James Newton Howard — Ducard and Gotham's Fate / Bruce Left for Dead [OST; Batman Begins / Бэтмен: Начало; 2005],38:15,Віктар,заказ,хорошечно++,Фильм,,,
4) Casey Edwards & Victor Borba — Fire Inside [Devil May Cry: Peak of Combat OST],53:20,Віктар,заказ,хорошечно++,Игра,,,
5) Akihiko Narita — Devil Sword 2 -awaken- {Awaken 2 - awaken diabolic sword / Sword of the Devil 2 - Awaken / 閻魔刀2 -awaken-} [OST; CD 2 Track 05; Devil May Cry 4],1:07:30,Віктар,заказ,хорошечно+,Игра,,,
6) Elliot Tordo — The Last Agni Kai (Jeremy Zuckerman - Last Agni Kai; Erhu Cover) [OST; Avatar: The Last Airbender / Аватар: Легенда об Аанге],1:20:45,Віктар,заказ,атлична+,Аниме,,,
7) The Flight — Shadows Main Theme [Assassin's Creed Shadows OST],1:53:05,Віктар,заказ,хорошечно+,Игра,,,
8) Lorne Balfe — Assassins Creed Theme (The Complete Recordings) [Track 01; Assassins Creed: Revelations OST],2:05:40,Віктар,заказ,атлична,Игра,,,
9) Paul Leonard-Morgan — The Sacred and the Profane [Cyberpunk 2077 OST],2:17:00,Віктар,заказ,атлична-,Игра,,,
10) Ramin Djawadi — Drake's Parting Gift [Blade: Trinity OST],2:24:30,Віктар,заказ,хорошечно,Фильм,,,
11) Neck Deep — I Revolve(Around You),2:33:10,wakelight,долг,хорошечно+,,,,
12) Yasuharu Takanashi — Maisou(Burial) [OST 2; Track 10; Naruto: Shippuuden / Наруто: Ураганные хроники],2:41:05,Віктар,долг,гениально - -,Аниме,,,
13) Liz Callaway — Once Upon a December [Вальс OST; Anastasia / Анастасия],2:53:45,Sendy Polaris,долг,хорошечно ++,Фильм,,,
14) Yoshiaki Fujisawa — Land of the Lustrous [OST; Houseki no Kuni / Страна самоцветов],3:01:30,Kanashy Girl,долг,атлична-,Аниме,,,
15) Thomas Straiton — Teenage Mutant Ninja Turtles Theme (Russell Velázquez & Norman J. Grossfeld - Teenage Mutant Ninja Turtles Theme Song; Extended; Cover) [OST; Teenage Mutant Ninja Turtles 2003г.],3:11:50,Sendy Polaris,долг,атлична+,Фильм,,,
16) Alexey Kotlyar — Raven,3:18:05,Алексей Котляр,долг,хорошечно+,,,,
"17) Go Shiina feat. Nami Nakagawa — Kamado Tanjiro No Uta [ep 19; Ending Song; Demon Slayer / Клинок, рассекающий демонов]",3:29:40,JustD,долг,атлична+,Аниме,,,
18) EileMonty — The Moon Rises (Ponyphonic feat. Kristen Calvin - The Moon Rises; Animation; Reupload; Cover) [My Little Pony: Friendship is Magic OST],3:52:30,MrPsarik,долг,атлична-,Фильм,,,
19) Mrs. GREEN APPLE — Tsukimashitewa {In the Morning / ツキマシテハ},4:03:05,Elovir,долг,атлична-,,,,
20) Valkyrie — Acanthe [Ensemble Stars!! OST],4:11:05,HidariYana,долг,ну такое+,Игра,,,
21) Jonathan Young — Unravel (TK from Ling Tosite Sigure - Unravel; Cover) [1 Opening Tokyo Ghoul / Токийский гуль],4:22:45,Enotishche,долг,"ну такое (кринж контент братан сходи ко врачу, ты простудился)",,,,
22) Егор Натс & М — Самый Особенный {THE MOST SPECIAL},4:33:45,Эрен Йегер,долг,атлична - -,,,,
23) Ling tosite sigure — Boukan {傍観} (Perfake Perfect Tour 2021 Live),4:41:15,Женя Данилов,долг,атлична - - (хорошечно),,,,
СТРИМ №9 (13.07.24),,2) https://boosty.to/faryma.composer/posts/c885aa36-40d9-4271-bb0b-d0868870a6ce,,,,,,
"1) Yuki Kajiura — Sis puella magica! [OST, Mahou Shoujo Madoka★Magica / Девочка-волшебница Мадока★Волшебство]",15:35,Monstrrro,донат,атлична- (хорошечно),Аниме,,,
2) Yoshihisa Hirano — Ansatsu Ikka no Yakata (Zoldyck Family Theme) [OST 2; Hunter x Hunter 2011 / Охотник х Охотник 2011],25:25,Alexeyorik,долг Х2,атлична-,Аниме,,,
3) The Sus — Не влюбляйся,35:50,Нико Беллич,долг,"хорошечно - - (музыка), текст (ну такое-)",,,,
3.5) Собственная песня Faryma.composer #1 (Песня для сестрёнки),52:30,Faryma.composer,,❤️❤️❤️ (Оценка чата),,,,
4) Alex Newton — Собственная песня #9,1:05:10,Alex Newton,донат,бдсм,,,,
5) Savage Genius — Forever... [1 Opening Elemental Gelade / Воздушные пираты],1:22:10,Regeci,долг Х2,хорошечно,Аниме,,,
6) Azumi Takahashi feat. Lotus Juice — Color Your Night [Persona 3 Reload OST],1:33:50,fortchka,долг,атлична,Игра,,,
7) ClariS — Connect [1 Opening Mahou Shoujo Madoka★Magica / Девочка-волшебница Мадока★Волшебство],1:43:35,Monstrrro,донат,хорошечно,Аниме,,,
8) Soushi Sakiyama — Akari {燈} [1 Ending Jujutsu Kaisen 2nd Season / Магическая битва 2],1:48:50,Alexeyorik,долг Х2,гениально,Аниме,,,
9) Official HIGE DANdism — Mixed Nuts {ミックスナッツ} [1 OP Spy x Family / Семья шпиона],2:17:45,Letta,долг,атлична ,Аниме,,,
10) Metrik — Hackers,2:29:10,Alex Newton,донат,хорошечно - - (ну такое),,,,
"11) Fujiwara Yuuki — Bloody Prince [Belphegor OST, Katekyou Hitman Reborn! / Репетитор-киллер Реборн!]",2:48:30,virek,долг Х2,хорошечно,Аниме,,,
12) Hiroshi Kitadani {きただにひろし} — OVER THE TOP [22 OP One Piece / Ван-Пис / Большой куш],3:02:20,fortchka,долг,хорошечно+,Аниме,,,
13) Kalafina — Magia [2 ED Mahou Shoujo Madoka★Magica / Девочка-волшебница Мадока★Волшебство],3:15:20,Monstrrro,донат,хорошечно+,Аниме,,,
"14) Hirano Yoshihisa — Theme of Kage & RASETSU [OST, Hunter x Hunter 2011 / Охотник х Охотник 2011]",3:21:45,Alexeyorik,долг Х2,гениально,Аниме,,,
15) Millennium Parade x Sheena Ringo — WORK [1 OP Hell's Paradise / Адский рай],3:33:50,Anonymous,долг,гениально - -,Аниме,,,
16) Ado — Fleeting Lullaby {ウタカタララバイ} [UTA from One Piece Film: Red / Ван-Пис: Красный],3:43:45,Mich,донат,атлична++,Аниме,,,
17) ZUTOMAYO — Darken (Twin Piano Live Version; Оригинал: Стрим №5; 23 трек от Svd_bb),3:54:00,Svd_bb,долг Х2,хорошечно- (ну такое),,,,
18) King Gnu — Sakayume {逆夢} [ED Jujutsu Kaisen 0 Movie / Магическая битва 0. Фильм],4:19:25,AndrLord,долг,гениально-,Аниме,,,
19) Dimension feat. Poppy Baskcomb — Alive,4:33:30,Alex Newton,донат,атлична- (хорошечно+),,,,
"20) Hirano Yoshihisa — The Last Mission [OST, Hunter x Hunter 2011 / Охотник х Охотник 2011]",4:45:45,Alexeyorik,долг Х2,атлична-,Аниме,,,
21) Sta — The Long Years,4:58:50,f1nvarra,долг,хорошечно- (атлична),,,,
22) ZUTOMAYO — Kan Saete Kuyashii wa {勘冴えて悔しいわ},5:12:40,Svd_bb,донат,атлична+,,,,
"23) Hirano Yoshihisa — Kusari Yarou (Kurapica's Theme) [OST 2, Hunter x Hunter 2011 / Охотник х Охотник 2011]",5:22:15,Alexeyorik,долг Х2,атлична,Аниме,,,
"24) Paul Romero, Rob King, Steve Baca — Haven Town Theme (Animatic) [OST, Heroes of Might & Magic V]",5:31:20,KoTe2014,долг,атлична-,Игра,,,
25) L'Arc~en~Ciel — Driver's High [1 OP Great Teacher Onizuka / Крутой учитель Онидзука],5:45:00,Alex Newton,донат,хорошечно+,Аниме,,,
"26) Hirano Yoshihisa — Kingdom of Predators [OST, Hunter x Hunter 2011 / Охотник х Охотник 2011]",6:10:50,Alexeyorik,долг Х2,хорошечно+,Аниме,,,
27) Snarky Puppy — Lingus (We Like It Here),6:18:45,MrPsarik,долг,гениально,,,,
"28) Camellia — Hello (BPM, 2024)",6:36:10,f1nvarra,донат,гениально-,,,,
29) London Grammar — Non Believer,6:43:00,Alex Newton,донат,атлична+,,,,
"30) Hirano Yoshihisa — To Give a Marionette Life [OST, Hunter x Hunter 2011 / Охотник х Охотник 2011]",6:50:05,Alexeyorik,долг Х2,хорошечно,Аниме,,,
31) Ado — Odo {踊},6:54:50,Mich,донат,гениально-,,,,
32) LiSA — unlasting [1 ED SAO Alicization 2nd Season / Мастера Меча Онлайн: Алисизация - Война в Подмирье],7:05:15,Astolphik ❤️❤️❤️,донат,атлична-,Аниме,,,
"33) Hirano Yoshihisa — Restriction and Pledge [OST, Hunter x Hunter 2011 / Охотник х Охотник 2011]",7:17:05,Alexeyorik,долг Х2,хорошечно+,Аниме,,,
34) London Grammar — Non Believer (ali3ncar tribute),7:23:50,Alex Newton,донат,хорошечно,,,,
35) Eve — Inochi no Tabekata {いのちの食べ方 / Способ поедания жизни},7:34:50,Svd_bb,донат,атлична+ (гениально-),,,,
"36) Hirano Yoshihisa — Legend of the Martial Artist [OST, Hunter x Hunter 2011 / Охотник х Охотник 2011]",7:44:30,Alexeyorik,долг Х2,хорошечно+,Аниме,,,
37) Alex Newton — Собственная песня #10,7:48:20,Alex Newton,донат,хорошечно-,,,,
38) Ado — God-ish {神っぽいな},7:55:45,Mich,донат,атлична- (хорошечно+),,,,
"39) Hirano Yoshihisa — Requiem Aranea! (Genei Ryodan Theme) [OST 2, Hunter x Hunter (2011) / Охотник х Охотник (2011)]",8:04:10,Alexeyorik,долг Х2,атлична,Аниме,,,
40) Aqua Timez — Mayonaka no Orchestra [16 ED Naruto: Shippuuden / Наруто: Ураганные хроники],8:08:55,HoneyDed 😈,донат,хорошечно,Аниме,,,
41) Deer Club — Shikairo Days {シカ色デイズ} [1 OP Shikanoko Nokonoko Koshitantan / Моя подруга-олениха Нокотан],8:19:50,Svd_bb,донат,хорошечно+ (АААААААААААААА),Аниме,,,
"42) Hirano Yoshihisa — In The Palace ~ Lamentoso / In The Palace ~ Agitato [OST, Hunter x Hunter 2011 / Охотник х Охотник 2011]",8:32:50,Alexeyorik,долг Х2,атлична,Аниме,,,
43) Vaundy — Shiwaawase {しわあわせ},8:41:50,HoneyDed 🔱,донат,атлична-,,,,
"44) Jesper Kyd — Main Menu Scene [OST, Hitman: Contracts]",8:49:40,Alex Newton,донат,хорошечно+,Игра,,,
"45) Kevin Penkin — The First Layer [OST 2, Made in Abyss / Созданный в Бездне]",8:57:45,Alexeyorik,долг Х2,хорошечно+,Аниме,,,
46) Ado — New Genesis {新時代 / Shinjidai} [UTA from One Piece Film: Red / Ван-Пис: Красный],9:03:20,Mich,донат,хорошечно+,Аниме,,,
"47) Marcin Przybyłowicz — The Trail [OST, The Witcher 3: Wild Hunt]",9:11:30,HoneyDed 🔥,донат,атлична+,Игра,,,
"48) Hirano Yoshihisa — Elegy of the Dynast [OST, Hunter x Hunter 2011 / Охотник х Охотник 2011]",9:30:20,Alexeyorik,долг Х2,атлична-,Аниме,,,
"49) Jesper Kyd — Main Title [OST, Hitman: Blood Money]",9:36:30,Alex Newton,донат,атлична-,Игра,,,
"50) Ado — RuLe {ルル} [OST, Дорама: Billion x School, 2024]",9:46:30,Mich,донат,гениально-,Фильм,,,
51) Eve — Insomnia {インソムニア},9:54:50,Svd_bb,донат,атлична,,,,
52) Stella Jang — Villain {빌런},10:05:30,MrPsarik,донат,гениально-,,,,
"53) Evanescence — Bring Me to Life [OST, Daredevil / Сорвиголова, 2003]",10:14:55,HoneyDed 😈😈😈,донат,атлична,Фильм,,,
54) Tn-shi — Synthesis,10:26:05,Феликс Аргайлов,донат,атлична,,,,
55) Ado — Gira Gira {ギラギラ},10:37:00,Mich,донат,атлична,,,,
56) yama — Mahi {麻痺} [1 Opening 2.43: Seiin High School Boys Volleyball Team / Волейбольный клуб старшей школы Сэйин],10:47:40,Svd_bb,донат,атлична,Аниме,,,
57) Alex Newton — Take On Me (Live Vocal Cover; Original: a-ha),11:00:05,Alex Newton,донат,,,,,
СТРИМ №8 (11.07.24),,2) https://boosty.to/faryma.composer/posts/3aa57ed8-3d2e-43d7-828c-fee3e7c88cde?share=post_link,,,,,,
ДОЛГОВОЙ, , ,,,,,,
"1) Elisa Rosselli — Full Believix Transformation [OST, Winx Club Season 5 / Клуб Винкс]",8:35,Sendy Polaris,долг Х2,ну такое+ (хорошечно ради девчушек),,,,
2) Wowaka feat. Hatsune Miku — Rolling Girl {ロ—リンガ—ル},20:10,Макс Ахметов,долг Х2,хорошечно-,,,,
3) 65daysofstatic — Radio Protector,31:10,elovir,долг,хорошечно,,,,
4) Charlie Zhou Shen — The Answer to Everything (Tian Guan Ci Fu Animatic) [ED Miao Xiansheng / Господин Мяо],41:35,Yun,долг Х2,атлична,Аниме,,,
5) Lost Horizon — Lost in the Depths of Me,51:00,Anonymous,долг Х2,ну такое,,,,
"6) Taishi feat. Mitose Noriko — Innocencia [OST, Demonion 2]",1:06:55,f1nvarra,долг,атлична,Игра,,,
7) Azumi Takahashi feat. Lotus Juice — Full Moon Full Life [OP Persona 3 Reload],1:23:15,fortchka,долг Х2,атлична-,Игра,,,
8) Tan Jing — Guiyu Chen {归于尘} [1 ED Tian Guan Ci Fu 2nd Season / Благословение небожителей 2],1:33:50,Yun,долг Х2,хорошечно+,Аниме,,,
9) Eve — Dramaturgy {ドラマツルギ— / Драматургия},1:43:40,Svd_bb,долг,гениально - - (атлична),,,,
10) Eve — As You Like It {お気に召すまま / Как тебе будет угодно},2:07:10,Svd_bb,долг Х2,хорошечно++ (атлична),,,,
11) Jeff Chang — Wu Bie [1 OP Tian Guan Ci Fu / Благословение небожителей],2:14:55,Yun,долг Х2,хорошечно,Аниме,,,
12) Lapix feat. Kanae Asaba — Live Nor Die,2:27:15,f1nvarra,долг,ну такое (хорошечно),,,,
"13) Milet — inside you [OP, Дорама Queen | Scandal Senmon Bengoshi Queen]",2:39:00,Enotishe,долг Х2,атлична,Фильм,,,
14) Bird Bone — Пустота,2:46:25,Anonymous,долг Х2,хорошечно-,,,,
15) Shiro Sagisu — Nothing can be explained [12 OST Bleach / Блич],2:54:40,Alexeyorik,долг,атлична - -,Аниме,,,
16) Sawano Hiroyuki feat. Aimer — I-mage,3:02:15,Enotishe,долг Х2,хорошечно,,,,
"17) Shiro Sagisu — Clavar La Espada (ПОВТОР: Стрим №7; 35 трек от ""kvin"") [3 OST Bleach / Блич]",3:14:45,Владимир Байкалов,повтор,хорошечно-,Аниме,,,
"18) HOYO-MiX — Die Mittsommernacht-Fantasie (Battle) [OST, Genshin Impact]",3:21:55,Letta,долг,хорошечно,Игра,,,
19) Jin feat. Matsuyama Kouta — Lost Time Memory {ロスタイムメモリ—} [2 ED ep 8 Mekakucity Actors / Актёры ослеплённого города],3:34:50,@Atomik0o,долг Х2,атлична-,Аниме,,,
20) Sawano Hiroyuki feat. LiSA — narrative [Ending Kidou Senshi Gundam NT / Мобильный воин Гандам: Нарратив],4:01:55,Enotishe,долг Х2,хорошечно+,Аниме,,,
21) Akatsuki Records — The Haunted Castle (2022 Remaster),4:13:40,Art,долг,атлична+,,,,
22) Goose House — Hikaru Nara {光るなら} [1 OP Your Lie in April / Твоя апрельская ложь],4:24:35,AndrLord,долг Х2,хорошечно+,Аниме,,,
"23) Borislav Slavov — Raphael's Final Act [OST, Baldur's Gate 3]",4:35:10,Alexeyorik,долг Х2,атлична-,Игра,,,
24) CMH x ЮГ 404 x ФРИК ПАТИ — MILF MONEY,4:45:10,Эрен Йегер,долг,хорошечно - (кринж шедевр),,,,
25) Mili — Rightfully [1 OP Goblin Slayer / Убийца гоблинов],4:50:40,AndrLord,долг Х2,атлична,Аниме,,,
26) Marchin Przybylowicz — Ladies of the Woods [Witcher 3 OST],4:59:45,Alexeyorik,долг Х2,атлична+,Игра,,,
27) Marchin Przybylowicz — Child Of The Elder Blood [Witcher 3 OST],4:59:45,Alexeyorik,долг Х2,атлична+,Игра,,,
28) MORGENSHTERN — NOMINALO,5:06:20,Эрен Йегер,долг,хорошечно+,,,,
29) Point Break Candy feat. Raney Shockne & COS & CONWAY  — Hole In The Sun [Cyberpunk 2077],5:13:55,Alexeyorik,долг Х2,хорошечно,Игра,,,
30) Rammstein — Mein Herz Brennt {Моё сердце горит!},5:22:25,Sendy Polaris,долг Х2,гениально-,,,,
"31) Borislav Slavov — I Want to Live [OST, Baldur's Gate 3]",5:32:50,Alexeyorik,долг Х2,атлична,Игра,,,
32) MYTH&ROID — STYX HELIX (OFFICIAL) [1 ED Re:Zero - Жизнь с нуля в альтернативном мире],5:39:50,Astolphik,долг,атлична-,Аниме,,,
33) Carpenter Brut — Division Ruine,5:49:10,Anonymous,долг Х2,хорошечно,,,,
СТРИМ №7 (06.07.24),,2) https://boosty.to/faryma.composer/posts/aac401c1-fdd0-4939-9872-d9ac4f16bb0d,,,,,,
"1) Mikhail Kostylev — Castle [OST, Royal Quest] ",12:55,Zark,донат,хорошечно-,Игра,,,
2) ReoNa — Nai Nai {ないない} [1 ED Shadows House / Дом теней],20:25,Japan,долг,атлична+,Аниме,,,
3) Falling In Reverse — Last Resort (Reimagined),34:20,HoneyDed,донат,атлична - -,,,,
"4) Kami-sama, Boku wa Kizuiteshimatta — UNHAPPY CLUB",46:05,Никита Ескин,долг,атлична - - (хорошечно),,,,
"5) Deliquent Habits — Return of the Tres (Remix) [OST, Total Overdose]",57:00,Zark,донат,хорошечно+,Игра,,,
6) Minami — Kawaki wo Ameku {Crying for Rain} (ПОВТОР: Стрим №1; 16 трек) [1 OP Domekano / Домашняя подружка] ,1:04:40,Japan,повтор,гениально-,Аниме,,,
7) Falling In Reverse — Popular Monster,1:16:15,HoneyDed,донат,атлична,,,,
"8) Piotr Musiał — The City Must Survive [OST, Frostpunk]",1:25:35,Otoko,долг,хорошечно,Игра,,,
9) The BossHoss — Word Up (Cover; Original: Cameo),1:37:15,Zark,донат,атлична - - (ЭТО КАНТРИИИИИИ),,,,
10) Official HIGE DANdism — Cry Baby [1 OP Tokyo Revengers / Токийские мстители],1:48:15,Japan,долг,атлична+,Аниме,,,
11) MY FIRST STORY — CHiLD -error-,2:15:05,HoneyDed,донат,хорошечно ++,,,,
12) Hiroshi Kitadani — We Are! [1 OP One Piece / Ван-Пис / Большой куш],2:26:30,Verysloypok,долг,атлична ,Аниме,,,
13) Egor Fedotov — Dusk Forest (Mortok Theme) [Royal Quest OST],2:33:45,Zark,донат,хорошечно-,Игра,,,
"14) Keigo Hoashi — Amusement Park {遊園施設} (ПОВТОР: Стрим №4.2; 21 трек от ""Кто-то"") [OST, NieR: Automata]",2:42:25,Japan,повтор,атлична-,Игра,,,
15) Itowokashi — Aoi Honoo [1 ED Black Clover / Чёрный клевер],2:53:00,HoneyDed,донат,хорошечно +,Аниме,,,
16) Aespa — Armageddon,3:06:55,Kanashy Girl,долг,атлична,,,,
"17) Dai — Birth and Death [OST, Higurashi no Naku Koro ni Kai / Когда плачут цикады: Ритуал]",3:17:15,Monstrrro,донат,хорошечно+,Аниме,,,
18) YUI — again [1 OP Fullmetal Alchemist: Brotherhood / Стальной алхимик: Братство],3:29:10,Japan,долг,отлично-,Аниме,,,
19) SWANKY DANK — Amazing Dreams [2 ED Black Clover / Чёрный клевер],3:37:20,HoneyDed,донат,хорошечно,Аниме,,,
20) Red Velvet — Zoo,3:48:00,Kanashy Girl,долг,хорошечно+,,,,
"21) Koji Kusanagi — Gear [OST, Higurashi no Naku Koro ni / Когда плачут цикады]",3:55:35,Monstrrro,донат,хорошечно - -,Аниме,,,
"22) Joe Hisaishi — A Journey [OST, The Wind Rises / Ветер крепчает]",4:06:45,Alexeyorik,долг,гениально -,Аниме,,,
23) Kalafina — To the Beginning [1 OP Fate/Zero 2nd Season / Судьба/Начало 2],4:16:45,Japan,долг,хорошечно,Аниме,,,
24) SID — Ranbu no Melody [13 OP Bleach / Блич],4:28:45,HoneyDed,донат,хорошечно,Аниме,,,
25) ATLANTIS AIRPORT — Eiga no naka no dekigoto {映画の中の出来事},4:36:30,Расстроенная гитара,долг,хорошечно-,,,,
"26) karegyu (oi) — Festivals {祝祭} [OST, Higurashi no Naku Koro ni Kai / Когда плачут цикады: Ритуал]",5:04:35,Monstrrro,донат,хорошечно (без комментариев),Аниме,,,
27) YOASOBI — Yuusha {勇者} [1 OP Sousou no Frieren / Провожающая в последний путь Фрирен],5:15:50,Japan,долг,отлично+,Аниме,,,
28) Ado — Show {唱},5:28:55,МичБич,донат,гениально,,,,
29) KNOWER — Overtime (Live Band Sesh),5:40:35,MrPsarik,долг,хорошечно+,,,,
30) Minori Chihara — Michishirube {みちしるべ} [1 ED Violet Evergarden / Вайолет Эвергарден],5:54:10,Monstrrro,донат,хорошечно,Аниме,,,
"31) The Danish National Symphony Orchestra — For A Few Dollars More (Live) [OST, For a Few Dollars More / За пригоршню долларов]",6:07:25,kvin,долг,гениально - (за культовость),Фильм,,,
32) Alex Newton — Собственная песня #7,6:17:15,Alex Newton,донат,БДСМ ШЕДЕВР,,,,
33) BTS — MIC Drop,6:29:00,kvin,долг,хорошечно+,,,,
34) ZUTOMAYO — Nouri Ue no Cracker {脳裏上のクラッカ—},6:42:45,Svd_bb,донат,отлично+,,,,
35) Shiro Sagisu — Clavar La Espada [3 OST Bleach / Блич],6:54:30,kvin,долг,хорошечно-,Аниме,,,
36) Alex Newton — Собственная песня #8,7:12:10,Alex Newton,донат,хорошечно (НЕ БДСМ ШЕДЕВР),,,,
37) Hiroshi Kitadani — Ussu! {あ——っす!} [26 OP One Piece / Ван-Пис / Большой куш],7:22:10,Astolphik,долг,гениально,Аниме,,,
38) Wagakki Band — Senbonzakura {千本桜},7:33:45,igorin,донат,хорошечно-,,,,
39) MORGENSHTERN — BALANCE,7:43:40,Эрен Йегер,долг,ну такое,,,,
"40) A-ha — Summer Moved On (Live at Oslo Spektrum, december 4 2010 014)",7:49:30,Alex Newton,донат,отлично-,,,,
"41) Shiro Sagisu — Bleach TYBW Theme [OST, Bleach: Thousand-Year Blood War Part 2 / Блич: Тысячелетняя кровавая война — Прощание]",8:02:35,Антон Хозаров,долг,отлично-,Аниме,,,
42) Nobuo Uematsu — Orc: Let the Battles Begin! {Battle Medley} (Extended) [Final Fantasy VII Remake OST],8:13:10,John Frost,донат,хорошечно,Игра,,,
43) CHiCO with HoneyWorks — Bouken no VLOG {冒険のVLOG} [1 ED Edens Zero / Нулевой Эдем],8:18:45,Sendy Polaris,долг,хорошечно+,Аниме,,,
СТРИМ №6 (30.06.24),,2) https://boosty.to/faryma.composer/posts/9e6bb8a2-b7e9-4b5b-9dce-b886694ac97e,,,,,,
БЛАГОТВОРИТЕЛЬНЫЙ,, ,,,,,,
"1) Lind Erebros — Dynasty Dojo Theme [OST, Shadow Fight 3]",12:45,@Sealong_keeper,очередь,хорошечно,Игра,,,
"2) Dmitry V. Silantyev — Lord of the Dead [OST, Pathfinder: Wrath of the Righteous]",21:15,@Magnus_Evermann,очередь,атлична,Игра,,,
3) Stratovarius — The Lost Saga,35:15,@Ernisev,очередь,хорошечно+,,,,
4) DOES — KNOW KNOW KNOW (17 Opening) [Gintama / Гинтама],51:05,iromzy1337,очередь,хорошечно-,Аниме,,,
"5) Sān-Z & HOYO-MiX — Come Alive [OP Theme, Zenless Zone Zero]",58:20,R O N I N,очередь,атлична +,Игра,,,
6) Shinku Horou — Niji {真空ホロウ} [28 ED Naruto: Shippuuden / Наруто: Ураганные хроники],1:14:15,@murmuryeux,очередь,атлична,Аниме,,,
"7) Nothing, nowhere. — ER4SER",1:23:35,@zhenyaHD,очередь,атлична-,,,,
8) Shiro Sagisu — Battle Ignition [1 OST Bleach / Блич],1:30:50,@sergogaimer,очередь,хорошечно,Аниме,,,
9) Serial TV drama — Togenkyo Alien [9 OP Gintama / Гинтама],1:36:10,@Sadierre,очередь,атлична - -,Аниме,,,
"10) Yasuharu Takanashi — Erza no Theme [OST, Fairy Tail / Хвост феи]",1:42:20,@real4aren,очередь,атлична -,Аниме,,,
11) FallenSxde — DAISUKE,2:06:05,@snowxxx1,очередь,хорошечно-,,,,
"12) Tetsuya Shibata — Devils Never Cry (Staff Roll) [OST, Devil May Cry 3]",2:12:35,@dange0nmster,очередь,хорошечно +,Игра,,,
"13) Ludwig Göransson — Main Theme [OST, The Mandalorian]",2:29:20,@Pokito_S,очередь,гениально - -,Фильм,,,
14) Ashnikko feat. VALORANT Music — Fire Again,2:40:15,@Sasha228308,очередь,отлично-,Игра,,,
15) Yuyoyuppe feat. Natsuki Karin — Datte ,2:48:20,@cwaintto,очередь,атлична,,,,
"16) Recremate — F.A.T.E (Single, 2023)",2:56:40,K,очередь,ну такое+,,,,
17) MAN WITH A MISSION — My Hero [OP Inuyashiki / Инуясики],3:11:15,@Greykon,очередь,гениально - -,Аниме,,,
"18) Yuka Kitamura — Ludwig, The Holy Blade (Phase 2) [OST, Bloodborne: The Old Hunters]",3:21:30,@C10H15N,очередь,атлична - -,Игра,,,
19) Дайте танк (!) — Слова-паразиты [Мюзикл],3:34:20,@Sasandhin,очередь,гениально-,,,,
"20) Casey Edwards & Victor Borba — Bury the Light (Vergil's Battle Theme) [OST, Devil May Cry 5]",3:50:30,@Fusrodaaah,очередь,хорошечно +,Игра,,,
21) Yoko Oginome — Dancing Hero (Eat You Up),4:14:35,Станислав Ткаченко,очередь,хорошечно,,,,
22) Vaundy feat. Cory Wong — Todome no Ichigeki {トドメの一撃} [ED Spy x Family Season 2 / Семья шпиона 2],4:22:20,@darthspectrumm,очередь,хорошечно+,Аниме,,,
23) Lind Erebros — Ancient Crypt {Undead Crypt} [Royal Quest OST; Kings Bounty OST],4:31:50,@LedByLight,очередь,хорошечно-,Игра,,,
24) Red Velvet — Wildside,4:36:45,@Kanashy_Girl,очередь,атлична+,,,,
25) Hiroaki TOMMY Tominaga — JoJo ~Sono Chi no Sadame~ [1 OP JoJo's Bizarre Adventure / Невероятное приключение ДжоДжо 2012],4:46:35,@Chungikchick,очередь,атлична (гениально),Аниме,,,
26) Hitomi Takahashi feat. Beat Crusaders — Woo Ai Nii [14 ED Gintama / Гинтама],4:53:50,@Rayels66,очередь,хорошечно,Аниме,,,
СТРИМ №5 (29.06.24),,2) https://boosty.to/faryma.composer/posts/722f561f-58d8-4e97-b3c3-2299932a3ff5?share=post_link,,,,,,
1) GALNERYUS — ANGEL OF SALVATION (OFFICIAL MUSIC VIDEO),13:55,Monstrrro,донат,,,,,
2) Aimer — Ninelie [1 ED Koutetsujou no Kabaneri / Кабанэри железной крепости],35:30,igorin,долг,,Аниме,,,
3) Polyphia — Playing God (Official Music Video),47:00,Rettsu,донат,,,,,
4) Samuel Kim — Thunderclap and Flash (Zenitsu Theme V2; Cover; Original: Yuki Kajiura) [Demon Slayer: Kimetsu no Yaiba OST],58:05,kvin,долг,,Аниме,,,
5) Alex Newton — Собственная песня #3,1:12:10,Alex Newton,донат,,,,,
"6) Yugo Kanno — il vento d'oro [OST, Giorno Giovanna; JoJo's Bizarre Adventure: Golden Wind / Невероятное приключение ДжоДжо: Золотой ветер]",1:21:30,kvin,долг,,Аниме,,,
7) James Shimoji — Yellow Line [Redline OST],1:41:05,Velik,донат,,Аниме,,,
8) HOYO-MiX — Harmonious Choir: The Great Septimus [Honkai: Star Rail 2.2 OST],1:55:10,Zark,долг,,Игра,,,
9) Alex Newton — Собственная песня #4,2:09:40,Alex Newton,донат,,,,,
10) QUEENDOM — Chitty Chitty Bang Bang [1 OP Ya Boy Kongming! / Тусовщик Кунмин],2:22:50,Летта,долг,,Аниме,,,
"11) Takahiro Obata — 63194 [OST, Emma's Theme; The Promised Neverland / Обещанный Неверленд]",2:30:10,Monstrrro,донат,,Аниме,,,
12) Erik Satie — Gnossienne No.1,2:37:05,Erik Satie,долг,,,,,
"13) Vladimir Bulaev — Melancholy [OST, Tiny Bunny]",2:42:55,Monstrrro,донат,,,,,
"14) Aimer — I beg you [OST, Fate/Stay Night: Heaven's Feel II / Судьба/Ночь схватки: Прикосновение небес 2]",2:49:10,Alexeyorik,долг,,Аниме,,,
15) Alex Newton — Собственная песня #5,3:16:00,Alex Newton,донат,,,,,
16) Toshihiko Sahashi — Majin and the Forsaken Kingdom [OST],3:29:40,EnterLucky,долг,,Игра,,,
"17) Juwon ""Joseba"" Park — THE LAST RUMBA (M/V)",3:39:10,Rettsu,донат,,,,,
18) Abingdon Boys School — Dress (Cover; Original: BUCK-TICK) [1 OP Trinity Blood / Кровь Триединства],3:49:30,Nagisa Shiota,донат,,Аниме,,,
"19) Nano — No pain, No game [1 OP Btooom! / Взрыв!]",4:00:05,Enter Lucky (Erly),долг,,Аниме,,,
20) BUCK-TICK — Dress {ドレス} [1 OP Trinity Blood / Кровь Триединства],4:11:40,Nagisa Shiota,очередь,,Аниме,,,
"21) DM DOKURO — Roar of The Jungle Dragon (Theme of Jungle Dragon, Yharon, Phase 2) [Terraria Calamity Mod Music]",4:24:50,EnterLucky,долг,,Игра,,,
22) Steve Aoki feat. League of Legends — REMIX RUMBLE,4:34:55,Rettsu,донат,,Игра,,,
23) ZUTOMAYO — DARKEN (MV; Original Animation),4:42:05,Svd_bb,долг,,,,,
24) Alex Newton — Собственная песня #6,4:53:30,Alex Newton,донат,,,,,
25) Friday Night Plans — Plastic Love (Cover; Original: Mariya Takeuchi),5:04:40,Rettsu,донат,,,,,
26) Milet — Anytime Anywhere [1 ED Sousou no Frieren / Провожающая в последний путь Фрирен],5:14:00,AndrLord,долг,,Аниме,,,
"27) The Danish National Symphony Orchestra — The Good, the Bad and the Ugly (Live) [OST, The Good, the Bad and the Ugly / За пригоршню долларов]",5:23:40,kvin,донат,,Фильм,,,
28) Mrs. GREEN APPLE — Inferno {インフェルノ} [1 OP Fire Force / Пламенная бригада пожарных],5:32:50,AndrLord,долг,,Аниме,,,
29) Yanni — The Storm [Yanni Live! The Concert Event],5:41:50,Rettsu,донат,,,,,
"30) Tanya Chua — Nightglow [OST, Honkai Impact 3 / MAD, W.S]",5:48:50,Летта,долг,,Игра,,,
31) Димаш — STRANGER (Новая Волна 2021),6:10:05,Rettsu,донат,,,,,
32) Masayoshi Oishi — SHINDA! [1 OP The Hero Is Dead! / Герой мёртв!],6:25:05,AndrLord,долг,,Аниме,,,
33) A-ha — Manhattan Skyline (Live in NRK 1991),6:33:35,Alex Newton,донат,,,,,
"34) Lida, Серёга Пират — ЧСВ (Сингл, 2024)",6:42:50,Эрен Йегер,долг,,,,,
35) OxT — Silent Solitude [1 ED Overlord III / Повелитель 3],6:49:25,HoneyDed,донат,,Аниме,,,
36) Nobuo Uematsu — Dancing Mad (Symphonic Arrange) [Final Fantasy VI],6:58:00,Regeci,долг,,Игра,,,
37) MYTH & ROID — HYDRA [1 ED Overlord II / Повелитель 2],7:10:45,HoneyDed,донат,,Аниме,,,
38) Nobuyoshi Sano feat. Eriko Hatsune — B Route Credits - Exhausted {Изнеможение / Growing Wings / Tsukiru / 尽きる} [OST; Drakengard / Drag-On Dragoon],7:20:00,Regeci,долг,,Игра,,,
39) Lyn Inaizumi — Rivers In the Desert [Persona 5 OST 100],7:29:55,Rettsu,донат,,Игра,,,
"40) Roger Waters — Perfect Sense, Part II",7:36:40,Btw352,долг,,,,,
41) Ado — unravel (Cover; Original: TK from Ling Tosite Sigure; LIVE 2023.8.30) [1 OP Tokyo Ghoul / Токийский гуль],7:41:40,Mich,донат,,Аниме,,,
42) Neon Haze — Circus Minimus (98.7 Body Heat Radio) [Cyberpunk 2077 Soundtrack],7:50:20,Alexeyorik,долг,,Игра,,,
43) Mystikal — Smashing the Gas (Get Faster) [Need For Speed Underground OST],7:54:50,Rettsu,донат,,Игра,,,
44) HELVEGEN — Тризна,7:59:50,Alexeyorik,долг,,,,,
"45) Ramin Djawadi — Light of the Seven [OST, Game of Thrones / Игра престолов]",8:04:05,Monstrrro,донат,,Фильм,,,
СТРИМ №4 (22.06.24),,2) https://boosty.to/faryma.composer/posts/52eb5a56-1ef6-47ea-bddd-7f6f321b431f,,,,,,
"10) ZUN — Reach for the Moon, Immortal Smoke {月まで届け、不死の煙} (Mokou's Theme) [OST; Touhou 8: Imperishable Night / Touhou Eiyashou ~ Imperishable Night]",3:35,Yokonoumi123,долг,,Игра,,,
11) Aoba Ringo — Rakuen no Tobira {楽園の扉} [Euphoria OST],14:30,Monstrrro,донат,,Игра,,,
"12) Li Xinyi — One Flower, One Sword {Цветок и меч / Yi Hua Yi Jian / 一花一剑} [ep 1; 1 Ending Tian Guan Cifu / Heaven Official's Blessing / Благословение небожителей]",26:50,Yun,долг,,Аниме,,,
13) dai & xaki feat. Eiko Shimamiya — You -Graduation- {You -Sotsugyou- / You -卒業} [ep 15; OST; Когда плачут цикады: Выпускной / Higurashi: When They Cry – SOTSU],36:35,Monstrrro,донат,,Аниме,,,
14) Motoi Sakuraba — Vordt of the Boreal Valley [OST; Dark Souls III / Dark Souls 3],1:03:15,dzahaines,донат,,Игра,,,
15) Roger Waters — The Tide Is Turning(After Live Aid) (Live),1:14:25,xD,долг,,,,,
16) Hayato Matsuo — Dog Shit {狗の糞} [OST BLACK DOG; Hellsing Ultimate / Хеллсинг OVA],1:23:40,dzahaines,донат,,Аниме,,,
17) BLACKMORE'S NIGHT — Ghost of a Rose (Official Audio Video),1:32:35,MrPsarik,долг,,,,,
18) Miyuki Nakajima — Shinon {Звук сердца / 心音} [Ending Maboroshi / Фабрика иллюзий Алисы и Терезы],1:43:35,Monstrrro,донат,,Фильм,,,
19) Vaundy — Hadaka no Yusha {Naked Hero / 裸の勇者} (ПОВТОР: Стрим №2; 10 трек от igorin) [2 Opening Ranking of Kings / Рейтинг короля],1:55:35,Sugar Daddy,повтор,,Аниме,,,
20) Alex Newton — Собственная песня #1,2:02:05,Alex Newton,донат,,,,,
21) Keigo Hoashi — Amusement Park [NieR: Automata OST],2:10:55,Кто-то,долг,,Игра,,,
"22) Shiro Sagisu feat. Arianne Schreiber — Komm, süsser Tod {Приди, сладкая смерть / Come, Sweet Death} [OST; Евангелион нового поколения: Конец Евангелиона / Neon Genesis Evangelion: The End of Evangelion]",2:27:40,dzahaines,донат,,Аниме,,,
23) Турбогроб — Могила,2:42:20,MrPsarik,долг,,,,,
24) Alex Newton — Собственная песня #2,2:51:30,Alex Newton,донат,,,,,
"25) MORGENSHTERN — ПОЙДЕТ (Веселый Клип, 2023)",3:04:05,Эрен Йегер,долг,,,,,
26) Paul Romero & Rob King — Main Menu [OST; Heroes of Might and Magic V / Герои меча и магии V],3:11:45,Monstrrro,донат,,Игра,,,
27) Jimin & BTS — Filter,3:23:30,dzahaines,донат,,,,,
"28) Mami Kawada — Contrail ~Kiseki~ {Contrail ～軌跡～} [1 Opening Aokana: Four Rhythm Across the Blue / Четыре ритма сквозь синеву: За небо, в небосвод]",3:29:55,Sendy Polaris,донат,,Аниме,,,
29) Vickeblanka — Black Rover [3 Opening Black Clover / Чёрный клевер],3:51:30,igorin,донат,,Аниме,,,
"30) Cho Young-Wuk — Farewell, My Lovely [OST; Oldboy / Олдбой]",4:04:10,dzahaines,донат,,Фильм,,,
31) Ryokuoushoku Shakai — Be a flower {Hana ni Natte / 花になって} [1 Opening The Apothecary Diaries / Монолог фармацевта],4:15:15,igorin,донат,,Аниме,,,
32) BTS feat. Halsey — Boy With Luv,4:25:50,dzahaines,донат,,,,,
33) Mayu Maeshima — No Man's Dawn [1 Ending Overlord IV / Повелитель 4],4:34:25,HoneyDed,донат,,Аниме,,,
34) The Caretaker — It's just a burning memory (2016),4:45:40,dzahaines,донат,,,,,
35) theHumanChord — Blood and Wine (Marcin Przybyłowicz - Blood and Wine; Piano Cover) [OST; The Witcher 3: Wild Hunt – Blood and Wine / Ведьмак 3: Дикая Охота — Кровь и вино],4:53:10,Максим Мухтаров,донат,,Игра,,,
36) C418 — Mice on Venus (Minecraft Volume Alpha) [OST; Minecraft / Майнкрафт],5:02:00,dzahaines,донат,,Игра,,,
"37) British Sea Power — Whirling Cafeteria(Day) {Whirling-In-Rags, 8am} [Disco Elysium OST]",5:15:45,Otoko,донат,,Игра,,,
"38) P. T. Adamczyk, Marcin Przybyłowicz, Paul Leonard-Morgan — The Rebel Path(Cello Version) [OST; Cyberpunk 2077 / Киберпанк 2077]",5:22:50,dzahaines,донат,,Игра,,,
39) The Chalkeaters feat. Black Gryph0n & PiNKII — Furrýmon: Gotta Smash 'Em All! (Animated Music Video),5:33:50,MrPsarik,донат,,,,,
"40) Mick Gordon — Menu Theme (HQ, File Rip) [OST; Doom 2016]",5:39:10,dzahaines,донат,,Игра,,,
41) The Chalkeaters feat. Natalia Natchan aka PiNKII — Doom Crossing: Eternal Horizons (Animated Music Video),5:50:55,Friendship is Magic,донат,,,,,
42) ALI — Wild Side [1 Opening Beastars / Выдающиеся звери],5:54:50,dzahaines,донат,,Аниме,,,
43) supercell — My Dearest [1 Opening Guilty Crown / Корона грешника],6:01:25,Astolphik,донат,,Аниме,,,
44) JerFlow — The Only Thing They Bury Is A Beautiful Light (Bury The Light / A Beautiful Song / The Only Thing They Fear Is You; mashup) [DOOM Eternal / Devil May Cry 5 / NieR: Automata],6:10:40,Darhalas,донат,,Игра,,,
СТРИМ №3 (22.06.24),,2) https://boosty.to/faryma.composer/posts/2e31d099-f2cf-4e78-8fa2-978d064aed69,,,,,,
"1) Satapan P feat. Miku Hatsune, Teto Kasane & Zundamon — YABABAINA {B-B-B Y I K E S!!! / ヤババイナ}",13:10,dzahaines,донат,,,,,
2) The Sus — Я удаляю (Lyric Video),26:35,Niko_Belli4,долг,,,,,
3) LieN — Flower on the Trails {轍に咲く花} [Fuga: Melodies of Steel OST],37:45,Monstrrro,донат,,Игра,,,
4) Akatsuki Records — Necromantic (ZUN - Desire Drive; Cover) [Touhou Project 13: Ten Desires OST],49:00,Art,долг,,Игра,,,
5) Alstroemeria Records feat. nomico — Bad Apple!! (ZUN - Bad Apple!!; 2014 REFIX; 10th Anniversary Bad Apple!!) [Touhou 4: Lotus Land Story OST],58:10,dzahaines,донат,,Игра,,,
6) HOYO-MiX feat. Jonathan Steingard — Wildfire [Honkai: Star Rail OST],1:07:45,Летта,долг,,Игра,,,
7) IOSYS feat. miko — Cirno's Perfect Math Class {チルノのパーフェクトさんすう教室} (Stage 2 Boss Theme; Eng Sub) [OST; Touhou Project 6: The Embodiment of Scarlet Devil / Touhou Koumakyou ~ The Embodiment of Scarlet Devil],1:23:45,Monstrrro,донат,,Игра,,,
8) Akeboshi — Wind (TV version) [1 Ending Naruto / Наруто],1:31:35,Anonymous,долг,,Аниме,,,
9) TeddyLoid feat. Daoko — ME!ME!ME!,1:40:00,dzahaines,донат,,,,,
СТРИМ №2 (15.06.24),,2) https://boosty.to/faryma.composer/posts/b3351482-03f4-4be0-b022-0b0b9a7ef940,,,,,,
"1) Rie Kugimiya, Yui Horie & Eri Kitamura — Pre-Parade {PURE PARE-DO / プレパレード} (сейю Taiga Aisaka, Minori Kushieda, and Ami Kawashima) [1 Opening Toradora! / Торадора!]",10:20,dzahaines,донат,хорошечно++,Аниме,,,
2) Pink Floyd — Echoes (Live at Pompeii; слушали частями),21:10,Андрей,долг,атлична,,,,
3) Cho Young-Wuk — Look Who Is Talking [OST; OldBoy / Олдбой],37:30,dzahaines,донат,атлична,Фильм,,,
4) THE RAMPAGE from EXILE TRIBE — DOWN BY LAW (Full ver) [2/24 Opening Fairy Tail: Final Series / Хвост Феи: Финал],43:40,Sendy Polaris,долг,атлична - -,Аниме,,,
5) Gen Hoshino — Create {創造} (посвященная 35-летию Super Mario Bros),56:50,dzahaines,донат,атлична-,Игра,,,
"6) Jeff Williams feat. Casey Lee Williams  — Red Like Roses(Red Trailer) [OST; RWBY / Красный, белый, чёрный, жёлтый]",1:08:50,F0rkhead,донат,хорошечно++,Аниме,,,
7) МУККА — Неон {Neon},1:18:40,Kuup,очередь,атлична-,,,,
8) MYTH & ROID — L.L.L. [1 Ending Overlord / Повелитель],1:25:40,dzahaines,донат,атлична-,Аниме,,,
"9) Old Gods of Asgard feat. Matthew Porretta & David Harewood — Herald of Darkness (голос Alan Wake, Mr. Door) [OST; Alan Wake II / Alan Wake 2]",1:35:25,Аноним,долг,атлична,Игра,,,
10) Vaundy — Hadaka no Yusha {Naked Hero / 裸の勇者} (Full Version) [2 Opening Ranking of Kings / Рейтинг короля],1:49:35,igorin,донат,гениально - -,Аниме,,,
11) Ludwig Göransson — Can You Hear the Music [OST; Oppenheimer / Оппенгеймер],1:57:20,dzahaines,донат,гениально,Фильм,,,
12) Игорь Назарук — Криминальная Россия (Вариация) [Криминальная Россия OST],2:25:15,Monstrrro,долг,атлична,Фильм,,,
13) Yuka Kitamura — Dark Souls III (Original Game Soundtrack) [OST; Dark Souls III / Dark Souls 3],2:30:25,dzahaines,донат,атлична,Игра,,,
14) Nobuo Uematsu — Advent: One-Winged Angel {Advent One-Winged Angel} (ACC Long Version) [OST; Final Fantasy VII: Advent Children Complete / Последняя фантазия 7: Дети пришествия — Полное издание],2:37:20,Eduardsemenov,долг,атлична,Игра,,,
15) King Gnu — SPECIALZ [2/4 Opening Jujutsu Kaisen 2nd Season / Магическая битва 2],2:48:50,dzahaines ,донат,атлична,Аниме,,,
16) Paradise City — Guns N' Roses,3:01:00,@LedByLight,донат,атлична,,,,
17) Kenshi Yonezu — KICK BACK {KICKBACK} [1 Opening Chainsaw Man / Человек-бензопила],3:09:30,dzahaines ,донат,гениально,Аниме,,,
18) Игорь Корнелюк — Казнь {The Execution} [OST; The Master and Margarita / Мастер и Маргарита],3:19:10,Monstrrro,донат,атлична+,Фильм,,,
19) Satapan P feat. Miku Hatsune — BAGOOOON!!!!! {ばごーーーん!!!!!},3:28:35,dzahaines ,донат,атлична+,,,,
"20) Taku Iwasaki — Libera me from Hell [OST; Tengen Toppa Gurren-Lagann / Гуррен-Лаганн, пронзающий небеса]",3:38:25,Monstrrro,донат,атлична - -,Аниме,,,
21) Игорь Корнелюк — Воланд {Voland} [OST; The Master and Margarita / Мастер и Маргарита],4:00:45,Monstrrro,донат,атлична+,Фильм,,,
22) TK from Ling Tosite Sigure — Tagatame {For Someone's Sake / Ta ga Tame / 誰我為} [1/12 Opening Boku no Hero Academia 7th Season / Моя геройская академия 7],4:09:00,SaiLLeD,донат,,Аниме,,,
23) Kenshi Yonezu — Shinigami {死神},4:20:15,dzahaines ,донат,,,,,
24) HANABIE. — WE LOVE SWEETS {МЫ ЛЮБИМ СЛАДОСТИ / 我甘党},4:31:15,F0rkhead,донат,,,,,
25) King Gnu — Hakujitsu {белый день / дневной свет / 白日} [OST; Innocence: False Accusation Lawyer / Невиновность: Адвокат по ложным обвинениям],4:41:10,Владимир Байкалов,донат,,Фильм,,,
"26) Fear, and Loathing in Las Vegas — Let Me Hear [1 Opening Parasite / Parasyte: The Maxim / Паразит: Учение о жизни]",4:52:00,Astolphik,донат,,Аниме,,,
27) Ilan Eshkeri — Jin Sakai [OST; Ghost of Tsusima / Призрак Цусимы],5:02:20,dzahaines ,донат,,Игра,,,
28) King Gnu — Prayer X [1 Ending Banana Fish / Банановая рыба],5:10:20,Monstrrro,донат,,Аниме,,,
29) London Philharmonic Orchestra — Somnus {сон} (Yoko Shimomura feat. Aundréa L. Hopkins - Somnus; Live Orchestra) [OST; Final Fantasy XV],5:18:10,dzahaines ,донат,,Игра,,,
30) Noisycell — Last Theater [1 Ending Death Parade / Парад смерти / Смертельный парад],5:25:30,Otoko,донат,,Аниме,,,
31) Nightwish — Storytime (OFFICIAL LIVE VIDEO),5:34:00,Максим Мухтаров,донат,,,,,
"32) MAXIMUM THE HORMONE — What's up, people?! {В чём дело, народ?!} [2 Opening Death Note / Тетрадь смерти]",6:01:35,dzahaines ,донат,,Аниме,,,
33) The Dresden Dolls — Girl Anachronism (Incomplete; Worm AMV),6:10:35,F0rkhead,донат,,,,,
"34) Aoi Yuuki — Ganbare! Kumoko-san no Thema {Ganbare! Kumoko-San / がんばれ！蜘蛛子さんのテーマ} (Сейю Watashi) [1 Ending So I'm a Spider, So What? / Да, я паук, и что же?]",6:16:50,Алексей Котляр,донат,,Аниме,,,
35) TK from Ling Tosite Sigure — Unravel(Acoustic Version) [1 Opening Tokyo Ghoul / Токийский гуль],6:29:55,dzahaines ,донат,,Аниме,,,
36) Yasuharu Takanashi — Fairy Tail Main Theme [OST; Fairy Tail / Хвост феи],6:40:55,Sendy Polaris,донат,,Аниме,,,
37) Nightmare — the WORLD {ザ ワールド} (Death Note AMV) [1 Opening Death Note / Тетрадь смерти],6:50:25,dzahaines ,донат,,Аниме,,,
38) exist†trace — TRUE,6:59:45,F0rkhead,донат,,,,,
39) UVERworld — Touch off [1 Opening The Promised Neverland / Обещанный Неверленд],7:11:05,dzahaines ,донат,,Аниме,,,
40) Clown Core — Computers,7:22:45,Friendship is Magic,донат,,,,,
41) ASA-CHANG & JUNRAY — Hana -a last flower- {花 -a last flower-} [1 Ending Aku no Hana / Flowers of Evil / Цветы зла],7:34:45,F0rkhead,донат,,Аниме,,,
42) Янукович — Остановитесь {Астанавитесь},7:39:20,dzahaines ,донат,,,,,
СТРИМ №1 (08.06.24),,2) https://boosty.to/faryma.composer/posts/6bd02903-2324-477e-977b-85d7d8028e92,,,,,,
1) Flaming Heart — Mint Eye (Rika's themes) [Mystic Messenger OST],7:55,Виктор Самаркин,донат,хорошечно-,Игра,,,
2) Wink Memories — Samishii Nettaigyo,18:30,Станислав Ткаченко,очередь,хорошечно,,,,
3) Carpenter Brut — Le Perv [Hotline Miami 2: Wrong Number OST],30:20,Виктор Терентьев,донат,атлична - -,Игра,,,
4) Two steps from hell — Earth Rising (Classics),39:20,maxcargitar Максим,очередь,атлична,,,,
5) Miley Cyrus — Violet Chemistry (Lyric video),50:30,Zark,донат,атлична-,,,,
6) Chris Christodoulou — …con lentitud poderosa [OST; Risk of Rain 2],58:45,TheEvilSonic,очередь,атлична,Игра,,,
7) Musia Totibadze — Не забуду тебя {I won’t forget you},1:06:00,Виктор Терентьев,донат,атлична-,,,,
8) Two steps from hell — All is hell that ends well,1:13:35,maxcargitar Максим,очередь,атлична-,,,,
9) Flow — Kaze no uta {Song of the Wind / 風ノ唄} [1 Opening Tales of Zestiria the Cross / Сказания Зестирии],1:22:20,Astolphik,донат,хорошечно+,Аниме,,,
10) Molotov — No Manches Mi Vida,1:32:10,LedByLight Денис,очередь,хорошечно+,,,,
11) Kai Rosenkranz  — The Final Melody [OST; Gothic 3],1:37:20,@rin_era Ирина,очередь,хорошечно-,Игра,,,
12) Sokoninaru — complicated system,1:41:45,Japan,донат,атлична-,,,,
13) Zard — Makenaide {Не сдавайся / 負けないで},1:51:40,Станислав Ткаченко,очередь,хорошечно,,,,
14) YOASOBI — Idol {Идол / アイドル} [1 Opening 'Oshi no Ko' / Звёздное дитя / Ребёнок идола],1:57:15,Zark,донат,гениально - -,Аниме,,,
15) TK from Ling Tosite Sigure — first death [8 Ending Chainsaw Man / Человек-бензопила],2:08:20,@deftOwnS Олександр,очередь,гениально - -,Аниме,,,
16) Ling tosite sigure — 24REVERSE,2:17:05,Алена Данилова,донат,хорошечно+,,,,
17) Danny Elfman & Russell Shaw — Fable Theme (Intro theme) [Fable OST],2:38:00,@Pokito_S,очередь,хорошечно++,Игра,,,
18) Kanako Ito — Hacking to the Gate [1 Opening Steins;Gate / Врата Штейна],2:44:00,MrPsarik,донат,хорошечно,Аниме,,,
19) Red Velvet — Kingdom Come,2:51:55,Kanashy Girl,очередь,атлична-,,,,
20) Paul Romero — Sea Theme [OST; Heroes Of Might And Magic IV / Герои меча и магии IV],3:00:00,Greg-FIl+,донат,атлична,Игра,,,
21) Kroi — Sesame [1 Opening Bucchigiri?! / Буттигири?! (2024г.)],3:04:25,MrPsarik,донат,атлична,Аниме,,,
22) OxT — Clattanoia [1 Opening Overlord / Повелитель],3:12:05,margarita__eller,очередь,атлична - -,Аниме,,,
23) Toby Fox — Big Shot (Deltarune Chapter 2) [Deltarune OST],3:19:35,Wh1skasa,донат,хорошечно+,Игра,,,
24) Lucasz Kapuscinski — Tristram Village (Seven/Twelve Strings Guitar) [Diablo OST],3:26:50,@mirmik,очередь,хорошечно++,Игра,,,
25) ASOBI — Daremo Karemo Dokomo Nanimo Shiranai {誰も彼も何処も何も知らない} [1 Ending Heavenly Delusion / Иллюзия рая / Великая небесная стена],3:33:05,MrPsarik,донат,атлична,Аниме,,,
26) mzlff — В абрикосовой долине {In The Apricot Valley},3:40:00,@desna_bez,очередь,хорошечно++,,,,
27) Hell — Clown Core,3:44:30,Friendship is Magic,донат,атлична+,,,,
28) Haruno Sora — みずとおちゃください (VOCALOID 5 Original song),3:48:20,@iiiaiiiaf,очередь,хорошечно - -,,,,
29) Tsukasa Saitoh — Cleric Beast (Soundtrack Recording Session; Behind the Scenes; PS4) [Bloodborne OST],3:55:50,@adronex Павел,донат,атлична,,,,
СТРИМ №0 (19.05.24),,2) https://boosty.to/faryma.composer/posts/3a923636-a3ff-4d33-bae4-22d4a4680529,,,,,,
1) Lind Erebros — Vampire Mansion [Royal Quest OST],5:10,Чат,очередь,хорошечно - -,Игра,,,
2) Ado — Usseewa {うっせぇわ},14:05,Чат,очередь,гениально - -,,,,
3) Brandon Fiechter — High Elves of Waterfall Sanctuary,24:45,Чат,очередь,нормас - -,,,,
4) Ling Tosite Sigure — This Is Is This?,33:30,Чат,очередь,атлична,,,,
5) BRADIO — Flyers [1 Opening Death Parade / Парад смерти / Смертельный парад],43:45,Чат,очередь,атлична,Аниме,,,
6) Hans Zimmer — Time [OST; Inception / Начало],55:00,Чат,очередь,атлична - -,Фильм,,,
7) QUEEN BEE — Mephisto [1 Ending 'Oshi no Ko' / Звёздное дитя / Ребёнок идола],1:09:20,Чат,очередь,хорошечно+,Аниме,,,
8) Poppy — X,1:18:40,Чат,очередь,атлична,,,,
9) Susumu Hirasawa — Gats {Guts / Gatsu} [4 OST; Kenpuu Denki Berserk / Берсерк],1:27:55,Чат,очередь,атлична,Аниме,,,
10) Two Steps From Hell — Blackheart,1:36:35,Чат,очередь,атлична-,,,,
11) TK from Ling Tosite Sigure — Signal [1 Opening 91 Days / 91 День],1:46:45,Чат,очередь,гениально - -,Аниме,,,
12) Mahiru Coda — LoveJetaime {Love Je t’aime / らぶじゅてーむ} [1 Ending Bucchigiri?! / Буттигири?! (2024г.)],2:06:50,Чат,очередь,атлична+,Аниме,,,
13) Petja Heiskanen —  New City Wars [TAGAP OST],2:15:20,Чат,очередь,ну такое,Игра,,,
14) William Joseph — Leningrad,2:19:40,Чат,очередь,атлична,,,,
15) BABYMETAL — Gimme Chocolate!! {Gimi Choko!! / ギミチョコ!!},2:28:05,Чат,очередь,хорошечно++,,,,
16) Minami — Kawaki wo Ameku {Crying for Rain / Kawakiwoameku / カワキヲアメク} [1 Opening Domekano / Домашняя подружка],2:35:45,Чат,очередь,гениально,Аниме,,,
17) Кассиопея — Верёвочка,2:43:30,Чат,очередь,атлична,,,,
